2026-08-21T06:47:29.801Z INFO  LIVE RUN: Moving files...
2026-08-21T06:47:29.832Z INFO  Scanning directory: /mnt/user/nas/3D Models/MZ4250 3D Miniature Models Aug 2026
2026-08-21T06:47:29.835Z INFO  ======================================================================
2026-08-21T06:47:29.856Z INFO  Moving: NEW_MZ4250_structure.txt → Reference_Docs/
2026-08-21T06:47:30.144Z INFO  Moving: Large Creature Size Marker.stl → ../Utility/Size Markers/
2026-08-21T06:47:30.154Z INFO  Moving: Large Creature Size Marker.stl → ../Utility/Size Markers/
2026-08-21T06:47:30.167Z INFO  Moving: Peryton 1 .stl → Monstrosity/
2026-08-21T06:47:30.180Z INFO  Moving: Peryton 2 presupported.stl → Monstrosity/
2026-08-21T06:47:30.193Z INFO  Moving: Peryton 2.stl → Monstrosity/
2026-08-21T06:47:30.230Z INFO  Moving: Medium Creature Flying Size Marker.stl → ../Utility/Size Markers/
2026-08-21T06:47:30.243Z INFO  Moving: Peryton 1  presupported.stl → Monstrosity/
2026-08-21T06:47:30.273Z INFO  Moving: Large Creature Flying Size Marker.stl → ../Utility/Size Markers/
2026-08-21T06:47:30.284Z INFO  Moving: Human Female Underwater Armorer Artificer presupported.stl → Aberration/
2026-08-21T06:47:30.295Z INFO  Moving: Human Female Underwater Armorer Artificer.stl → Aberration/
2026-08-21T06:47:30.305Z INFO  Moving: Medium Creature Flying Size Marker.stl → ../Utility/Size Markers/
2026-08-21T06:47:30.315Z INFO  Moving: Bugbear Barbarian 4 w bunny.stl → Beast/
2026-08-21T06:47:30.325Z INFO  Moving: Bugbear Barbarian 4 w bunny presupported.stl → Beast/
2026-08-21T06:47:30.338Z INFO  Moving: Human Male Bard 4 presupported.stl → Humanoid/Human/
2026-08-21T06:47:30.350Z INFO  Moving: Human Male Bard 5 presupported.stl → Humanoid/Human/
2026-08-21T06:47:30.362Z INFO  Moving: Human Male Bard 5.stl → Humanoid/Human/
2026-08-21T06:47:30.375Z INFO  Moving: Human Male Bard 6 presupported.stl → Humanoid/Human/
2026-08-21T06:47:30.387Z INFO  Moving: Human Female Bard 6.stl → Humanoid/Human/
2026-08-21T06:47:30.399Z INFO  Moving: Human Male Bard 7 presupported.stl → Humanoid/Human/
2026-08-21T06:47:30.411Z INFO  Moving: Human Male Bard 4.stl → Humanoid/Human/
2026-08-21T06:47:30.424Z INFO  Moving: Human Male Bard 7.stl → Humanoid/Human/
2026-08-21T06:47:30.436Z INFO  Moving: Human Male Bard 6.stl → Humanoid/Human/
2026-08-21T06:47:30.448Z INFO  Moving: Human Female Bard 6 presupported.stl → Humanoid/Human/
2026-08-21T06:47:30.461Z INFO  Moving: Human Female Bard 7 presupported.stl → Humanoid/Human/
2026-08-21T06:47:30.473Z INFO  Moving: Human Female Bard 7.stl → Humanoid/Human/
2026-08-21T06:47:30.813Z INFO  Moving: Snailfolk Bard w Bagpipes presupported.stl → Elemental/
2026-08-21T06:47:30.825Z INFO  Moving: Snailfolk Bard w Bagpipes.stl → Elemental/
2026-08-21T06:47:30.844Z INFO  Moving: Medium Sized Creature Flying Marker.stl → ../Utility/Size Markers/
2026-08-21T06:47:30.914Z INFO  Moving: Firbolg Female Druid Circle of Spores presupported.stl → Construct/
2026-08-21T06:47:30.925Z INFO  Moving: Firbolg Female Druid Circle of Spores.stl → Construct/
2026-08-21T06:47:30.953Z INFO  Moving: Large Creature Flying Marker.stl → ../Utility/Size Markers/
2026-08-21T06:47:30.964Z INFO  Moving: Werewolf Fighter.stl → Beast/
2026-08-21T06:47:30.975Z INFO  Moving: Triton Male Fighter Pirate w Squid Buddy presupported.stl → Beast/
2026-08-21T06:47:30.985Z INFO  Moving: Triton Male Fighter Pirate w Squid Buddy.stl → Beast/
2026-08-21T06:47:30.995Z INFO  Moving: Werewolf Fighter presupported.stl → Beast/
2026-08-21T06:47:31.007Z INFO  Moving: Sir Nacho presupported.stl → Unsorted/
2026-08-21T06:47:31.019Z INFO  Moving: Sir Nacho.stl → Unsorted/
2026-08-21T06:47:31.029Z INFO  Moving: Ratfolk Fighter.stl → Beast/
2026-08-21T06:47:31.085Z INFO  Moving: Large Creature Marker.stl → ../Utility/Size Markers/
2026-08-21T06:47:31.095Z INFO  Moving: Ratfolk Fighter presupported.stl → Beast/
2026-08-21T06:47:31.108Z INFO  Moving: Half Orc Chef Fighter presupported.stl → Humanoid/Human/
2026-08-21T06:47:31.121Z INFO  Moving: Half Orc Chef Fighter.stl → Humanoid/Human/
2026-08-21T06:47:31.187Z INFO  Moving: Small Creature Flying Marker.stl → ../Utility/Size Markers/
2026-08-21T06:47:31.199Z INFO  Moving: Female Dragonborn Paladin Cleric presupported.stl → Dragon/Chromatic/
2026-08-21T06:47:31.210Z INFO  Moving: Female Dragonborn Paladin Cleric.stl → Dragon/Chromatic/
2026-08-21T06:47:31.222Z INFO  Moving: Female Elf Paladin Cleric with Mace presupported.stl → Humanoid/Elf/
2026-08-21T06:47:31.234Z INFO  Moving: Female Elf Paladin Cleric with Sword.stl → Humanoid/Elf/
2026-08-21T06:47:31.246Z INFO  Moving: Female Elf Paladin Cleric with Mace.stl → Humanoid/Elf/
2026-08-21T06:47:31.259Z INFO  Moving: Halfling Cleric Paladin presupported.stl → Humanoid/Halfling/
2026-08-21T06:47:31.271Z INFO  Moving: Halfling Cleric Paladin.stl → Humanoid/Halfling/
2026-08-21T06:47:31.281Z INFO  Moving: Large Creature Flying Marker.stl → ../Utility/Size Markers/
2026-08-21T06:47:31.294Z INFO  Moving: Female Sun Paladin Cleric presupported.stl → Humanoid/Human/
2026-08-21T06:47:31.304Z INFO  Moving: Lion Folk Cleric Paladin.stl → Beast/
2026-08-21T06:47:31.316Z INFO  Moving: Firbolg Cleric Paladin presupported.stl → Humanoid/Human/
2026-08-21T06:47:31.329Z INFO  Moving: Firbolg Cleric Paladin.stl → Humanoid/Human/
2026-08-21T06:47:31.389Z INFO  Moving: Goblin  Cleric Paladin presupported.stl → Fey/
2026-08-21T06:47:31.401Z INFO  Moving: Goblin  Cleric Paladin.stl → Fey/
2026-08-21T06:47:31.411Z INFO  Moving: Lion Folk Cleric Paladin presupported.stl → Beast/
2026-08-21T06:47:31.424Z INFO  Moving: Tabaxi Cleric Paladin.stl → Humanoid/Human/
2026-08-21T06:47:31.434Z INFO  Moving: Large Creature Flying Marker.stl → ../Utility/Size Markers/
2026-08-21T06:47:31.444Z INFO  Moving: Medium Sized Creature Flying Marker.stl → ../Utility/Size Markers/
2026-08-21T06:47:31.453Z INFO  Moving: Medium Sized Creature Flying Marker.stl → ../Utility/Size Markers/
2026-08-21T06:47:31.532Z INFO  Moving: Kenku Ninja presupported.stl → Monstrosity/
2026-08-21T06:47:31.546Z INFO  Moving: Kenku Ninja.stl → Monstrosity/
2026-08-21T06:47:31.562Z INFO  Moving: Mousefolk Rogue presupported.stl → Elemental/
2026-08-21T06:47:31.573Z INFO  Moving: Mousefolk Rogue.stl → Elemental/
2026-08-21T06:47:31.687Z INFO  Moving: Small Creature Flying Size Marker.stl → ../Utility/Size Markers/
2026-08-21T06:47:31.736Z INFO  Moving: medium creature flying marker.stl → ../Utility/Size Markers/
2026-08-21T06:47:31.747Z INFO  Moving: Small Creature Flying Size Marker.stl → ../Utility/Size Markers/
2026-08-21T06:47:31.759Z INFO  Moving: Female Elven Bladesinger.stl → Unsorted/
2026-08-21T06:47:31.771Z INFO  Moving: Female Elven Bladesinger presupported.stl → Unsorted/
2026-08-21T06:47:31.783Z INFO  Moving: Human Male Wizard Bladesinger.stl → Humanoid/Human/
2026-08-21T06:47:31.795Z INFO  Moving: Human Male Wizard Bladesinger presupported.stl → Humanoid/Human/
2026-08-21T06:47:31.808Z INFO  Moving: Tortle Wizard Young.stl → Humanoid/Human/
2026-08-21T06:47:31.818Z INFO  Moving: Medium Creature Flying Size Marker.stl → ../Utility/Size Markers/
2026-08-21T06:47:31.828Z INFO  Moving: Small Creature Flying Size Marker.stl → ../Utility/Size Markers/
2026-08-21T06:47:31.841Z INFO  Moving: Tortle Wizard Young presupported.stl → Humanoid/Human/
2026-08-21T06:47:31.855Z INFO  Moving: Half Orc Female Wizard Librarian presupported.stl → Humanoid/Human/
2026-08-21T06:47:31.867Z INFO  Moving: Half Orc Female Wizard Librarian.stl → Humanoid/Human/
2026-08-21T06:47:31.996Z INFO  Moving: Huge Creature Marker.stl → ../Utility/Size Markers/
2026-08-21T06:47:32.041Z INFO  Moving: medium creature Floating.stl → ../Utility/Size Markers/
2026-08-21T06:47:32.052Z INFO  Moving: huge_creature floating.stl → ../Utility/Size Markers/
2026-08-21T06:47:32.063Z INFO  Moving: medium creature Floating.stl → ../Utility/Size Markers/
2026-08-21T06:47:32.074Z INFO  Moving: large_creature_Floating.stl → ../Utility/Size Markers/
2026-08-21T06:47:32.085Z INFO  Moving: Huge Creature Marker.stl → ../Utility/Size Markers/
2026-08-21T06:47:32.095Z INFO  Moving: Large Creature Marker.stl → ../Utility/Size Markers/
2026-08-21T06:47:32.169Z INFO  Moving: gargantuan__creature_flying.stl → ../Utility/Size Markers/
2026-08-21T06:47:32.181Z INFO  Moving: huge_creature flying.stl → ../Utility/Size Markers/
2026-08-21T06:47:32.193Z INFO  Moving: large_creature_Flying.stl → ../Utility/Size Markers/
2026-08-21T06:47:32.203Z INFO  Moving: gargantuan__creature_flying.stl → ../Utility/Size Markers/
2026-08-21T06:47:32.214Z INFO  Moving: huge_creature flying.stl → ../Utility/Size Markers/
2026-08-21T06:47:32.224Z INFO  Moving: large_creature_Flying.stl → ../Utility/Size Markers/
2026-08-21T06:47:32.236Z INFO  Moving: huge_creature floating.stl → ../Utility/Size Markers/
2026-08-21T06:47:32.247Z INFO  Moving: gargantuan__creature_floating.stl → ../Utility/Size Markers/
2026-08-21T06:47:32.258Z INFO  Moving: Medium Creature Flying Marker.stl → ../Utility/Size Markers/
2026-08-21T06:47:32.269Z INFO  Moving: large_creature_Floating.stl → ../Utility/Size Markers/
2026-08-21T06:47:32.280Z INFO  Moving: Huge Creature Marker.stl → ../Utility/Size Markers/
2026-08-21T06:47:32.426Z INFO  Moving: Gargantuan Creature Marker.stl → ../Utility/Size Markers/
2026-08-21T06:47:32.438Z INFO  Moving: Silver Dragon Wyrmling presupported.stl → Dragon/Chromatic/
2026-08-21T06:47:32.449Z INFO  Moving: Silver Dragon Wyrmling.stl → Dragon/Chromatic/
2026-08-21T06:47:32.460Z INFO  Moving: Large Creature Marker.stl → ../Utility/Size Markers/
2026-08-21T06:47:32.471Z INFO  Moving: Bahamut body.stl → Dragon/Metallic/
2026-08-21T06:47:32.483Z INFO  Moving: Bahamut face.stl → Dragon/Metallic/
2026-08-21T06:47:32.494Z INFO  Moving: Bahamut left wing.stl → Dragon/Metallic/
2026-08-21T06:47:32.505Z INFO  Moving: Bahamut right wing.stl → Dragon/Metallic/
2026-08-21T06:47:32.516Z INFO  Moving: gargantuan__creature_flying.stl → ../Utility/Size Markers/
2026-08-21T06:47:32.526Z INFO  Moving: huge_creature flying.stl → ../Utility/Size Markers/
2026-08-21T06:47:32.537Z INFO  Moving: large_creature_Flying.stl → ../Utility/Size Markers/
2026-08-21T06:47:32.547Z INFO  Moving: medium creature Floating.stl → ../Utility/Size Markers/
2026-08-21T06:47:32.558Z INFO  Moving: large_creature_Floating.stl → ../Utility/Size Markers/
2026-08-21T06:47:32.569Z INFO  Moving: huge_creature floating.stl → ../Utility/Size Markers/
2026-08-21T06:47:32.579Z INFO  Moving: gargantuan__creature_floating.stl → ../Utility/Size Markers/
2026-08-21T06:47:32.591Z INFO  Moving: Brass Dragon Wyrmling presupported.stl → Dragon/Chromatic/
2026-08-21T06:47:32.602Z INFO  Moving: Brass Dragon Wyrmling.stl → Dragon/Chromatic/
2026-08-21T06:47:32.612Z INFO  Moving: huge_creature floating.stl → ../Utility/Size Markers/
2026-08-21T06:47:32.623Z INFO  Moving: gargantuan__creature_floating.stl → ../Utility/Size Markers/
2026-08-21T06:47:32.633Z INFO  Moving: large_creature_Floating.stl → ../Utility/Size Markers/
2026-08-21T06:47:32.643Z INFO  Moving: medium creature Floating.stl → ../Utility/Size Markers/
2026-08-21T06:47:32.654Z INFO  Moving: gargantuan__creature_flying.stl → ../Utility/Size Markers/
2026-08-21T06:47:32.664Z INFO  Moving: huge_creature flying.stl → ../Utility/Size Markers/
2026-08-21T06:47:32.676Z INFO  Moving: large_creature_Flying.stl → ../Utility/Size Markers/
2026-08-21T06:47:32.724Z INFO  Moving: huge_creature.stl → ../Utility/Size Markers/
2026-08-21T06:47:32.736Z INFO  Moving: large_creature.stl → ../Utility/Size Markers/
2026-08-21T06:47:32.765Z INFO  Moving: gargantuan_creature.stl → ../Utility/Size Markers/
2026-08-21T06:47:32.776Z INFO  Moving: large_creature_Floating.stl → ../Utility/Size Markers/
2026-08-21T06:47:32.787Z INFO  Moving: huge_creature floating.stl → ../Utility/Size Markers/
2026-08-21T06:47:32.798Z INFO  Moving: gargantuan__creature_floating.stl → ../Utility/Size Markers/
2026-08-21T06:47:32.809Z INFO  Moving: Medium Creature Flying Marker.stl → ../Utility/Size Markers/
2026-08-21T06:47:32.821Z INFO  Moving: Huge Creature Marker.stl → ../Utility/Size Markers/
2026-08-21T06:47:32.832Z INFO  Moving: Gargantuan Creature Marker.stl → ../Utility/Size Markers/
2026-08-21T06:47:32.845Z INFO  Moving: gargantuan__creature_flying.stl → ../Utility/Size Markers/
2026-08-21T06:47:32.857Z INFO  Moving: huge_creature flying.stl → ../Utility/Size Markers/
2026-08-21T06:47:32.868Z INFO  Moving: large_creature_Flying.stl → ../Utility/Size Markers/
2026-08-21T06:47:32.879Z INFO  Moving: Huge Creature Marker.stl → ../Utility/Size Markers/
2026-08-21T06:47:32.891Z INFO  Moving: Gargantuan Creature Marker.stl → ../Utility/Size Markers/
2026-08-21T06:47:32.904Z INFO  Moving: Large Creature Marker.stl → ../Utility/Size Markers/
2026-08-21T06:47:32.915Z INFO  Moving: gargantuan__creature_flying.stl → ../Utility/Size Markers/
2026-08-21T06:47:32.926Z INFO  Moving: huge_creature flying.stl → ../Utility/Size Markers/
2026-08-21T06:47:32.936Z INFO  Moving: large_creature_Flying.stl → ../Utility/Size Markers/
2026-08-21T06:47:32.947Z INFO  Moving: gargantuan__creature_floating.stl → ../Utility/Size Markers/
2026-08-21T06:47:32.958Z INFO  Moving: huge_creature floating.stl → ../Utility/Size Markers/
2026-08-21T06:47:32.968Z INFO  Moving: medium creature Floating.stl → ../Utility/Size Markers/
2026-08-21T06:47:32.979Z INFO  Moving: large_creature_Floating.stl → ../Utility/Size Markers/
2026-08-21T06:47:32.989Z INFO  Moving: Huge Creature Marker.stl → ../Utility/Size Markers/
2026-08-21T06:47:33.000Z INFO  Moving: Gargantuan Creature Marker.stl → ../Utility/Size Markers/
2026-08-21T06:47:33.010Z INFO  Moving: Large Creature Marker.stl → ../Utility/Size Markers/
2026-08-21T06:47:33.020Z INFO  Moving: gargantuan__creature_flying.stl → ../Utility/Size Markers/
2026-08-21T06:47:33.031Z INFO  Moving: huge_creature flying.stl → ../Utility/Size Markers/
2026-08-21T06:47:33.043Z INFO  Moving: large_creature_Flying.stl → ../Utility/Size Markers/
2026-08-21T06:47:33.054Z INFO  Moving: Gargantuan Creature Marker.stl → ../Utility/Size Markers/
2026-08-21T06:47:33.064Z INFO  Moving: Huge Creature Marker.stl → ../Utility/Size Markers/
2026-08-21T06:47:33.074Z INFO  Moving: gargantuan__creature_floating.stl → ../Utility/Size Markers/
2026-08-21T06:47:33.085Z INFO  Moving: medium creature Floating.stl → ../Utility/Size Markers/
2026-08-21T06:47:33.096Z INFO  Moving: large_creature_Floating.stl → ../Utility/Size Markers/
2026-08-21T06:47:33.107Z INFO  Moving: huge_creature floating.stl → ../Utility/Size Markers/
2026-08-21T06:47:33.117Z INFO  Moving: huge_creature.stl → ../Utility/Size Markers/
2026-08-21T06:47:33.127Z INFO  Moving: gargantuan_creature.stl → ../Utility/Size Markers/
2026-08-21T06:47:33.138Z INFO  Moving: large_creature.stl → ../Utility/Size Markers/
2026-08-21T06:47:33.148Z INFO  Moving: Huge Creature Marker.stl → ../Utility/Size Markers/
2026-08-21T06:47:33.158Z INFO  Moving: gargantuan__creature_flying.stl → ../Utility/Size Markers/
2026-08-21T06:47:33.169Z INFO  Moving: huge_creature flying.stl → ../Utility/Size Markers/
2026-08-21T06:47:33.180Z INFO  Moving: large_creature_Flying.stl → ../Utility/Size Markers/
2026-08-21T06:47:33.191Z INFO  Moving: Red Dragon Wyrmling.stl → Dragon/Chromatic/
2026-08-21T06:47:33.203Z INFO  Moving: Young_Red_Dragon.stl → Dragon/Chromatic/
2026-08-21T06:47:33.213Z INFO  Moving: Gargantuan Creature Marker.stl → ../Utility/Size Markers/
2026-08-21T06:47:33.223Z INFO  Moving: gargantuan__creature_floating.stl → ../Utility/Size Markers/
2026-08-21T06:47:33.234Z INFO  Moving: huge_creature floating.stl → ../Utility/Size Markers/
2026-08-21T06:47:33.245Z INFO  Moving: medium creature Floating.stl → ../Utility/Size Markers/
2026-08-21T06:47:33.256Z INFO  Moving: large_creature_Floating.stl → ../Utility/Size Markers/
2026-08-21T06:47:33.266Z INFO  Moving: Gargantuan Creature Marker.stl → ../Utility/Size Markers/
2026-08-21T06:47:33.278Z INFO  Moving: Large Creature Marker.stl → ../Utility/Size Markers/
2026-08-21T06:47:33.289Z INFO  Moving: Huge Creature Marker.stl → ../Utility/Size Markers/
2026-08-21T06:47:33.300Z INFO  Moving: gargantuan__creature_flying.stl → ../Utility/Size Markers/
2026-08-21T06:47:33.311Z INFO  Moving: huge_creature flying.stl → ../Utility/Size Markers/
2026-08-21T06:47:33.322Z INFO  Moving: large_creature_Flying.stl → ../Utility/Size Markers/
2026-08-21T06:47:33.333Z INFO  Moving: Drider presupported.stl → Unsorted/
2026-08-21T06:47:33.345Z INFO  Moving: Drider.stl → Unsorted/
2026-08-21T06:47:33.356Z INFO  Moving: Female Drider.stl → Unsorted/
2026-08-21T06:47:33.368Z INFO  Moving: Male Drider presupported.stl → Unsorted/
2026-08-21T06:47:33.380Z INFO  Moving: Queen Drider 2.stl → Unsorted/
2026-08-21T06:47:33.392Z INFO  Moving: Queen Drider presupported.stl → Unsorted/
2026-08-21T06:47:33.404Z INFO  Moving: Queen Drider.stl → Unsorted/
2026-08-21T06:47:33.416Z INFO  Moving: Male Drider.stl → Unsorted/
2026-08-21T06:47:33.428Z INFO  Moving: Momma Long Leg Drider.stl → Unsorted/
2026-08-21T06:47:33.440Z INFO  Moving: Dretch.stl → Unsorted/
2026-08-21T06:47:33.450Z INFO  Moving: Large Creature Marker.stl → ../Utility/Size Markers/
2026-08-21T06:47:33.462Z INFO  Moving: Nalfeshnee presupported.stl → Fiend/Demon/
2026-08-21T06:47:33.473Z INFO  Moving: Naslfeshnee Bottom.stl → Unsorted/
2026-08-21T06:47:33.486Z INFO  Moving: Naslfeshnee Left Wing.stl → Unsorted/
2026-08-21T06:47:33.498Z INFO  Moving: Naslfeshnee Right Wing.stl → Unsorted/
2026-08-21T06:47:33.509Z INFO  Moving: Naslfeshnee Tail.stl → Unsorted/
2026-08-21T06:47:33.521Z INFO  Moving: Naslfeshnee Top.stl → Unsorted/
2026-08-21T06:47:33.533Z INFO  Moving: Naslfeshnee for Shapeways.stl → Unsorted/
2026-08-21T06:47:33.545Z INFO  Moving: Nalfeshnee COMBINED.stl → Fiend/Demon/
2026-08-21T06:47:33.557Z INFO  Moving: Nalfeshnee presupported.stl → Fiend/Demon/
2026-08-21T06:47:33.569Z INFO  Moving: Balor 2 .stl → Fiend/Demon/
2026-08-21T06:47:33.581Z INFO  Moving: Balor Updated.stl → Fiend/Demon/
2026-08-21T06:47:33.593Z INFO  Moving: Balor Updated.stl → Fiend/Demon/
2026-08-21T06:47:33.604Z INFO  Moving: Balor in Combat.stl → Fiend/Demon/
2026-08-21T06:47:33.616Z INFO  Moving: Huge Creature.stl → ../Utility/Size Markers/
2026-08-21T06:47:33.629Z INFO  Moving: Updated Balor Head and chest.stl → Fiend/Demon/
2026-08-21T06:47:33.641Z INFO  Moving: Updated Balor Left Arm.stl → Fiend/Demon/
2026-08-21T06:47:33.652Z INFO  Moving: Updated Balor Left Wing.stl → Fiend/Demon/
2026-08-21T06:47:33.664Z INFO  Moving: Updated Balor Legs.stl → Fiend/Demon/
2026-08-21T06:47:33.677Z INFO  Moving: Updated Balor Right Arm.stl → Fiend/Demon/
2026-08-21T06:47:33.689Z INFO  Moving: Updated Balor Right Wing.stl → Fiend/Demon/
2026-08-21T06:47:33.701Z INFO  Moving: Updated Balor Sword.stl → Fiend/Demon/
2026-08-21T06:47:33.714Z INFO  Moving: Updated Balor Whip.stl → Fiend/Demon/
2026-08-21T06:47:33.726Z INFO  Moving: Barlgura Updated One piece.stl → Unsorted/
2026-08-21T06:47:33.738Z INFO  Moving: Chasme  Right  Half.stl → Humanoid/Orc/
2026-08-21T06:47:33.750Z INFO  Moving: Chasme Left Arm.stl → Unsorted/
2026-08-21T06:47:33.763Z INFO  Moving: Chasme Left Half.stl → Humanoid/Orc/
2026-08-21T06:47:33.775Z INFO  Moving: Chasme Left Leg  Rear.stl → Unsorted/
2026-08-21T06:47:33.786Z INFO  Moving: Chasme Left Leg Front.stl → Unsorted/
2026-08-21T06:47:33.797Z INFO  Moving: Large Creature Flying Marker.stl → ../Utility/Size Markers/
2026-08-21T06:47:33.808Z INFO  Moving: Chasme Left Wing  Rear.stl → Unsorted/
2026-08-21T06:47:33.821Z INFO  Moving: Chasme Left Wing Front.stl → Unsorted/
2026-08-21T06:47:33.832Z INFO  Moving: Chasme Needle.stl → Unsorted/
2026-08-21T06:47:33.843Z INFO  Moving: Chasme RIight Wing  Rear.stl → Unsorted/
2026-08-21T06:47:33.855Z INFO  Moving: Chasme Right  Leg  Rear.stl → Unsorted/
2026-08-21T06:47:33.867Z INFO  Moving: Chasme Right Arm.stl → Unsorted/
2026-08-21T06:47:33.879Z INFO  Moving: Chasme Right Leg Front.stl → Unsorted/
2026-08-21T06:47:33.891Z INFO  Moving: Chasme Right Wing Front.stl → Unsorted/
2026-08-21T06:47:33.902Z INFO  Moving: Chasme for Shapeways.stl → Unsorted/
2026-08-21T06:47:33.914Z INFO  Moving: Hezrou for Shapeways.stl → Unsorted/
2026-08-21T06:47:33.926Z INFO  Moving: Hezrou presupported.stl → Unsorted/
2026-08-21T06:47:33.937Z INFO  Moving: Hezrou.stl → Unsorted/
2026-08-21T06:47:33.950Z INFO  Moving: Shadow Demon Left Arm.stl → Fiend/Demon/
2026-08-21T06:47:33.961Z INFO  Moving: Shadow Demon Left Wing.stl → Fiend/Demon/
2026-08-21T06:47:33.973Z INFO  Moving: Shadow Demon Right Arm.stl → Fiend/Demon/
2026-08-21T06:47:33.985Z INFO  Moving: Shadow Demon Right Wing.stl → Fiend/Demon/
2026-08-21T06:47:33.996Z INFO  Moving: Shadow Demon body.stl → Fiend/Demon/
2026-08-21T06:47:34.008Z INFO  Moving: Shadow Demon for Shapeways.stl → Fiend/Demon/
2026-08-21T06:47:34.020Z INFO  Moving: Shadow demon presupported.stl → Fiend/Demon/
2026-08-21T06:47:34.031Z INFO  Moving: Shadow demon.stl → Fiend/Demon/
2026-08-21T06:47:34.042Z INFO  Moving: Large Creature Marker.stl → ../Utility/Size Markers/
2026-08-21T06:47:34.053Z INFO  Moving: Yochlol Fpr Sja[ewaus.stl → Unsorted/
2026-08-21T06:47:34.065Z INFO  Moving: Yochlol body.stl → Unsorted/
2026-08-21T06:47:34.075Z INFO  Moving: Yochlol left tenticle.stl → Aberration/
2026-08-21T06:47:34.087Z INFO  Moving: Yochlol presupported.stl → Unsorted/
2026-08-21T06:47:34.098Z INFO  Moving: Yochlol right  tenticle.stl → Aberration/
2026-08-21T06:47:34.110Z INFO  Moving: Yochlol.stl → Unsorted/
2026-08-21T06:47:34.122Z INFO  Moving: Erinyes Left Wing.stl → Fiend/Devil/
2026-08-21T06:47:34.134Z INFO  Moving: Erinyes Right Wing.stl → Fiend/Devil/
2026-08-21T06:47:34.146Z INFO  Moving: Erinyes body.stl → Fiend/Devil/
2026-08-21T06:47:34.158Z INFO  Moving: Erinyes updated presupported.stl → Fiend/Devil/
2026-08-21T06:47:34.169Z INFO  Moving: Erinyes updated.stl → Fiend/Devil/
2026-08-21T06:47:34.180Z INFO  Moving: Erinyes whole.stl → Fiend/Devil/
2026-08-21T06:47:34.192Z INFO  Moving: Erinyes.stl → Fiend/Devil/
2026-08-21T06:47:34.203Z INFO  Moving: Whip.stl → Unsorted/
2026-08-21T06:47:34.215Z INFO  Moving: Horned Devil Body.stl → Fiend/Demon/
2026-08-21T06:47:34.227Z INFO  Moving: Horned Devil Fork.stl → Fiend/Demon/
2026-08-21T06:47:34.240Z INFO  Moving: Horned Devil Left Wing.stl → Fiend/Demon/
2026-08-21T06:47:34.252Z INFO  Moving: Horned Devil Right Wing.stl → Fiend/Demon/
2026-08-21T06:47:34.263Z INFO  Moving: Horned Devil Tail.stl → Fiend/Demon/
2026-08-21T06:47:34.275Z INFO  Moving: Horned Devil for Shapewaysstl.stl → Fiend/Demon/
2026-08-21T06:47:34.287Z INFO  Moving: Horned Devil presupported.stl → Fiend/Demon/
2026-08-21T06:47:34.299Z INFO  Moving: Horned Devil.stl → Fiend/Demon/
2026-08-21T06:47:34.311Z INFO  Moving: Horned Devil Fork.stl → Fiend/Demon/
2026-08-21T06:47:34.322Z INFO  Moving: Large Creature Flying Marker.stl → ../Utility/Size Markers/
2026-08-21T06:47:34.332Z INFO  Moving: Large Creature Marker.stl → ../Utility/Size Markers/
2026-08-21T06:47:34.343Z INFO  Moving: Ice Devil Head.stl → Fiend/Demon/
2026-08-21T06:47:34.355Z INFO  Moving: Ice Devil Hips.stl → Fiend/Demon/
2026-08-21T06:47:34.367Z INFO  Moving: Ice Devil Left  Arm.stl → Fiend/Demon/
2026-08-21T06:47:34.379Z INFO  Moving: Ice Devil Left  Leg.stl → Fiend/Demon/
2026-08-21T06:47:34.391Z INFO  Moving: Ice Devil Legs.stl → Fiend/Demon/
2026-08-21T06:47:34.403Z INFO  Moving: Ice Devil Right Arm.stl → Fiend/Demon/
2026-08-21T06:47:34.415Z INFO  Moving: Ice Devil Right Tail.stl → Fiend/Demon/
2026-08-21T06:47:34.426Z INFO  Moving: Ice Devil Torso.stl → Fiend/Demon/
2026-08-21T06:47:34.438Z INFO  Moving: Ice Devil presupported.stl → Fiend/Demon/
2026-08-21T06:47:34.450Z INFO  Moving: Ice Devil rIGHT Leg.stl → Fiend/Demon/
2026-08-21T06:47:34.462Z INFO  Moving: Ice Devil spear.stl → Fiend/Demon/
2026-08-21T06:47:34.474Z INFO  Moving: Ice Devil.stl → Fiend/Demon/
2026-08-21T06:47:34.486Z INFO  Moving: Imp Shapeways.stl → Fiend/Devil/
2026-08-21T06:47:34.498Z INFO  Moving: Imp body.stl → Fiend/Devil/
2026-08-21T06:47:34.510Z INFO  Moving: Imp left wing.stl → Fiend/Devil/
2026-08-21T06:47:34.522Z INFO  Moving: Imp one piece.stl → Fiend/Devil/
2026-08-21T06:47:34.534Z INFO  Moving: Imp presupported.stl → Fiend/Devil/
2026-08-21T06:47:34.545Z INFO  Moving: Imp right wing.stl → Fiend/Devil/
2026-08-21T06:47:34.557Z INFO  Moving: Imp tail.stl → Fiend/Devil/
2026-08-21T06:47:34.568Z INFO  Moving: Lowpoly_scorpion.stl → Beast/
2026-08-21T06:47:34.579Z INFO  Moving: Lemure.stl → Unsorted/
2026-08-21T06:47:34.592Z INFO  Moving: Barbed Devi Taill.stl → Fiend/Devil/
2026-08-21T06:47:34.604Z INFO  Moving: Barbed DeviL fOR SHAPEWAYS.stl → Fiend/Demon/
2026-08-21T06:47:34.616Z INFO  Moving: Barbed Devil.stl → Fiend/Demon/
2026-08-21T06:47:34.626Z INFO  Moving: Large Creature Marker.stl → ../Utility/Size Markers/
2026-08-21T06:47:34.637Z INFO  Moving: Huge Creature Marker.stl → ../Utility/Size Markers/
2026-08-21T06:47:34.648Z INFO  Moving: Huge Creature.stl → ../Utility/Size Markers/
2026-08-21T06:47:34.658Z INFO  Moving: Medium Sized Creature Flying Marker.stl → ../Utility/Size Markers/
2026-08-21T06:47:34.669Z INFO  Moving: Huge Creature Marker.stl → ../Utility/Size Markers/
2026-08-21T06:47:34.679Z INFO  Moving: medium creature Floating.stl → ../Utility/Size Markers/
2026-08-21T06:47:34.692Z INFO  Moving: Darkmantle.stl → Humanoid/Elf/
2026-08-21T06:47:34.704Z INFO  Moving: Darkmantle_body.stl → Humanoid/Elf/
2026-08-21T06:47:34.716Z INFO  Moving: Darkmantle_head.stl → Humanoid/Elf/
2026-08-21T06:47:34.729Z INFO  Moving: Darkmantle_stand.stl → Humanoid/Elf/
2026-08-21T06:47:34.741Z INFO  Moving: Death Knight Sword.stl → Humanoid/Human/
2026-08-21T06:47:34.754Z INFO  Moving: Death Knight Torch.stl → Humanoid/Human/
2026-08-21T06:47:34.766Z INFO  Moving: Death Knight for Shapeways.stl → Humanoid/Human/
2026-08-21T06:47:34.779Z INFO  Moving: Death Knight.stl → Humanoid/Human/
2026-08-21T06:47:34.818Z INFO  Moving: gargantuan__creature_2.stl → ../Utility/Size Markers/
2026-08-21T06:47:34.829Z INFO  Moving: huge_creature.stl → ../Utility/Size Markers/
2026-08-21T06:47:34.840Z INFO  Moving: large_creature.stl → ../Utility/Size Markers/
2026-08-21T06:47:34.850Z INFO  Moving: Gargantuan Creature Marker.stl → ../Utility/Size Markers/
2026-08-21T06:47:34.861Z INFO  Moving: Undead Dragon Updated Low Poly.stl → Dragon/Chromatic/
2026-08-21T06:47:34.872Z INFO  Moving: Undead Dragon Updated.stl → Dragon/Chromatic/
2026-08-21T06:47:34.883Z INFO  Moving: Undead Dragon_body whole.stl → Dragon/Chromatic/
2026-08-21T06:47:34.894Z INFO  Moving: Undead Dragon_body.stl → Dragon/Chromatic/
2026-08-21T06:47:34.906Z INFO  Moving: Undead Dragon_head.stl → Dragon/Chromatic/
2026-08-21T06:47:34.917Z INFO  Moving: Undead Dragon_left wing.stl → Dragon/Chromatic/
2026-08-21T06:47:34.928Z INFO  Moving: Undead Dragon_right wing.stl → Dragon/Chromatic/
2026-08-21T06:47:34.939Z INFO  Moving: Undead Dragon_tail.stl → Dragon/Chromatic/
2026-08-21T06:47:34.949Z INFO  Moving: gargantuan__creature_2.stl → ../Utility/Size Markers/
2026-08-21T06:47:34.959Z INFO  Moving: huge_creature.stl → ../Utility/Size Markers/
2026-08-21T06:47:34.970Z INFO  Moving: large_creature.stl → ../Utility/Size Markers/
2026-08-21T06:47:34.983Z INFO  Moving: Dracolich.stl → Undead/
2026-08-21T06:47:34.997Z INFO  Moving: Dracolich_body whole.stl → Undead/
2026-08-21T06:47:35.011Z INFO  Moving: Dracolich_body.stl → Undead/
2026-08-21T06:47:35.024Z INFO  Moving: Dracolich_for sale.stl → Undead/
2026-08-21T06:47:35.038Z INFO  Moving: Dracolich_head.stl → Undead/
2026-08-21T06:47:35.051Z INFO  Moving: Dracolich_left wing.stl → Undead/
2026-08-21T06:47:35.064Z INFO  Moving: Dracolich_right wing.stl → Undead/
2026-08-21T06:47:35.078Z INFO  Moving: Dracolich_tail.stl → Undead/
2026-08-21T06:47:35.120Z INFO  Moving: gargantuan__creature_flying marker.stl → ../Utility/Size Markers/
2026-08-21T06:47:35.132Z INFO  Moving: Drider.stl → Unsorted/
2026-08-21T06:47:35.143Z INFO  Moving: medium creature.stl → ../Utility/Size Markers/
2026-08-21T06:47:35.156Z INFO  Moving: Ettercap Wizard presupported.stl → Humanoid/Human/
2026-08-21T06:47:35.169Z INFO  Moving: Ettercap Wizard.stl → Humanoid/Human/
2026-08-21T06:47:35.180Z INFO  Moving: Ettercap presupported.stl → Unsorted/
2026-08-21T06:47:35.192Z INFO  Moving: Ettercap.stl → Unsorted/
2026-08-21T06:47:35.202Z INFO  Moving: medium creature.stl → ../Utility/Size Markers/
2026-08-21T06:47:35.213Z INFO  Moving: Ettin body.stl → Aberration/
2026-08-21T06:47:35.223Z INFO  Moving: Ettin.stl → Aberration/
2026-08-21T06:47:35.269Z INFO  Moving: Large Creature.stl → ../Utility/Size Markers/
2026-08-21T06:47:35.280Z INFO  Moving: Large Creature Marker.stl → ../Utility/Size Markers/
2026-08-21T06:47:35.290Z INFO  Moving: small creature flying marker.stl → ../Utility/Size Markers/
2026-08-21T06:47:35.302Z INFO  Moving: Floater battle axe.stl → Unsorted/
2026-08-21T06:47:35.314Z INFO  Moving: Floater battle body.stl → Unsorted/
2026-08-21T06:47:35.326Z INFO  Moving: Floater body.stl → Unsorted/
2026-08-21T06:47:35.337Z INFO  Moving: Floater head.stl → Unsorted/
2026-08-21T06:47:35.348Z INFO  Moving: Floater stand.stl → Unsorted/
2026-08-21T06:47:35.384Z INFO  Moving: Flumph.stl → Monstrosity/
2026-08-21T06:47:35.394Z INFO  Moving: Huge Creature Marker.stl → ../Utility/Size Markers/
2026-08-21T06:47:35.405Z INFO  Moving: Large Creature Marker.stl → ../Utility/Size Markers/
2026-08-21T06:47:35.416Z INFO  Moving: Huge Creature marker.stl → ../Utility/Size Markers/
2026-08-21T06:47:35.426Z INFO  Moving: Huge Creature Marker.stl → ../Utility/Size Markers/
2026-08-21T06:47:35.436Z INFO  Moving: Ettin.stl → Aberration/
2026-08-21T06:47:35.447Z INFO  Moving: Stone Giant - Dodkong.stl → Construct/
2026-08-21T06:47:35.458Z INFO  Moving: Huge Creature Marker.stl → ../Utility/Size Markers/
2026-08-21T06:47:35.469Z INFO  Moving: huge creature size marker.stl → ../Utility/Size Markers/
2026-08-21T06:47:35.479Z INFO  Moving: Large Creature Marker.stl → ../Utility/Size Markers/
2026-08-21T06:47:35.490Z INFO  Moving: Large Creature Marker.stl → ../Utility/Size Markers/
2026-08-21T06:47:35.500Z INFO  Moving: Large Creature Marker.stl → ../Utility/Size Markers/
2026-08-21T06:47:35.510Z INFO  Moving: medium creature Floating.stl → ../Utility/Size Markers/
2026-08-21T06:47:35.521Z INFO  Moving: Large Creature Flying Marker.stl → ../Utility/Size Markers/
2026-08-21T06:47:35.531Z INFO  Moving: huge_creature.stl → ../Utility/Size Markers/
2026-08-21T06:47:35.542Z INFO  Moving: Large Creature Flying Marker.stl → ../Utility/Size Markers/
2026-08-21T06:47:35.580Z INFO  Moving: small creature flying.stl → ../Utility/Size Markers/
2026-08-21T06:47:35.594Z INFO  Moving: Myconid Adult 2 presupported.stl → Plant/
2026-08-21T06:47:35.607Z INFO  Moving: Myconid Adult 2.stl → Plant/
2026-08-21T06:47:35.619Z INFO  Moving: Spear.stl → Unsorted/
2026-08-21T06:47:35.633Z INFO  Moving: Myconid Sovereign presupported.stl → Plant/
2026-08-21T06:47:35.646Z INFO  Moving: Myconid Sovereign.stl → Plant/
2026-08-21T06:47:35.657Z INFO  Moving: large_creature_Floating.stl → ../Utility/Size Markers/
2026-08-21T06:47:35.670Z INFO  Moving: Nightmare updated presupported.stl → Undead/
2026-08-21T06:47:35.682Z INFO  Moving: Battle Axe.stl → Unsorted/
2026-08-21T06:47:35.693Z INFO  Moving: Large Creature Marker.stl → ../Utility/Size Markers/
2026-08-21T06:47:35.704Z INFO  Moving: Oni Female.stl → Unsorted/
2026-08-21T06:47:35.716Z INFO  Moving: Oni Female presupported.stl → Unsorted/
2026-08-21T06:47:35.730Z INFO  Moving: Ochre Jelly presupported.stl → Ooze/
2026-08-21T06:47:35.743Z INFO  Moving: Ochre Jelly.stl → Ooze/
2026-08-21T06:47:35.753Z INFO  Moving: Otyugh presupported.stl → Aberration/
2026-08-21T06:47:35.764Z INFO  Moving: Otyugh.stl → Aberration/
2026-08-21T06:47:35.774Z INFO  Moving: Pegasus.stl → Celestial/
2026-08-21T06:47:35.785Z INFO  Moving: Large Creature Flying Marker.stl → ../Utility/Size Markers/
2026-08-21T06:47:35.797Z INFO  Moving: Piercer presupported.stl → Unsorted/
2026-08-21T06:47:35.809Z INFO  Moving: Piercer.stl → Unsorted/
2026-08-21T06:47:35.819Z INFO  Moving: small creature flying.stl → ../Utility/Size Markers/
2026-08-21T06:47:35.830Z INFO  Moving: huge_creature.stl → ../Utility/Size Markers/
2026-08-21T06:47:35.840Z INFO  Moving: large_creature.stl → ../Utility/Size Markers/
2026-08-21T06:47:35.850Z INFO  Moving: Large Creature Marker.stl → ../Utility/Size Markers/
2026-08-21T06:47:35.882Z INFO  Moving: Medium Sized Creature Marker.stl → ../Utility/Size Markers/
2026-08-21T06:47:35.894Z INFO  Moving: Androsphinx presupported.stl → Unsorted/
2026-08-21T06:47:35.907Z INFO  Moving: Gynosphinx presupported.stl → Unsorted/
2026-08-21T06:47:35.919Z INFO  Moving: Gynosphinx.stl → Unsorted/
2026-08-21T06:47:35.929Z INFO  Moving: small creature flying.stl → ../Utility/Size Markers/
2026-08-21T06:47:35.940Z INFO  Moving: small creature flying.stl → ../Utility/Size Markers/
2026-08-21T06:47:35.952Z INFO  Moving: Succubus 2.stl → Fiend/Demon/
2026-08-21T06:47:35.962Z INFO  Moving: Gargantuan Creature Marker.stl → ../Utility/Size Markers/
2026-08-21T06:47:35.972Z INFO  Moving: Huge Creature Marker.stl → ../Utility/Size Markers/
2026-08-21T06:47:35.983Z INFO  Moving: Large Creature.stl → ../Utility/Size Markers/
2026-08-21T06:47:35.994Z INFO  Moving: Large Creature.stl → ../Utility/Size Markers/
2026-08-21T06:47:36.005Z INFO  Moving: Large Creature Size Marker.stl → ../Utility/Size Markers/
2026-08-21T06:47:36.053Z INFO  Moving: Large Creature Flying Stand.stl → ../Utility/Size Markers/
2026-08-21T06:47:36.063Z INFO  Moving: Large Creature Flying Marker.stl → ../Utility/Size Markers/
2026-08-21T06:47:36.075Z INFO  Moving: Huge Creature Marker.stl → ../Utility/Size Markers/
2026-08-21T06:47:36.087Z INFO  Moving: Nycaloth presupported.stl → Fiend/Yugoloth/
2026-08-21T06:47:36.098Z INFO  Moving: Nycaloth.stl → Fiend/Yugoloth/
2026-08-21T06:47:36.109Z INFO  Moving: Large Creature Marker.stl → ../Utility/Size Markers/
2026-08-21T06:47:36.119Z INFO  Moving: Large Creature Flying Marker.stl → ../Utility/Size Markers/
2026-08-21T06:47:36.131Z INFO  Moving: Club.stl → Unsorted/
2026-08-21T06:47:36.142Z INFO  Moving: Huge Creature Marker.stl → ../Utility/Size Markers/
2026-08-21T06:47:36.174Z INFO  Moving: Large Creature Floating Marker.stl → ../Utility/Size Markers/
2026-08-21T06:47:36.185Z INFO  Moving: Huge Creature marker.stl → ../Utility/Size Markers/
2026-08-21T06:47:36.195Z INFO  Moving: Large Creature Flying Marker.stl → ../Utility/Size Markers/
2026-08-21T06:47:36.205Z INFO  Moving: Large Creature Marker.stl → ../Utility/Size Markers/
2026-08-21T06:47:36.216Z INFO  Moving: Huge Creature Marker.stl → ../Utility/Size Markers/
2026-08-21T06:47:36.227Z INFO  Moving: Green Slaad Updated presupported.stl → Dragon/Chromatic/
2026-08-21T06:47:36.238Z INFO  Moving: Green Slaad Updated.stl → Dragon/Chromatic/
2026-08-21T06:47:36.249Z INFO  Moving: small creature flying marker.stl → ../Utility/Size Markers/
2026-08-21T06:47:36.259Z INFO  Moving: medium creature flying marker.stl → ../Utility/Size Markers/
2026-08-21T06:47:36.269Z INFO  Moving: medium creature flying marker.stl → ../Utility/Size Markers/
2026-08-21T06:47:36.280Z INFO  Moving: medium creature flying marker.stl → ../Utility/Size Markers/
2026-08-21T06:47:36.290Z INFO  Moving: Large Creature Marker.stl → ../Utility/Size Markers/
2026-08-21T06:47:36.301Z INFO  Moving: Warhorse Armored no stand presupported.stl → Beast/
2026-08-21T06:47:36.311Z INFO  Moving: Warhorse Armored no stand.stl → Beast/
2026-08-21T06:47:36.322Z INFO  Moving: Warhorse Armored presupported.stl → Beast/
2026-08-21T06:47:36.332Z INFO  Moving: Warhorse Armored.stl → Beast/
2026-08-21T06:47:36.343Z INFO  Moving: Warhorse no stand presupported.stl → Beast/
2026-08-21T06:47:36.354Z INFO  Moving: Warhorse no stand.stl → Beast/
2026-08-21T06:47:36.364Z INFO  Moving: Warhorse presupported.stl → Beast/
2026-08-21T06:47:36.374Z INFO  Moving: Warhorse.stl → Beast/
2026-08-21T06:47:36.385Z INFO  Moving: Huge Creature Marker.stl → ../Utility/Size Markers/
2026-08-21T06:47:36.395Z INFO  Moving: small creature flying.stl → ../Utility/Size Markers/
2026-08-21T06:47:36.406Z INFO  Moving: small creature flying.stl → ../Utility/Size Markers/
2026-08-21T06:47:36.416Z INFO  Moving: small creature flying.stl → ../Utility/Size Markers/
2026-08-21T06:47:36.428Z INFO  Moving: small creature flying.stl → ../Utility/Size Markers/
2026-08-21T06:47:36.438Z INFO  Moving: Huge Creature Marker.stl → ../Utility/Size Markers/
2026-08-21T06:47:36.448Z INFO  Moving: Huge Creature Marker.stl → ../Utility/Size Markers/
2026-08-21T06:47:36.459Z INFO  Moving: Large Creature Flying Marker.stl → ../Utility/Size Markers/
2026-08-21T06:47:36.470Z INFO  Moving: Large Creature Flying Marker.stl → ../Utility/Size Markers/
2026-08-21T06:47:36.480Z INFO  Moving: Huge Creature marker.stl → ../Utility/Size Markers/
2026-08-21T06:47:36.491Z INFO  Moving: Giant Eagle. presupported.stl → Beast/
2026-08-21T06:47:36.501Z INFO  Moving: Huge Creature Marker.stl → ../Utility/Size Markers/
2026-08-21T06:47:36.513Z INFO  Moving: Fire Beetle presupported.stl → Elemental/
2026-08-21T06:47:36.525Z INFO  Moving: Fire Beetle.stl → Elemental/
2026-08-21T06:47:36.536Z INFO  Moving: Giant Seahorse Stand.stl → Beast/
2026-08-21T06:47:36.546Z INFO  Moving: Giant Seahorse presupported.stl → Beast/
2026-08-21T06:47:36.557Z INFO  Moving: Giant Seahorse.stl → Beast/
2026-08-21T06:47:36.567Z INFO  Moving: Large Creature Flying Marker.stl → ../Utility/Size Markers/
2026-08-21T06:47:36.577Z INFO  Moving: Large Creature Flying Stand.stl → ../Utility/Size Markers/
2026-08-21T06:47:36.587Z INFO  Moving: Medium Sized Creature Marker.stl → ../Utility/Size Markers/
2026-08-21T06:47:36.598Z INFO  Moving: Large Creature Flying Marker.stl → ../Utility/Size Markers/
2026-08-21T06:47:36.631Z INFO  Moving: huge_creature flying marker.stl → ../Utility/Size Markers/
2026-08-21T06:47:36.656Z INFO  Moving: small creature floating.stl → ../Utility/Size Markers/
2026-08-21T06:47:36.666Z INFO  Moving: Large Creature Marker.stl → ../Utility/Size Markers/
2026-08-21T06:47:36.677Z INFO  Moving: small creature flying marker.stl → ../Utility/Size Markers/
2026-08-21T06:47:36.687Z INFO  Moving: medium creature flying marker.stl → ../Utility/Size Markers/
2026-08-21T06:47:36.697Z INFO  Moving: Large Creature Marker.stl → ../Utility/Size Markers/
2026-08-21T06:47:36.708Z INFO  Moving: medium creature flying marker.stl → ../Utility/Size Markers/
2026-08-21T06:47:36.718Z INFO  Moving: Large Creature Marker.stl → ../Utility/Size Markers/
2026-08-21T06:47:36.730Z INFO  Moving: Worg mount no stand presupported.stl → Unsorted/
2026-08-21T06:47:36.742Z INFO  Moving: Worg mount no stand.stl → Unsorted/
2026-08-21T06:47:36.754Z INFO  Moving: Worg mount presupported.stl → Unsorted/
2026-08-21T06:47:36.766Z INFO  Moving: Worg mount.stl → Unsorted/
2026-08-21T06:47:36.777Z INFO  Moving: Worg no stand presupported.stl → Unsorted/
2026-08-21T06:47:36.790Z INFO  Moving: Worg no stand.stl → Unsorted/
2026-08-21T06:47:36.802Z INFO  Moving: Worg presupported.stl → Unsorted/
2026-08-21T06:47:36.813Z INFO  Moving: Worg.stl → Unsorted/
2026-08-21T06:47:36.828Z INFO  Moving: Mounted Knight body presupported.stl → Humanoid/Human/
2026-08-21T06:47:36.839Z INFO  Moving: Warhorse Armored no stand presupported.stl → Beast/
2026-08-21T06:47:36.851Z INFO  Moving: Winged Mounted Knight body.stl → Humanoid/Human/
2026-08-21T06:47:36.862Z INFO  Moving: Large Creature Marker.stl → ../Utility/Size Markers/
2026-08-21T06:47:36.874Z INFO  Moving: Mounted Kinght presupported.stl → Unsorted/
2026-08-21T06:47:36.887Z INFO  Moving: Mounted Knight body.stl → Humanoid/Human/
2026-08-21T06:47:36.899Z INFO  Moving: Mounted Knight.stl → Humanoid/Human/
2026-08-21T06:47:36.910Z INFO  Moving: Warhorse Armored no stand.stl → Beast/
2026-08-21T06:47:36.920Z INFO  Moving: Warhorse Armored presupported.stl → Beast/
2026-08-21T06:47:36.931Z INFO  Moving: Warhorse Armored.stl → Beast/
2026-08-21T06:47:36.941Z INFO  Moving: Warhorse no stand presupported.stl → Beast/
2026-08-21T06:47:36.952Z INFO  Moving: Warhorse no stand.stl → Beast/
2026-08-21T06:47:36.963Z INFO  Moving: Warhorse presupported.stl → Beast/
2026-08-21T06:47:36.973Z INFO  Moving: Warhorse.stl → Beast/
2026-08-21T06:47:36.986Z INFO  Moving: Winged Mounted Knight body presupported.stl → Humanoid/Human/
2026-08-21T06:47:36.998Z INFO  Moving: Winged Mounted Knight presupported.stl → Humanoid/Human/
2026-08-21T06:47:37.010Z INFO  Moving: Winged Mounted Knight.stl → Humanoid/Human/
2026-08-21T06:47:37.023Z INFO  Moving: Pitchfork.stl → Fiend/Devil/
2026-08-21T06:47:37.035Z INFO  Moving: Noble presupported.stl → Humanoid/Human/
2026-08-21T06:47:37.048Z INFO  Moving: Noble.stl → Humanoid/Human/
2026-08-21T06:47:37.060Z INFO  Moving: Noblewoman presupported.stl → Humanoid/Human/
2026-08-21T06:47:37.073Z INFO  Moving: Noblewoman.stl → Humanoid/Human/
2026-08-21T06:47:37.084Z INFO  Moving: Pirate Captain Female presupported.stl → Beast/
2026-08-21T06:47:37.095Z INFO  Moving: Pirate Captain Female.stl → Beast/
2026-08-21T06:47:37.106Z INFO  Moving: Pirate Captain Male presupported.stl → Beast/
2026-08-21T06:47:37.117Z INFO  Moving: Pirate Captain Male.stl → Beast/
2026-08-21T06:47:37.128Z INFO  Moving: Pirate Female presupported.stl → Beast/
2026-08-21T06:47:37.138Z INFO  Moving: Pirate Female.stl → Beast/
2026-08-21T06:47:37.149Z INFO  Moving: Pirate Male presupported.stl → Beast/
2026-08-21T06:47:37.160Z INFO  Moving: Pirate Male.stl → Beast/
2026-08-21T06:47:37.171Z INFO  Moving: Large Creature Marker.stl → ../Utility/Size Markers/
2026-08-21T06:47:37.181Z INFO  Moving: Large Creature Marker.stl → ../Utility/Size Markers/
2026-08-21T06:47:37.193Z INFO  Moving: Couat For Shapeways.stl → Unsorted/
2026-08-21T06:47:37.206Z INFO  Moving: Couat LEFT Wing.stl → Unsorted/
2026-08-21T06:47:37.218Z INFO  Moving: Couat Main Body.stl → Unsorted/
2026-08-21T06:47:37.230Z INFO  Moving: Couat RIGHT Wing.stl → Unsorted/
2026-08-21T06:47:37.242Z INFO  Moving: Couat Tail.stl → Unsorted/
2026-08-21T06:47:37.254Z INFO  Moving: Couat headl.stl → Unsorted/
2026-08-21T06:47:37.265Z INFO  Moving: Couatl_body.stl → Celestial/
2026-08-21T06:47:37.275Z INFO  Moving: Huge Creature Marker.stl → ../Utility/Size Markers/
2026-08-21T06:47:37.286Z INFO  Moving: Huge Creature Marker.stl → ../Utility/Size Markers/
2026-08-21T06:47:37.297Z INFO  Moving: Huge Creature Marker.stl → ../Utility/Size Markers/
2026-08-21T06:47:37.308Z INFO  Moving: body.stl → Unsorted/
2026-08-21T06:47:37.320Z INFO  Moving: dragon_head.stl → Dragon/Chromatic/
2026-08-21T06:47:37.331Z INFO  Moving: dragon_head_pin.stl → Dragon/Chromatic/
2026-08-21T06:47:37.343Z INFO  Moving: goat_head.stl → Unsorted/
2026-08-21T06:47:37.355Z INFO  Moving: goat_head_pin.stl → Unsorted/
2026-08-21T06:47:37.367Z INFO  Moving: left_wing.stl → Unsorted/
2026-08-21T06:47:37.378Z INFO  Moving: lion_head.stl → Beast/
2026-08-21T06:47:37.389Z INFO  Moving: lion_head_pin.stl → Beast/
2026-08-21T06:47:37.401Z INFO  Moving: right_wing.stl → Unsorted/
2026-08-21T06:47:37.414Z INFO  Moving: Chimera Updated.stl → Monstrosity/
2026-08-21T06:47:37.426Z INFO  Moving: Cloaker Stand.stl → Unsorted/
2026-08-21T06:47:37.438Z INFO  Moving: Cloaker.stl → Unsorted/
2026-08-21T06:47:37.449Z INFO  Moving: Cloaker_body.stl → Unsorted/
2026-08-21T06:47:37.461Z INFO  Moving: Cloaker_tail.stl → Unsorted/
2026-08-21T06:47:37.473Z INFO  Moving: Cockitrice.stl → Unsorted/
2026-08-21T06:47:37.485Z INFO  Moving: Cockitrice_Body.stl → Unsorted/
2026-08-21T06:47:37.498Z INFO  Moving: Cockitrice_Body_No Wings.stl → Unsorted/
2026-08-21T06:47:37.509Z INFO  Moving: Cockitrice_Head.stl → Unsorted/
2026-08-21T06:47:37.521Z INFO  Moving: Cockitrice_Left Wings.stl → Unsorted/
2026-08-21T06:47:37.534Z INFO  Moving: Cockitrice_Right Wings.stl → Unsorted/
2026-08-21T06:47:37.546Z INFO  Moving: Cockitrice_split FOR SHAPEWAYS.stl → Unsorted/
2026-08-21T06:47:37.570Z INFO  Moving: Medium Sized Creature Flying Stand.stl → ../Utility/Size Markers/
2026-08-21T06:47:37.581Z INFO  Moving: Medium Creature Flying Marker.stl → ../Utility/Size Markers/
2026-08-21T06:47:37.591Z INFO  Moving: Large Creature Flying Marker.stl → ../Utility/Size Markers/
2026-08-21T06:47:37.603Z INFO  Moving: Planetar.stl → Celestial/
2026-08-21T06:47:37.613Z INFO  Moving: Large Creature Flying Marker.stl → ../Utility/Size Markers/
2026-08-21T06:47:37.624Z INFO  Moving: Large Creature Marker.stl → ../Utility/Size Markers/
2026-08-21T06:47:37.634Z INFO  Moving: Large Creature Marker.stl → ../Utility/Size Markers/
2026-08-21T06:47:37.644Z INFO  Moving: Aboleth.stl → Aberration/
2026-08-21T06:47:37.655Z INFO  Moving: Aboleth presupported.stl → Aberration/
2026-08-21T06:47:37.666Z INFO  Moving: Air Elemental.stl → Elemental/
2026-08-21T06:47:37.677Z INFO  Moving: Allosaurus.stl → Unsorted/
2026-08-21T06:47:37.687Z INFO  Moving: Large Creature Size Marker.stl → ../Utility/Size Markers/
2026-08-21T06:47:37.698Z INFO  Moving: Animated Armor presupported.stl → Construct/
2026-08-21T06:47:37.709Z INFO  Moving: Animated Armor.stl → Construct/
2026-08-21T06:47:37.721Z INFO  Moving: Ape presupported.stl → Unsorted/
2026-08-21T06:47:37.733Z INFO  Moving: Ape.stl → Unsorted/
2026-08-21T06:47:37.744Z INFO  Moving: Arcanaloth presupported.stl → Unsorted/
2026-08-21T06:47:37.756Z INFO  Moving: Arcanaloth.stl → Unsorted/
2026-08-21T06:47:37.768Z INFO  Moving: Assassin Male.stl → Unsorted/
2026-08-21T06:47:37.780Z INFO  Moving: Assassin Female presupported.stl → Unsorted/
2026-08-21T06:47:37.792Z INFO  Moving: Assassin Female.stl → Unsorted/
2026-08-21T06:47:37.804Z INFO  Moving: Assassin Male presupported.stl → Unsorted/
2026-08-21T06:47:37.838Z INFO  Moving: Huge Creature Size Marker.stl → ../Utility/Size Markers/
2026-08-21T06:47:37.849Z INFO  Moving: Huge Creature Size Marker.stl → ../Utility/Size Markers/
2026-08-21T06:47:37.861Z INFO  Moving: Baboon presupported.stl → Unsorted/
2026-08-21T06:47:37.872Z INFO  Moving: Baboon.stl → Unsorted/
2026-08-21T06:47:37.884Z INFO  Moving: Badger presupported.stl → Unsorted/
2026-08-21T06:47:37.896Z INFO  Moving: Badger.stl → Unsorted/
2026-08-21T06:47:37.907Z INFO  Moving: Balor.stl → Fiend/Demon/
2026-08-21T06:47:37.918Z INFO  Moving: Huge Creature Size Marker.stl → ../Utility/Size Markers/
2026-08-21T06:47:37.930Z INFO  Moving: Bandit Captain Female.stl → Humanoid/Human/
2026-08-21T06:47:37.942Z INFO  Moving: Bandit Captain Male.stl → Humanoid/Human/
2026-08-21T06:47:37.956Z INFO  Moving: Bandit Captain Male presupported.stl → Humanoid/Human/
2026-08-21T06:47:37.968Z INFO  Moving: Bandit Captain Female presupported.stl → Humanoid/Human/
2026-08-21T06:47:37.981Z INFO  Moving: Bandit Female presupported.stl → Humanoid/Human/
2026-08-21T06:47:37.994Z INFO  Moving: Bandit Female.stl → Humanoid/Human/
2026-08-21T06:47:38.007Z INFO  Moving: Bandit Male presupported.stl → Humanoid/Human/
2026-08-21T06:47:38.019Z INFO  Moving: Bandit Male.stl → Humanoid/Human/
2026-08-21T06:47:38.031Z INFO  Moving: Barbed Devil.stl → Fiend/Demon/
2026-08-21T06:47:38.043Z INFO  Moving: Barlgura.stl → Unsorted/
2026-08-21T06:47:38.056Z INFO  Moving: Basilisk.stl → Monstrosity/
2026-08-21T06:47:38.066Z INFO  Moving: small creature flying.stl → ../Utility/Size Markers/
2026-08-21T06:47:38.078Z INFO  Moving: Bat presupported.stl → Unsorted/
2026-08-21T06:47:38.090Z INFO  Moving: Bat.stl → Unsorted/
2026-08-21T06:47:38.100Z INFO  Moving: Bearded Devil.stl → Beast/
2026-08-21T06:47:38.113Z INFO  Moving: Behir head.stl → Monstrosity/
2026-08-21T06:47:38.127Z INFO  Moving: Behir.stl → Monstrosity/
2026-08-21T06:47:38.137Z INFO  Moving: Huge Creature Size Marker.stl → ../Utility/Size Markers/
2026-08-21T06:47:38.148Z INFO  Moving: Beholder.stl → Aberration/
2026-08-21T06:47:38.158Z INFO  Moving: Large Creature Flying Size Marker.stl → ../Utility/Size Markers/
2026-08-21T06:47:38.169Z INFO  Moving: Berserker Female presupported.stl → Unsorted/
2026-08-21T06:47:38.181Z INFO  Moving: Berserker Female.stl → Unsorted/
2026-08-21T06:47:38.193Z INFO  Moving: Berserker Male presupported.stl → Unsorted/
2026-08-21T06:47:38.204Z INFO  Moving: Berserker Male.stl → Unsorted/
2026-08-21T06:47:38.215Z INFO  Moving: Black Bear presupported.stl → Beast/
2026-08-21T06:47:38.225Z INFO  Moving: Black Bear.stl → Beast/
2026-08-21T06:47:38.237Z INFO  Moving: Ancient Black Dragon Body.stl → Dragon/Chromatic/
2026-08-21T06:47:38.248Z INFO  Moving: Ancient Black Dragon Left Wing.stl → Dragon/Chromatic/
2026-08-21T06:47:38.259Z INFO  Moving: Ancient Black Dragon Right Wing.stl → Dragon/Chromatic/
2026-08-21T06:47:38.271Z INFO  Moving: Ancient Black Dragon Tail.stl → Dragon/Chromatic/
2026-08-21T06:47:38.282Z INFO  Moving: Black Dragon Wyrmling.stl → Dragon/Chromatic/
2026-08-21T06:47:38.293Z INFO  Moving: Black Pudding presupported.stl → Dragon/Chromatic/
2026-08-21T06:47:38.304Z INFO  Moving: Black Pudding.stl → Dragon/Chromatic/
2026-08-21T06:47:38.318Z INFO  Moving: Needle Blight.stl → Plant/
2026-08-21T06:47:38.329Z INFO  Moving: Blink Dog.stl → Fey/
2026-08-21T06:47:38.341Z INFO  Moving: Blink Dog presupported.stl → Fey/
2026-08-21T06:47:38.352Z INFO  Moving: Blood Hawk updated presupported.stl → Beast/
2026-08-21T06:47:38.363Z INFO  Moving: Blood Hawk updated.stl → Beast/
2026-08-21T06:47:38.373Z INFO  Moving: small creature flying.stl → ../Utility/Size Markers/
2026-08-21T06:47:38.383Z INFO  Moving: huge_creature flying marker.stl → ../Utility/Size Markers/
2026-08-21T06:47:38.394Z INFO  Moving: gargantuan__creature_flying marker.stl → ../Utility/Size Markers/
2026-08-21T06:47:38.404Z INFO  Moving: Boar Updated presupported.stl → Beast/
2026-08-21T06:47:38.415Z INFO  Moving: Boar Updated.stl → Beast/
2026-08-21T06:47:38.425Z INFO  Moving: Large Creature Size Marker.stl → ../Utility/Size Markers/
2026-08-21T06:47:38.464Z INFO  Moving: Huge Creature Flying Size Marker.stl → ../Utility/Size Markers/
2026-08-21T06:47:38.476Z INFO  Moving: Ancient Brass Dragon.stl → Dragon/Chromatic/
2026-08-21T06:47:38.487Z INFO  Moving: Brass Dragon Wyrmling presupported.stl → Dragon/Chromatic/
2026-08-21T06:47:38.498Z INFO  Moving: Brass Dragon Wyrmling.stl → Dragon/Chromatic/
2026-08-21T06:47:38.509Z INFO  Moving: Huge Creature Size Marker.stl → ../Utility/Size Markers/
2026-08-21T06:47:38.533Z INFO  Moving: Gargantuan Creature Flying Size Marker.stl → ../Utility/Size Markers/
2026-08-21T06:47:38.545Z INFO  Moving: Brown Bear Standing presupported.stl → Beast/
2026-08-21T06:47:38.555Z INFO  Moving: Brown Bear Standing.stl → Beast/
2026-08-21T06:47:38.565Z INFO  Moving: Brown Bear presupported.stl → Beast/
2026-08-21T06:47:38.575Z INFO  Moving: Brown Bear.stl → Beast/
2026-08-21T06:47:38.589Z INFO  Moving: Bulette.stl → Monstrosity/
2026-08-21T06:47:38.601Z INFO  Moving: Camel mount presupported.stl → Unsorted/
2026-08-21T06:47:38.613Z INFO  Moving: Camel mount with mini slot presupported.stl → Unsorted/
2026-08-21T06:47:38.625Z INFO  Moving: Camel mount with mini slot.stl → Unsorted/
2026-08-21T06:47:38.638Z INFO  Moving: Camel mount.stl → Unsorted/
2026-08-21T06:47:38.650Z INFO  Moving: Camel walking presupported.stl → Unsorted/
2026-08-21T06:47:38.662Z INFO  Moving: Camel walking.stl → Unsorted/
2026-08-21T06:47:38.674Z INFO  Moving: Cat in Armor presupported.stl → Unsorted/
2026-08-21T06:47:38.686Z INFO  Moving: Cat in Armor.stl → Unsorted/
2026-08-21T06:47:38.698Z INFO  Moving: Cat with Witch Hat presupported.stl → Unsorted/
2026-08-21T06:47:38.710Z INFO  Moving: Cat with Witch Hat.stl → Unsorted/
2026-08-21T06:47:38.722Z INFO  Moving: Chain Devil.stl → Fiend/Demon/
2026-08-21T06:47:38.732Z INFO  Moving: Large Creature Flying Marker.stl → ../Utility/Size Markers/
2026-08-21T06:47:38.746Z INFO  Moving: Chimera Left Wing.stl → Monstrosity/
2026-08-21T06:47:38.756Z INFO  Moving: Large Creature Flying Size Marker.stl → ../Utility/Size Markers/
2026-08-21T06:47:38.768Z INFO  Moving: Cloaker.stl → Unsorted/
2026-08-21T06:47:38.778Z INFO  Moving: Huge Creature Size Marker.stl → ../Utility/Size Markers/
2026-08-21T06:47:38.790Z INFO  Moving: Cloud Giant Female.stl → Giant/Hill/
2026-08-21T06:47:38.802Z INFO  Moving: Gargantuan Creature Size Marker.stl → ../Utility/Size Markers/
2026-08-21T06:47:38.814Z INFO  Moving: Female Commoner.stl → Humanoid/Human/
2026-08-21T06:47:38.827Z INFO  Moving: Female Commoner presupported.stl → Humanoid/Human/
2026-08-21T06:47:38.840Z INFO  Moving: Male Commoner Updated presupported.stl → Humanoid/Human/
2026-08-21T06:47:38.852Z INFO  Moving: Male Commoner Updated.stl → Humanoid/Human/
2026-08-21T06:47:38.865Z INFO  Moving: Male Commoner with Torch presupported.stl → Humanoid/Human/
2026-08-21T06:47:38.878Z INFO  Moving: Male Commoner with Torch.stl → Humanoid/Human/
2026-08-21T06:47:38.889Z INFO  Moving: Constrictor Snake Updated presupported.stl → Beast/
2026-08-21T06:47:38.900Z INFO  Moving: Constrictor Snake Updated.stl → Beast/
2026-08-21T06:47:38.911Z INFO  Moving: Huge Creature Flying Size Marker.stl → ../Utility/Size Markers/
2026-08-21T06:47:38.922Z INFO  Moving: Copper Dragon Wyrmling.stl → Dragon/Chromatic/
2026-08-21T06:47:38.933Z INFO  Moving: Couatl presupported.stl → Celestial/
2026-08-21T06:47:38.945Z INFO  Moving: Crab presupported.stl → Unsorted/
2026-08-21T06:47:38.957Z INFO  Moving: Crab.stl → Unsorted/
2026-08-21T06:47:38.968Z INFO  Moving: Crawling Claw presupported.stl → Unsorted/
2026-08-21T06:47:38.980Z INFO  Moving: Crawling Claw.stl → Unsorted/
2026-08-21T06:47:38.991Z INFO  Moving: Crocodile presupported.stl → Beast/
2026-08-21T06:47:39.001Z INFO  Moving: Crocodile.stl → Beast/
2026-08-21T06:47:39.012Z INFO  Moving: Cultist Fanatic Female presupported.stl → Aberration/
2026-08-21T06:47:39.022Z INFO  Moving: Cultist Female presupported.stl → Aberration/
2026-08-21T06:47:39.033Z INFO  Moving: Cultist Female.stl → Aberration/
2026-08-21T06:47:39.043Z INFO  Moving: Cultist Male presupported.stl → Aberration/
2026-08-21T06:47:39.054Z INFO  Moving: Cultist Male.stl → Aberration/
2026-08-21T06:47:39.064Z INFO  Moving: Huge Creature Size Marker.stl → ../Utility/Size Markers/
2026-08-21T06:47:39.074Z INFO  Moving: Huge Creature Size Marker.stl → ../Utility/Size Markers/
2026-08-21T06:47:39.087Z INFO  Moving: Darkmantle presupported.stl → Humanoid/Elf/
2026-08-21T06:47:39.099Z INFO  Moving: Darkmantle.stl → Humanoid/Elf/
2026-08-21T06:47:39.110Z INFO  Moving: Small Creature Flying Size Marker.stl → ../Utility/Size Markers/
2026-08-21T06:47:39.121Z INFO  Moving: Death Dog presupported.stl → Fey/
2026-08-21T06:47:39.133Z INFO  Moving: Death Dog.stl → Fey/
2026-08-21T06:47:39.145Z INFO  Moving: Death Knight presupported.stl → Humanoid/Human/
2026-08-21T06:47:39.158Z INFO  Moving: Death Knight.stl → Humanoid/Human/
2026-08-21T06:47:39.168Z INFO  Moving: Large Creature Flying Marker.stl → ../Utility/Size Markers/
2026-08-21T06:47:39.182Z INFO  Moving: Demilich presupported.stl → Undead/
2026-08-21T06:47:39.195Z INFO  Moving: Demilich.stl → Undead/
2026-08-21T06:47:39.205Z INFO  Moving: small creature flying marker.stl → ../Utility/Size Markers/
2026-08-21T06:47:39.217Z INFO  Moving: Medium Sized Creature Flying Size Marker.stl → ../Utility/Size Markers/
2026-08-21T06:47:39.227Z INFO  Moving: Dire Wolf Mount w mini slot presupported.stl → Beast/
2026-08-21T06:47:39.238Z INFO  Moving: Dire Wolf Mount w mini slot.stl → Beast/
2026-08-21T06:47:39.249Z INFO  Moving: Dire Wolf Mount.stl → Beast/
2026-08-21T06:47:39.259Z INFO  Moving: Dire Wolf.stl → Beast/
2026-08-21T06:47:39.270Z INFO  Moving: Dire Wolf Updated presupported.stl → Beast/
2026-08-21T06:47:39.280Z INFO  Moving: Dire Wolf Mount presupported.stl → Beast/
2026-08-21T06:47:39.292Z INFO  Moving: Displacer Beast.stl → Unsorted/
2026-08-21T06:47:39.303Z INFO  Moving: Large Creature Marker.stl → ../Utility/Size Markers/
2026-08-21T06:47:39.316Z INFO  Moving: Dracolich Body.stl → Undead/
2026-08-21T06:47:39.326Z INFO  Moving: Huge Creature Size Marker.stl → ../Utility/Size Markers/
2026-08-21T06:47:39.337Z INFO  Moving: Draft Horse presupported.stl → Beast/
2026-08-21T06:47:39.347Z INFO  Moving: Draft Horse.stl → Beast/
2026-08-21T06:47:39.358Z INFO  Moving: Gargantuan Creature Size Marker.stl → ../Utility/Size Markers/
2026-08-21T06:47:39.369Z INFO  Moving: Large Creature Size Marker.stl → ../Utility/Size Markers/
2026-08-21T06:47:39.381Z INFO  Moving: Druid Female presupported.stl → Humanoid/Human/
2026-08-21T06:47:39.394Z INFO  Moving: Druid Female.stl → Humanoid/Human/
2026-08-21T06:47:39.406Z INFO  Moving: Druid Male presupported.stl → Humanoid/Human/
2026-08-21T06:47:39.419Z INFO  Moving: Druid Male.stl → Humanoid/Human/
2026-08-21T06:47:39.430Z INFO  Moving: Eagle updated presupported.stl → Beast/
2026-08-21T06:47:39.440Z INFO  Moving: Eagle updated.stl → Beast/
2026-08-21T06:47:39.451Z INFO  Moving: small creature flying.stl → ../Utility/Size Markers/
2026-08-21T06:47:39.462Z INFO  Moving: Earth Elemental.stl → Elemental/
2026-08-21T06:47:39.472Z INFO  Moving: Gargantuan Creature Size Marker.stl → ../Utility/Size Markers/
2026-08-21T06:47:39.483Z INFO  Moving: Huge Creature Marker.stl → ../Utility/Size Markers/
2026-08-21T06:47:39.495Z INFO  Moving: Elephant presupported.stl → Unsorted/
2026-08-21T06:47:39.506Z INFO  Moving: Elephant.stl → Unsorted/
2026-08-21T06:47:39.518Z INFO  Moving: Elk Cow presupported.stl → Unsorted/
2026-08-21T06:47:39.530Z INFO  Moving: Elk.stl → Unsorted/
2026-08-21T06:47:39.542Z INFO  Moving: Elk Cow.stl → Unsorted/
2026-08-21T06:47:39.554Z INFO  Moving: Elk Mount presupported.stl → Unsorted/
2026-08-21T06:47:39.566Z INFO  Moving: Elk Mount.stl → Unsorted/
2026-08-21T06:47:39.578Z INFO  Moving: Elk presupported.stl → Unsorted/
2026-08-21T06:47:39.588Z INFO  Moving: Huge Creature Size Marker.stl → ../Utility/Size Markers/
2026-08-21T06:47:39.598Z INFO  Moving: Medium Sized Creature Flying Size Marker.stl → ../Utility/Size Markers/
2026-08-21T06:47:39.610Z INFO  Moving: Erinyes.stl → Fiend/Devil/
2026-08-21T06:47:39.620Z INFO  Moving: Ettin.stl → Aberration/
2026-08-21T06:47:39.630Z INFO  Moving: Large Creature Size Marker.stl → ../Utility/Size Markers/
2026-08-21T06:47:39.641Z INFO  Moving: Small Creature Flying Size Marker.stl → ../Utility/Size Markers/
2026-08-21T06:47:39.652Z INFO  Moving: Fire Elemental.stl → Elemental/
2026-08-21T06:47:39.664Z INFO  Moving: Fire Giant Female.stl → Elemental/
2026-08-21T06:47:39.675Z INFO  Moving: Huge Creature Size Marker.stl → ../Utility/Size Markers/
2026-08-21T06:47:39.685Z INFO  Moving: small creature flying marker.stl → ../Utility/Size Markers/
2026-08-21T06:47:39.698Z INFO  Moving: Flumph.stl → Monstrosity/
2026-08-21T06:47:39.709Z INFO  Moving: Small Creature Flying Size Marker.stl → ../Utility/Size Markers/
2026-08-21T06:47:39.781Z INFO  Moving: Flying Snake Updated presupported.stl → ../Utility/Size Markers/
2026-08-21T06:47:39.792Z INFO  Moving: Flying Snake Updated.stl → ../Utility/Size Markers/
2026-08-21T06:47:39.804Z INFO  Moving: Fomorian.stl → Giant/
2026-08-21T06:47:39.815Z INFO  Moving: Huge Creature Size Marker.stl → ../Utility/Size Markers/
2026-08-21T06:47:39.826Z INFO  Moving: Frog presupported.stl → Unsorted/
2026-08-21T06:47:39.838Z INFO  Moving: Frog.stl → Unsorted/
2026-08-21T06:47:39.851Z INFO  Moving: Frost Giant Axe.stl → Giant/Hill/
2026-08-21T06:47:39.861Z INFO  Moving: Huge Creature Size Marker.stl → ../Utility/Size Markers/
2026-08-21T06:47:39.874Z INFO  Moving: Frost Giant Female.stl → Giant/Hill/
2026-08-21T06:47:39.884Z INFO  Moving: Large Creature Flying Size Marker.stl → ../Utility/Size Markers/
2026-08-21T06:47:39.896Z INFO  Moving: Violet Fungus presupported.stl → Unsorted/
2026-08-21T06:47:39.908Z INFO  Moving: Violet Fungus.stl → Unsorted/
2026-08-21T06:47:39.919Z INFO  Moving: Galeb Duhr presupported.stl → Unsorted/
2026-08-21T06:47:39.931Z INFO  Moving: Galeb Duhr.stl → Unsorted/
2026-08-21T06:47:39.942Z INFO  Moving: Medium Sized Creature Flying Marker.stl → ../Utility/Size Markers/
2026-08-21T06:47:39.953Z INFO  Moving: Gargoyle Flying presupported.stl → ../Utility/Size Markers/
2026-08-21T06:47:39.973Z INFO  Moving: Gargoyle Flying.stl → ../Utility/Size Markers/
2026-08-21T06:47:39.984Z INFO  Moving: Gelatinous Cube.stl → Aberration/
2026-08-21T06:47:39.998Z INFO  Moving: Ghast presupported.stl → Undead/
2026-08-21T06:47:40.011Z INFO  Moving: Ghast.stl → Undead/
2026-08-21T06:47:40.025Z INFO  Moving: Ghoul Updated pose 1 presupported.stl → Undead/
2026-08-21T06:47:40.038Z INFO  Moving: Ghoul Updated pose 1.stl → Undead/
2026-08-21T06:47:40.052Z INFO  Moving: Ghoul Updated pose 2 presupported.stl → Undead/
2026-08-21T06:47:40.065Z INFO  Moving: Ghoul Updated pose 2.stl → Undead/
2026-08-21T06:47:40.079Z INFO  Moving: Ghoul Updated pose 3 presupported.stl → Undead/
2026-08-21T06:47:40.092Z INFO  Moving: Ghoul Updated pose 3.stl → Undead/
2026-08-21T06:47:40.104Z INFO  Moving: Giant Ape no stand presupported.stl → Giant/Hill/
2026-08-21T06:47:40.116Z INFO  Moving: Giant Ape no stand.stl → Giant/Hill/
2026-08-21T06:47:40.129Z INFO  Moving: Giant Ape.stl → Giant/Hill/
2026-08-21T06:47:40.139Z INFO  Moving: Huge Creature Marker.stl → ../Utility/Size Markers/
2026-08-21T06:47:40.150Z INFO  Moving: Giant Badger Mount Presupported.stl → Giant/Hill/
2026-08-21T06:47:40.162Z INFO  Moving: Giant Badger presuported.stl → Giant/Hill/
2026-08-21T06:47:40.174Z INFO  Moving: Giant Badger Mount.stl → Giant/Hill/
2026-08-21T06:47:40.186Z INFO  Moving: Giant Badger.stl → Giant/Hill/
2026-08-21T06:47:40.199Z INFO  Moving: Giant Bat presupported.stl → Giant/Hill/
2026-08-21T06:47:40.210Z INFO  Moving: Giant Bat.stl → Giant/Hill/
2026-08-21T06:47:40.221Z INFO  Moving: Large Creature Flying Marker.stl → ../Utility/Size Markers/
2026-08-21T06:47:40.231Z INFO  Moving: Giant Boar Mount presupported.stl → Beast/
2026-08-21T06:47:40.242Z INFO  Moving: Giant Boar Mount w mini slot.stl → Beast/
2026-08-21T06:47:40.253Z INFO  Moving: Giant Boar Mount.stl → Beast/
2026-08-21T06:47:40.263Z INFO  Moving: Giant Boar presupported.stl → Beast/
2026-08-21T06:47:40.273Z INFO  Moving: Giant Boar.stl → Beast/
2026-08-21T06:47:40.284Z INFO  Moving: Giant Boar Mount w mini slot presupported.stl → Beast/
2026-08-21T06:47:40.294Z INFO  Moving: Giant Centipede presupported.stl → Aberration/
2026-08-21T06:47:40.305Z INFO  Moving: Giant Centipede.stl → Aberration/
2026-08-21T06:47:40.315Z INFO  Moving: Giant Constrictor Snake Coiled presupported.stl → Beast/
2026-08-21T06:47:40.326Z INFO  Moving: Giant Constrictor Snake Coiled.stl → Beast/
2026-08-21T06:47:40.337Z INFO  Moving: Giant Constrictor Snake no stand presupported.stl → Beast/
2026-08-21T06:47:40.347Z INFO  Moving: Huge Creature marker.stl → ../Utility/Size Markers/
2026-08-21T06:47:40.358Z INFO  Moving: Giant Constrictor Snake no stand.stl → Beast/
2026-08-21T06:47:40.369Z INFO  Moving: Giant Constrictor Snake presupported.stl → Beast/
2026-08-21T06:47:40.379Z INFO  Moving: Giant Constrictor Snake.stl → Beast/
2026-08-21T06:47:40.391Z INFO  Moving: Giant Crab rear.stl → Giant/Hill/
2026-08-21T06:47:40.403Z INFO  Moving: Giant Crab.stl → Giant/Hill/
2026-08-21T06:47:40.415Z INFO  Moving: Giant Crab front.stl → Giant/Hill/
2026-08-21T06:47:40.427Z INFO  Moving: Giant Crab presupported.stl → Giant/Hill/
2026-08-21T06:47:40.437Z INFO  Moving: Giant Crocodile no stand.stl → Beast/
2026-08-21T06:47:40.448Z INFO  Moving: Giant Crocodile presupported.stl → Beast/
2026-08-21T06:47:40.459Z INFO  Moving: Giant Crocodile.stl → Beast/
2026-08-21T06:47:40.469Z INFO  Moving: Huge Creature marker.stl → ../Utility/Size Markers/
2026-08-21T06:47:40.480Z INFO  Moving: Giant Eagle. presupported.stl → Beast/
2026-08-21T06:47:40.491Z INFO  Moving: Giant Eagle..stl → Beast/
2026-08-21T06:47:40.552Z INFO  Moving: large creature flying marker.stl → ../Utility/Size Markers/
2026-08-21T06:47:40.562Z INFO  Moving: Huge Creature Marker.stl → ../Utility/Size Markers/
2026-08-21T06:47:40.574Z INFO  Moving: Giant Elk no stand.stl → Giant/Hill/
2026-08-21T06:47:40.586Z INFO  Moving: Giant Frog presupported.stl → Giant/Hill/
2026-08-21T06:47:40.598Z INFO  Moving: Giant Frog.stl → Giant/Hill/
2026-08-21T06:47:40.610Z INFO  Moving: Giant Goat Mount presupported.stl → Giant/Hill/
2026-08-21T06:47:40.623Z INFO  Moving: Giant Goat Mount w mini slot presupported.stl → Giant/Hill/
2026-08-21T06:47:40.636Z INFO  Moving: Giant Goat Mount w mini slot.stl → Giant/Hill/
2026-08-21T06:47:40.648Z INFO  Moving: Giant Goat Mount.stl → Giant/Hill/
2026-08-21T06:47:40.660Z INFO  Moving: Giant Goat presupported.stl → Giant/Hill/
2026-08-21T06:47:40.673Z INFO  Moving: Giant Goat.stl → Giant/Hill/
2026-08-21T06:47:40.686Z INFO  Moving: Giant Hyena.stl → Giant/Hill/
2026-08-21T06:47:40.699Z INFO  Moving: Giant Hyena presupported.stl → Giant/Hill/
2026-08-21T06:47:40.710Z INFO  Moving: Giant Lizard presupported.stl → Beast/
2026-08-21T06:47:40.721Z INFO  Moving: Giant Pack Lizard presupported.stl → Beast/
2026-08-21T06:47:40.732Z INFO  Moving: Giant Lizard.stl → Beast/
2026-08-21T06:47:40.743Z INFO  Moving: Giant Pack Lizard.stl → Beast/
2026-08-21T06:47:40.754Z INFO  Moving: Giant Lizard  Mount w mini slot presupported.stl → Beast/
2026-08-21T06:47:40.765Z INFO  Moving: Giant Lizard  Mount w mini slot.stl → Beast/
2026-08-21T06:47:40.777Z INFO  Moving: Giant Lizard Mount presupported.stl → Beast/
2026-08-21T06:47:40.789Z INFO  Moving: Giant Lizard Mount.stl → Beast/
2026-08-21T06:47:40.801Z INFO  Moving: Giant Octopus presupported.stl → Giant/Hill/
2026-08-21T06:47:40.814Z INFO  Moving: Giant Octopus.stl → Giant/Hill/
2026-08-21T06:47:40.825Z INFO  Moving: Large Creature Flying Marker.stl → ../Utility/Size Markers/
2026-08-21T06:47:40.836Z INFO  Moving: Giant Owl presupported.stl → Beast/
2026-08-21T06:47:40.848Z INFO  Moving: Giant Owl.stl → Beast/
2026-08-21T06:47:40.858Z INFO  Moving: Giant Rat.stl → Beast/
2026-08-21T06:47:40.868Z INFO  Moving: Giant Rat presupported.stl → Beast/
2026-08-21T06:47:40.879Z INFO  Moving: Giant Scorpion presupported.stl → Beast/
2026-08-21T06:47:40.890Z INFO  Moving: Giant Scorpion.stl → Beast/
2026-08-21T06:47:40.901Z INFO  Moving: Giant Seahorse.stl → Beast/
2026-08-21T06:47:40.912Z INFO  Moving: Giant Seahorse Stand.stl → Beast/
2026-08-21T06:47:40.923Z INFO  Moving: Giant Seahorse presupported.stl → Beast/
2026-08-21T06:47:40.934Z INFO  Moving: Giant Seahorse Stand shapeways.stl → Beast/
2026-08-21T06:47:40.945Z INFO  Moving: Giant Seahorse Stand.stl → Beast/
2026-08-21T06:47:40.956Z INFO  Moving: Giant Seahorse presupported.stl → Beast/
2026-08-21T06:47:40.967Z INFO  Moving: Giant Seahorse.stl → Beast/
2026-08-21T06:47:40.980Z INFO  Moving: Giant Shark presupported.stl → Giant/Hill/
2026-08-21T06:47:40.991Z INFO  Moving: Giant Shark Coming out of Water presupported.stl → Construct/
2026-08-21T06:47:41.003Z INFO  Moving: Giant Shark Coming out of Water.stl → Construct/
2026-08-21T06:47:41.015Z INFO  Moving: Giant Shark.stl → Giant/Hill/
2026-08-21T06:47:41.025Z INFO  Moving: huge_creature flying marker.stl → ../Utility/Size Markers/
2026-08-21T06:47:41.036Z INFO  Moving: Giant Spider no stand presupported.stl → Beast/
2026-08-21T06:47:41.047Z INFO  Moving: Giant Spider no stand.stl → Beast/
2026-08-21T06:47:41.058Z INFO  Moving: Giant Spider presupported.stl → Beast/
2026-08-21T06:47:41.069Z INFO  Moving: Giant Spider.stl → Beast/
2026-08-21T06:47:41.079Z INFO  Moving: Large Creature Marker.stl → ../Utility/Size Markers/
2026-08-21T06:47:41.090Z INFO  Moving: Giant Toad eating an adventurer.stl → Aberration/
2026-08-21T06:47:41.101Z INFO  Moving: Giant Toad presupported.stl → Giant/Hill/
2026-08-21T06:47:41.114Z INFO  Moving: Giant Toad.stl → Giant/Hill/
2026-08-21T06:47:41.124Z INFO  Moving: Giant Toad eating an adventurer presupported.stl → Aberration/
2026-08-21T06:47:41.135Z INFO  Moving: Giant Posionous Snake.stl → Beast/
2026-08-21T06:47:41.145Z INFO  Moving: Giant Posionous Snake presupported.stl → Beast/
2026-08-21T06:47:41.190Z INFO  Moving: Giant Vulture Flying.stl → ../Utility/Size Markers/
2026-08-21T06:47:41.222Z INFO  Moving: Giant Vulture Flying presupported.stl → ../Utility/Size Markers/
2026-08-21T06:47:41.233Z INFO  Moving: Large Creature Flying Marker.stl → ../Utility/Size Markers/
2026-08-21T06:47:41.245Z INFO  Moving: Giant Wasp 2 body only NO WINGS.stl → Giant/Hill/
2026-08-21T06:47:41.257Z INFO  Moving: Giant Wasp 2 body only presupported.stl → Giant/Hill/
2026-08-21T06:47:41.269Z INFO  Moving: Giant Wasp 2 body only.stl → Giant/Hill/
2026-08-21T06:47:41.281Z INFO  Moving: Giant Wasp 2 with miniature flat surface 4 wings.stl → Giant/Hill/
2026-08-21T06:47:41.294Z INFO  Moving: Giant Wasp Left.stl → Giant/Hill/
2026-08-21T06:47:41.306Z INFO  Moving: Giant Wasp Right.stl → Giant/Hill/
2026-08-21T06:47:41.320Z INFO  Moving: Giant Wasp for Shapeways.stl → Giant/Hill/
2026-08-21T06:47:41.331Z INFO  Moving: Large Creature Flying Stand.stl → ../Utility/Size Markers/
2026-08-21T06:47:41.343Z INFO  Moving: Giant Wasp 2 body LEFT WING.stl → Giant/Hill/
2026-08-21T06:47:41.356Z INFO  Moving: Giant Wasp 2 body RIGHT WING.stl → Giant/Hill/
2026-08-21T06:47:41.369Z INFO  Moving: Giant Wasp 2 body only FOR MINI PLACE HOLDER.stl → Giant/Hill/
2026-08-21T06:47:41.381Z INFO  Moving: Giant Weasel presupported.stl → Giant/Hill/
2026-08-21T06:47:41.393Z INFO  Moving: Giant Weasel.stl → Giant/Hill/
2026-08-21T06:47:41.403Z INFO  Moving: Giant Wolf Spider no stand presupported.stl → Beast/
2026-08-21T06:47:41.414Z INFO  Moving: Giant Wolf Spider no stand.stl → Beast/
2026-08-21T06:47:41.424Z INFO  Moving: Giant Wolf Spider presupported.stl → Beast/
2026-08-21T06:47:41.435Z INFO  Moving: Giant Wolf Spider.stl → Beast/
2026-08-21T06:47:41.445Z INFO  Moving: Medium Sized Creature Marker.stl → ../Utility/Size Markers/
2026-08-21T06:47:41.457Z INFO  Moving: Goat presupported.stl → Unsorted/
2026-08-21T06:47:41.469Z INFO  Moving: Goat.stl → Unsorted/
2026-08-21T06:47:41.480Z INFO  Moving: Glabrezu.stl → Fiend/Demon/
2026-08-21T06:47:41.492Z INFO  Moving: Gladiator Male presupported.stl → Unsorted/
2026-08-21T06:47:41.504Z INFO  Moving: Gladiator Male.stl → Unsorted/
2026-08-21T06:47:41.516Z INFO  Moving: Gladiator Female presupported.stl → Unsorted/
2026-08-21T06:47:41.529Z INFO  Moving: Gladiator Female.stl → Unsorted/
2026-08-21T06:47:41.557Z INFO  Moving: Gnoll Fang of Yeenoghu presupported.stl → Construct/
2026-08-21T06:47:41.569Z INFO  Moving: Gnoll Fang of Yeenoghu.stl → Construct/
2026-08-21T06:47:41.581Z INFO  Moving: Gnoll Pack Lord presupported.stl → Fiend/
2026-08-21T06:47:41.594Z INFO  Moving: Gnoll Pack Lord.stl → Fiend/
2026-08-21T06:47:41.605Z INFO  Moving: Ancient Gold Dragon Body presupported.stl → Dragon/Chromatic/
2026-08-21T06:47:41.616Z INFO  Moving: Ancient Gold Dragon Body.stl → Dragon/Chromatic/
2026-08-21T06:47:41.627Z INFO  Moving: Gargantuan Creature Flying Size Marker.stl → ../Utility/Size Markers/
2026-08-21T06:47:41.639Z INFO  Moving: Gold Dragon Wyrmling presupported.stl → Dragon/Chromatic/
2026-08-21T06:47:41.650Z INFO  Moving: Gold Dragon Wyrmling.stl → Dragon/Chromatic/
2026-08-21T06:47:41.660Z INFO  Moving: Large Creature Flying Size Marker.stl → ../Utility/Size Markers/
2026-08-21T06:47:41.672Z INFO  Moving: Gorgon.stl → Unsorted/
2026-08-21T06:47:41.684Z INFO  Moving: Gorgon presupported.stl → Unsorted/
2026-08-21T06:47:41.696Z INFO  Moving: Goristro.stl → Unsorted/
2026-08-21T06:47:41.706Z INFO  Moving: Huge Creature Size Marker.stl → ../Utility/Size Markers/
2026-08-21T06:47:41.720Z INFO  Moving: Gray Ooze presupported.stl → Ooze/
2026-08-21T06:47:41.733Z INFO  Moving: Gray Ooze.stl → Ooze/
2026-08-21T06:47:41.744Z INFO  Moving: Huge Creature Flying Size Marker.stl → ../Utility/Size Markers/
2026-08-21T06:47:41.755Z INFO  Moving: Gargantuan Creature Flying Size Marker.stl → ../Utility/Size Markers/
2026-08-21T06:47:41.767Z INFO  Moving: Green Dragon Wyrmling.stl → Dragon/Chromatic/
2026-08-21T06:47:41.779Z INFO  Moving: Grell presupported.stl → Unsorted/
2026-08-21T06:47:41.791Z INFO  Moving: Grell.stl → Unsorted/
2026-08-21T06:47:41.801Z INFO  Moving: Large Creature Flying Stand.stl → ../Utility/Size Markers/
2026-08-21T06:47:41.812Z INFO  Moving: Large Creature Marker.stl → ../Utility/Size Markers/
2026-08-21T06:47:41.824Z INFO  Moving: Grimlock presupported.stl → Unsorted/
2026-08-21T06:47:41.836Z INFO  Moving: Grimlock.stl → Unsorted/
2026-08-21T06:47:41.847Z INFO  Moving: Guardian Naga.stl → Construct/
2026-08-21T06:47:41.857Z INFO  Moving: Medium Sized Creature Flying Marker.stl → ../Utility/Size Markers/
2026-08-21T06:47:41.868Z INFO  Moving: Hawk flying presupported.stl → ../Utility/Size Markers/
2026-08-21T06:47:41.880Z INFO  Moving: Hawk flying.stl → ../Utility/Size Markers/
2026-08-21T06:47:41.890Z INFO  Moving: Hawk sitting presupported.stl → Aberration/
2026-08-21T06:47:41.901Z INFO  Moving: Hawk sitting.stl → Aberration/
2026-08-21T06:47:41.912Z INFO  Moving: Helmed Horror.stl → Unsorted/
2026-08-21T06:47:41.924Z INFO  Moving: Helmed Horror presupported.stl → Unsorted/
2026-08-21T06:47:41.936Z INFO  Moving: Hezrou presupported.stl → Unsorted/
2026-08-21T06:47:41.948Z INFO  Moving: Hezrou.stl → Unsorted/
2026-08-21T06:47:41.960Z INFO  Moving: Hill Giant Female.stl → Giant/Hill/
2026-08-21T06:47:41.970Z INFO  Moving: Huge Creature Size Marker.stl → ../Utility/Size Markers/
2026-08-21T06:47:41.981Z INFO  Moving: Large Creature Flying Size Marker.stl → ../Utility/Size Markers/
2026-08-21T06:47:41.994Z INFO  Moving: Hobgoblin Warlord presupported.stl → Fey/
2026-08-21T06:47:42.006Z INFO  Moving: Hobgoblin Warlord.stl → Fey/
2026-08-21T06:47:42.017Z INFO  Moving: Homunculus presupported.stl → Construct/
2026-08-21T06:47:42.028Z INFO  Moving: Homunculus.stl → Construct/
2026-08-21T06:47:42.039Z INFO  Moving: Large Creature Size Marker.stl → ../Utility/Size Markers/
2026-08-21T06:47:42.051Z INFO  Moving: Horned Devil.stl → Fiend/Demon/
2026-08-21T06:47:42.063Z INFO  Moving: Horned Devil presupported.stl → Fiend/Demon/
2026-08-21T06:47:42.075Z INFO  Moving: Hunter Shark presupported.stl → Unsorted/
2026-08-21T06:47:42.087Z INFO  Moving: Hunter Shark.stl → Unsorted/
2026-08-21T06:47:42.098Z INFO  Moving: Large Creature Flying Marker.stl → ../Utility/Size Markers/
2026-08-21T06:47:42.108Z INFO  Moving: Huge Creature Size Marker.stl → ../Utility/Size Markers/
2026-08-21T06:47:42.120Z INFO  Moving: Hydra.stl → Unsorted/
2026-08-21T06:47:42.132Z INFO  Moving: Hyena presupported.stl → Unsorted/
2026-08-21T06:47:42.144Z INFO  Moving: Hyena.stl → Unsorted/
2026-08-21T06:47:42.155Z INFO  Moving: Ice Devil presupported.stl → Fiend/Demon/
2026-08-21T06:47:42.167Z INFO  Moving: Ice Devil.stl → Fiend/Demon/
2026-08-21T06:47:42.179Z INFO  Moving: Incubus.stl → Unsorted/
2026-08-21T06:47:42.190Z INFO  Moving: Medium Sized Creature Flying Marker.stl → ../Utility/Size Markers/
2026-08-21T06:47:42.202Z INFO  Moving: Intellect Devourer presupported.stl → Unsorted/
2026-08-21T06:47:42.214Z INFO  Moving: Intellect Devourer.stl → Unsorted/
2026-08-21T06:47:42.226Z INFO  Moving: Invisible Stalker presupported.stl → Unsorted/
2026-08-21T06:47:42.238Z INFO  Moving: Invisible Stalker.stl → Unsorted/
2026-08-21T06:47:42.249Z INFO  Moving: Iron Golem.stl → Construct/
2026-08-21T06:47:42.261Z INFO  Moving: Jackel presupported.stl → Unsorted/
2026-08-21T06:47:42.272Z INFO  Moving: Jackel.stl → Unsorted/
2026-08-21T06:47:42.284Z INFO  Moving: Killer Whale Bottom.stl → Unsorted/
2026-08-21T06:47:42.296Z INFO  Moving: Killer Whale Top.stl → Unsorted/
2026-08-21T06:47:42.309Z INFO  Moving: Killer Whale presupported.stl → Unsorted/
2026-08-21T06:47:42.320Z INFO  Moving: Killer Whale.stl → Unsorted/
2026-08-21T06:47:42.331Z INFO  Moving: huge_creature flying marker.stl → ../Utility/Size Markers/
2026-08-21T06:47:42.344Z INFO  Moving: Knight Female presupported.stl → Humanoid/Human/
2026-08-21T06:47:42.357Z INFO  Moving: Knight Male.stl → Humanoid/Human/
2026-08-21T06:47:42.367Z INFO  Moving: Small Creature Flying Size Marker.stl → ../Utility/Size Markers/
2026-08-21T06:47:42.379Z INFO  Moving: Kobold.stl → Dragon/
2026-08-21T06:47:42.391Z INFO  Moving: Tentacle 1.stl → Unsorted/
2026-08-21T06:47:42.403Z INFO  Moving: Tentacle 10 presupported.stl → Unsorted/
2026-08-21T06:47:42.415Z INFO  Moving: Tentacle 10.stl → Unsorted/
2026-08-21T06:47:42.427Z INFO  Moving: Tentacle 2 presupported.stl → Unsorted/
2026-08-21T06:47:42.439Z INFO  Moving: Tentacle 2.stl → Unsorted/
2026-08-21T06:47:42.451Z INFO  Moving: Tentacle 3 presupported.stl → Unsorted/
2026-08-21T06:47:42.463Z INFO  Moving: Tentacle 3.stl → Unsorted/
2026-08-21T06:47:42.475Z INFO  Moving: Tentacle 4 presupported.stl → Unsorted/
2026-08-21T06:47:42.487Z INFO  Moving: Tentacle 4.stl → Unsorted/
2026-08-21T06:47:42.499Z INFO  Moving: Tentacle 5 presupported.stl → Unsorted/
2026-08-21T06:47:42.511Z INFO  Moving: Tentacle 5.stl → Unsorted/
2026-08-21T06:47:42.523Z INFO  Moving: Tentacle 6 presupported.stl → Unsorted/
2026-08-21T06:47:42.535Z INFO  Moving: Tentacle 6.stl → Unsorted/
2026-08-21T06:47:42.547Z INFO  Moving: Tentacle 7 presupported.stl → Unsorted/
2026-08-21T06:47:42.559Z INFO  Moving: Tentacle 7.stl → Unsorted/
2026-08-21T06:47:42.571Z INFO  Moving: Tentacle 8 presupported.stl → Unsorted/
2026-08-21T06:47:42.583Z INFO  Moving: Tentacle 8.stl → Unsorted/
2026-08-21T06:47:42.594Z INFO  Moving: Tentacle 9 presupported.stl → Unsorted/
2026-08-21T06:47:42.606Z INFO  Moving: Tentacle 9.stl → Unsorted/
2026-08-21T06:47:42.619Z INFO  Moving: Tentacle 1 presupported.stl → Unsorted/
2026-08-21T06:47:42.629Z INFO  Moving: Lion 2 presupported.stl → Beast/
2026-08-21T06:47:42.639Z INFO  Moving: Lion.stl → Beast/
2026-08-21T06:47:42.650Z INFO  Moving: Lioness presupported.stl → Beast/
2026-08-21T06:47:42.661Z INFO  Moving: Lioness.stl → Beast/
2026-08-21T06:47:42.671Z INFO  Moving: Lion 2.stl → Beast/
2026-08-21T06:47:42.682Z INFO  Moving: Lion presupported.stl → Beast/
2026-08-21T06:47:42.693Z INFO  Moving: Lizard presupported.stl → Beast/
2026-08-21T06:47:42.704Z INFO  Moving: Lizard.stl → Beast/
2026-08-21T06:47:42.716Z INFO  Moving: Mage Female presupported.stl → Humanoid/Human/
2026-08-21T06:47:42.729Z INFO  Moving: Mage Female.stl → Humanoid/Human/
2026-08-21T06:47:42.742Z INFO  Moving: Mage Male presupported.stl → Humanoid/Human/
2026-08-21T06:47:42.754Z INFO  Moving: Mage Male.stl → Humanoid/Human/
2026-08-21T06:47:42.764Z INFO  Moving: Huge Creature Marker.stl → ../Utility/Size Markers/
2026-08-21T06:47:42.775Z INFO  Moving: Manticore.stl → Aberration/
2026-08-21T06:47:42.786Z INFO  Moving: Large Creature Flying Size Marker.stl → ../Utility/Size Markers/
2026-08-21T06:47:42.796Z INFO  Moving: Manticore presupported.stl → Aberration/
2026-08-21T06:47:42.807Z INFO  Moving: Small Creature Flying Size Marker.stl → ../Utility/Size Markers/
2026-08-21T06:47:42.820Z INFO  Moving: Armoire Mimic Hiding presupported.stl → Monstrosity/
2026-08-21T06:47:42.833Z INFO  Moving: Armoire Mimic Hiding.stl → Monstrosity/
2026-08-21T06:47:42.847Z INFO  Moving: Armoire Mimic presupported.stl → Monstrosity/
2026-08-21T06:47:42.861Z INFO  Moving: Armoire Mimic.stl → Monstrosity/
2026-08-21T06:47:42.874Z INFO  Moving: Barrel Mimic Hiding presupported.stl → Monstrosity/
2026-08-21T06:47:42.887Z INFO  Moving: Barrel Mimic Hiding.stl → Monstrosity/
2026-08-21T06:47:42.902Z INFO  Moving: Barrel Mimic Presupported.stl → Monstrosity/
2026-08-21T06:47:42.916Z INFO  Moving: Barrel Mimic.stl → Monstrosity/
2026-08-21T06:47:42.929Z INFO  Moving: Birthday Cake Mimic.stl → Monstrosity/
2026-08-21T06:47:42.942Z INFO  Moving: Birthday Cake.stl → Unsorted/
2026-08-21T06:47:42.955Z INFO  Moving: Birthday Cake Mimic presupported.stl → Monstrosity/
2026-08-21T06:47:42.968Z INFO  Moving: Book Mimic.stl → Monstrosity/
2026-08-21T06:47:42.981Z INFO  Moving: Mimic_Book_Shelf presupported.stl → Humanoid/Elf/
2026-08-21T06:47:42.994Z INFO  Moving: Mimic_Book_Shelf.stl → Humanoid/Elf/
2026-08-21T06:47:43.006Z INFO  Moving: Book Shelf Mimic Updated presupported.stl → Humanoid/Elf/
2026-08-21T06:47:43.018Z INFO  Moving: Book Shelf Mimic in Hiding presupported.stl → Humanoid/Elf/
2026-08-21T06:47:43.031Z INFO  Moving: Book Shelf Mimic in Hiding.stl → Humanoid/Elf/
2026-08-21T06:47:43.043Z INFO  Moving: Book Shelf Mimic Updated.stl → Humanoid/Elf/
2026-08-21T06:47:43.055Z INFO  Moving: Campfire Mimic Hiding.stl → Elemental/
2026-08-21T06:47:43.066Z INFO  Moving: Campfire Mimic.stl → Elemental/
2026-08-21T06:47:43.079Z INFO  Moving: Campfire Mimic Hiding presupported.stl → Elemental/
2026-08-21T06:47:43.097Z INFO  Moving: Campfire Mimic presupported.stl → Elemental/
2026-08-21T06:47:43.110Z INFO  Moving: Canoe Mimic Hiding presupported.stl → Monstrosity/
2026-08-21T06:47:43.123Z INFO  Moving: Canoe Mimic Hiding.stl → Monstrosity/
2026-08-21T06:47:43.136Z INFO  Moving: Canoe Mimic presupported.stl → Monstrosity/
2026-08-21T06:47:43.149Z INFO  Moving: Canoe Mimic.stl → Monstrosity/
2026-08-21T06:47:43.162Z INFO  Moving: Cavern Entrance Mimic Front.stl → Monstrosity/
2026-08-21T06:47:43.175Z INFO  Moving: Cavern Entrance Mimic Rear.stl → Monstrosity/
2026-08-21T06:47:43.188Z INFO  Moving: Cavern Entrance Mimic in Hiding.stl → Monstrosity/
2026-08-21T06:47:43.201Z INFO  Moving: Cavern Entrance Mimic.stl → Monstrosity/
2026-08-21T06:47:43.215Z INFO  Moving: Mimic_Chest presupported.stl → Monstrosity/
2026-08-21T06:47:43.227Z INFO  Moving: Mimic_Chest.stl → Monstrosity/
2026-08-21T06:47:43.240Z INFO  Moving: Chest Mimic.stl → Monstrosity/
2026-08-21T06:47:43.254Z INFO  Moving: Chest Mimic Hiding presupported.stl → Monstrosity/
2026-08-21T06:47:43.266Z INFO  Moving: Chest Mimic Hiding.stl → Monstrosity/
2026-08-21T06:47:43.279Z INFO  Moving: Chest Mimic presupported.stl → Monstrosity/
2026-08-21T06:47:43.293Z INFO  Moving: Christmas Tree Mimic Hiding presupported.stl → Monstrosity/
2026-08-21T06:47:43.306Z INFO  Moving: Christmas Tree Mimic presupported.stl → Monstrosity/
2026-08-21T06:47:43.320Z INFO  Moving: Christmas Tree Mimic.stl → Monstrosity/
2026-08-21T06:47:43.362Z INFO  Moving: Christmas Tree Star in case it broke off or didnt print right.stl → Construct/
2026-08-21T06:47:43.375Z INFO  Moving: Christmas Tree Mimic Hiding.stl → Monstrosity/
2026-08-21T06:47:43.389Z INFO  Moving: Mimic_Door presupported.stl → Monstrosity/
2026-08-21T06:47:43.402Z INFO  Moving: Mimic_Door.stl → Monstrosity/
2026-08-21T06:47:43.415Z INFO  Moving: Mimic_Door_2 presupported.stl → Monstrosity/
2026-08-21T06:47:43.428Z INFO  Moving: Mimic_Door_2.stl → Monstrosity/
2026-08-21T06:47:43.441Z INFO  Moving: Door Mimic Updated Hiding presupported.stl → Monstrosity/
2026-08-21T06:47:43.455Z INFO  Moving: Door Mimic Updated Hiding.stl → Monstrosity/
2026-08-21T06:47:43.468Z INFO  Moving: Door Mimic Updated presupported.stl → Monstrosity/
2026-08-21T06:47:43.481Z INFO  Moving: Door Mimic Updated.stl → Monstrosity/
2026-08-21T06:47:43.493Z INFO  Moving: Fire by itself you should probably sand at the bottom before gluing just in case.stl → Elemental/
2026-08-21T06:47:43.504Z INFO  Moving: Fireplace Mimic Hiding no fire presupported.stl → Elemental/
2026-08-21T06:47:43.515Z INFO  Moving: Fireplace Mimic Hiding no fire.stl → Elemental/
2026-08-21T06:47:43.527Z INFO  Moving: Fireplace Mimic Hiding presupported.stl → Elemental/
2026-08-21T06:47:43.538Z INFO  Moving: Fireplace Mimic Hiding.stl → Elemental/
2026-08-21T06:47:43.550Z INFO  Moving: Fireplace Mimic.stl → Elemental/
2026-08-21T06:47:43.561Z INFO  Moving: Fireplace Mimic presupported.stl → Elemental/
2026-08-21T06:47:43.575Z INFO  Moving: Grand Piano Mimic presupported.stl → Monstrosity/
2026-08-21T06:47:43.588Z INFO  Moving: Grand Piano Mimic.stl → Monstrosity/
2026-08-21T06:47:43.602Z INFO  Moving: Grant Piano Mimic hiding presupported.stl → Monstrosity/
2026-08-21T06:47:43.615Z INFO  Moving: Grant Piano Mimic hiding.stl → Monstrosity/
2026-08-21T06:47:43.628Z INFO  Moving: Heart Shaped Chocolate Candy Box Mimic Hiding presupported.stl → Monstrosity/
2026-08-21T06:47:43.642Z INFO  Moving: Heart Shaped Chocolate Candy Box Mimic Hiding.stl → Monstrosity/
2026-08-21T06:47:43.655Z INFO  Moving: Heart Shaped Chocolate Candy Box Mimic presupported.stl → Monstrosity/
2026-08-21T06:47:43.669Z INFO  Moving: Heart Shaped Chocolate Candy Box Mimic.stl → Monstrosity/
2026-08-21T06:47:43.683Z INFO  Moving: Jack O Lantern Mimic presupported.stl → Monstrosity/
2026-08-21T06:47:43.696Z INFO  Moving: Jack O Lantern Mimic.stl → Monstrosity/
2026-08-21T06:47:43.710Z INFO  Moving: Jack O Lantern presupported.stl → Unsorted/
2026-08-21T06:47:43.723Z INFO  Moving: Jack O Lantern.stl → Unsorted/
2026-08-21T06:47:43.737Z INFO  Moving: Japanese Vending Machine Mimic Hiding presupported.stl → Monstrosity/
2026-08-21T06:47:43.750Z INFO  Moving: Japanese Vending Machine Mimic Hiding.stl → Monstrosity/
2026-08-21T06:47:43.764Z INFO  Moving: Japanese Vending Machine Mimic presupported.stl → Monstrosity/
2026-08-21T06:47:43.777Z INFO  Moving: Japanese Vending Machine Mimic.stl → Monstrosity/
2026-08-21T06:47:43.790Z INFO  Moving: Mimic Master presupported.stl → Monstrosity/
2026-08-21T06:47:43.803Z INFO  Moving: Mimic Master.stl → Monstrosity/
2026-08-21T06:47:43.814Z INFO  Moving: Nesting Doll Mimic Hiding presupported.stl → Aberration/
2026-08-21T06:47:43.826Z INFO  Moving: Nesting Doll Mimic Hiding.stl → Aberration/
2026-08-21T06:47:43.836Z INFO  Moving: Nesting Doll Mimic presupported.stl → Aberration/
2026-08-21T06:47:43.847Z INFO  Moving: Nesting Doll Mimic.stl → Aberration/
2026-08-21T06:47:43.861Z INFO  Moving: Pancakes Mimic Hiding presupported.stl → Monstrosity/
2026-08-21T06:47:43.875Z INFO  Moving: Pancakes Mimic presupported.stl → Monstrosity/
2026-08-21T06:47:43.889Z INFO  Moving: Pancakes Mimic Hiding.stl → Monstrosity/
2026-08-21T06:47:43.903Z INFO  Moving: Pancakes Mimic.stl → Monstrosity/
2026-08-21T06:47:43.916Z INFO  Moving: Galleon Bow but a Mimic Mouth.stl → Monstrosity/
2026-08-21T06:47:43.930Z INFO  Moving: Space Galleon Bow but a Mimic Mouth.stl → Monstrosity/
2026-08-21T06:47:43.982Z INFO  Moving: Pot of Gold Mimic Hiding presupported.stl → Construct/
2026-08-21T06:47:43.994Z INFO  Moving: Pot of Gold Mimic Hiding.stl → Construct/
2026-08-21T06:47:44.006Z INFO  Moving: Pot of Gold Mimic presupported.stl → Construct/
2026-08-21T06:47:44.018Z INFO  Moving: Pot of Gold Mimic.stl → Construct/
2026-08-21T06:47:44.031Z INFO  Moving: SEXY MIMIC presupported.stl → Monstrosity/
2026-08-21T06:47:44.044Z INFO  Moving: SEXY MIMIC.stl → Monstrosity/
2026-08-21T06:47:44.058Z INFO  Moving: Sewing Machine Mimic Hiding presupported.stl → Monstrosity/
2026-08-21T06:47:44.071Z INFO  Moving: Sewing Machine Mimic Hiding.stl → Monstrosity/
2026-08-21T06:47:44.084Z INFO  Moving: Sewing Machine Mimic presupported.stl → Monstrosity/
2026-08-21T06:47:44.097Z INFO  Moving: Sewing Machine Mimic.stl → Monstrosity/
2026-08-21T06:47:44.109Z INFO  Moving: Spinning Base.stl → Unsorted/
2026-08-21T06:47:44.123Z INFO  Moving: Spinning Heart Shaped Bed Mimic Hiding presupported.stl → Monstrosity/
2026-08-21T06:47:44.137Z INFO  Moving: Spinning Heart Shaped Bed Mimic Hiding.stl → Monstrosity/
2026-08-21T06:47:44.151Z INFO  Moving: Spinning Heart Shaped Bed Mimic presupported.stl → Monstrosity/
2026-08-21T06:47:44.164Z INFO  Moving: Spinning Heart Shaped Bed Mimic.stl → Monstrosity/
2026-08-21T06:47:44.175Z INFO  Moving: Teddy Bear Mimic Hiding presupported.stl → Beast/
2026-08-21T06:47:44.186Z INFO  Moving: Teddy Bear Mimic Hiding.stl → Beast/
2026-08-21T06:47:44.197Z INFO  Moving: Teddy Bear Mimic presupported.stl → Beast/
2026-08-21T06:47:44.208Z INFO  Moving: Teddy Bear Mimic.stl → Beast/
2026-08-21T06:47:44.220Z INFO  Moving: Tent 1 presupported.stl → Unsorted/
2026-08-21T06:47:44.233Z INFO  Moving: Tent Mimic.stl → Monstrosity/
2026-08-21T06:47:44.245Z INFO  Moving: Tent 1.stl → Unsorted/
2026-08-21T06:47:44.258Z INFO  Moving: Tent Mimic presupported.stl → Monstrosity/
2026-08-21T06:47:44.271Z INFO  Moving: Toilet Mimic Updated Hiding presupported.stl → Monstrosity/
2026-08-21T06:47:44.285Z INFO  Moving: Toilet Mimic Updated Hiding..stl → Monstrosity/
2026-08-21T06:47:44.298Z INFO  Moving: Toilet Mimic Updated presupported.stl → Monstrosity/
2026-08-21T06:47:44.311Z INFO  Moving: Toilet Mimic Updated..stl → Monstrosity/
2026-08-21T06:47:44.325Z INFO  Moving: Mimic_Toilet presupported.stl → Monstrosity/
2026-08-21T06:47:44.338Z INFO  Moving: Mimic_Toilet.stl → Monstrosity/
2026-08-21T06:47:44.349Z INFO  Moving: Tombstone Mimic Hiding presupported.stl → Construct/
2026-08-21T06:47:44.360Z INFO  Moving: Tombstone Mimic Hiding.stl → Construct/
2026-08-21T06:47:44.371Z INFO  Moving: Tombstone Mimic presupported.stl → Construct/
2026-08-21T06:47:44.382Z INFO  Moving: Tombstone Mimic.stl → Construct/
2026-08-21T06:47:44.396Z INFO  Moving: Wagon Mimic presupported.stl → Monstrosity/
2026-08-21T06:47:44.409Z INFO  Moving: Wagon Mimic.stl → Monstrosity/
2026-08-21T06:47:44.421Z INFO  Moving: Wagon presupported.stl → Unsorted/
2026-08-21T06:47:44.432Z INFO  Moving: Wagon.stl → Unsorted/
2026-08-21T06:47:44.443Z INFO  Moving: Duodrone 1 presupported.stl → Construct/
2026-08-21T06:47:44.455Z INFO  Moving: Duodrone 1.stl → Construct/
2026-08-21T06:47:44.465Z INFO  Moving: Duodrone 2 presupported.stl → Construct/
2026-08-21T06:47:44.476Z INFO  Moving: Duodrone 2.stl → Construct/
2026-08-21T06:47:44.487Z INFO  Moving: Monodrone 1 presupported.stl → Construct/
2026-08-21T06:47:44.498Z INFO  Moving: Monodrone 1.stl → Construct/
2026-08-21T06:47:44.509Z INFO  Moving: Monodrone 2 presupported.stl → Construct/
2026-08-21T06:47:44.521Z INFO  Moving: Monodrone 2.stl → Construct/
2026-08-21T06:47:44.532Z INFO  Moving: Monodrone 3 presupported.stl → Construct/
2026-08-21T06:47:44.543Z INFO  Moving: Monodrone 3.stl → Construct/
2026-08-21T06:47:44.554Z INFO  Moving: Pentadrone bottom.stl → Construct/
2026-08-21T06:47:44.564Z INFO  Moving: Pentadrone presupported.stl → Construct/
2026-08-21T06:47:44.576Z INFO  Moving: Pentadrone top presupported.stl → Construct/
2026-08-21T06:47:44.587Z INFO  Moving: Pentadrone top.stl → Construct/
2026-08-21T06:47:44.598Z INFO  Moving: Pentadrone.stl → Construct/
2026-08-21T06:47:44.609Z INFO  Moving: Pentadrone bottom presupported.stl → Construct/
2026-08-21T06:47:44.620Z INFO  Moving: Quadrone.stl → Construct/
2026-08-21T06:47:44.631Z INFO  Moving: Quadrone presupported.stl → Construct/
2026-08-21T06:47:44.642Z INFO  Moving: Tridrone presupported.stl → Construct/
2026-08-21T06:47:44.653Z INFO  Moving: Tridrone.stl → Construct/
2026-08-21T06:47:44.666Z INFO  Moving: Myconid Adult 1 presupported.stl → Plant/
2026-08-21T06:47:44.679Z INFO  Moving: Myconid Adult 1.stl → Plant/
2026-08-21T06:47:44.693Z INFO  Moving: Myconid Adult 2 presupported.stl → Plant/
2026-08-21T06:47:44.707Z INFO  Moving: Myconid Adult 3 presupported.stl → Plant/
2026-08-21T06:47:44.720Z INFO  Moving: Myconid Adult 3.stl → Plant/
2026-08-21T06:47:44.733Z INFO  Moving: Myconid Adult 4 presupported.stl → Plant/
2026-08-21T06:47:44.747Z INFO  Moving: Myconid Adult 4.stl → Plant/
2026-08-21T06:47:44.760Z INFO  Moving: Myconid Adult 2.stl → Plant/
2026-08-21T06:47:44.773Z INFO  Moving: Myconid Sovereign presupported.stl → Plant/
2026-08-21T06:47:44.787Z INFO  Moving: Myconid Sovereign.stl → Plant/
2026-08-21T06:47:44.800Z INFO  Moving: Myconid Spore Servant Duergar 2.stl → Humanoid/Dwarf/
2026-08-21T06:47:44.813Z INFO  Moving: Myconid Spore Servant Svirfneblin 1 presupported.stl → Plant/
2026-08-21T06:47:44.827Z INFO  Moving: Myconid Spore Servant Svirfneblin 1.stl → Plant/
2026-08-21T06:47:44.841Z INFO  Moving: Myconid Spore Servant Svirfneblin 2 presupported.stl → Plant/
2026-08-21T06:47:44.854Z INFO  Moving: Myconid Spore Servant Svirfneblin 2.stl → Plant/
2026-08-21T06:47:44.867Z INFO  Moving: Myconid Spore Servant 1 presupported.stl → Plant/
2026-08-21T06:47:44.881Z INFO  Moving: Myconid Spore Servant 1.stl → Plant/
2026-08-21T06:47:44.895Z INFO  Moving: Myconid Spore Servant 2 presupported.stl → Plant/
2026-08-21T06:47:44.908Z INFO  Moving: Myconid Spore Servant 2.stl → Plant/
2026-08-21T06:47:44.921Z INFO  Moving: Myconid Spore Servant Duergar 1 presupported.stl → Humanoid/Dwarf/
2026-08-21T06:47:44.933Z INFO  Moving: Myconid Spore Servant Duergar 1.stl → Humanoid/Dwarf/
2026-08-21T06:47:44.946Z INFO  Moving: Myconid Spore Servant Duergar 2 presupported.stl → Humanoid/Dwarf/
2026-08-21T06:47:44.960Z INFO  Moving: Myconid Sprout 1.stl → Plant/
2026-08-21T06:47:44.973Z INFO  Moving: Myconid Sprout 2 presupported.stl → Plant/
2026-08-21T06:47:44.986Z INFO  Moving: Myconid Sprout 2.stl → Plant/
2026-08-21T06:47:45.000Z INFO  Moving: Myconid Sprout 4.stl → Plant/
2026-08-21T06:47:45.013Z INFO  Moving: Myconid Sprout 1 presupported.stl → Plant/
2026-08-21T06:47:45.027Z INFO  Moving: Myconid Sprout 3 presupported.stl → Plant/
2026-08-21T06:47:45.040Z INFO  Moving: Myconid Sprout 3.stl → Plant/
2026-08-21T06:47:45.054Z INFO  Moving: Myconid Sprout 4 presupported.stl → Plant/
2026-08-21T06:47:45.066Z INFO  Moving: Nalfeshnee.stl → Fiend/Demon/
2026-08-21T06:47:45.078Z INFO  Moving: Nalfeshnee presupported.stl → Fiend/Demon/
2026-08-21T06:47:45.090Z INFO  Moving: Night Hag Female presupported.stl → Fey/
2026-08-21T06:47:45.101Z INFO  Moving: Night Hag Female.stl → Fey/
2026-08-21T06:47:45.113Z INFO  Moving: Night Hag Male presupported.stl → Fey/
2026-08-21T06:47:45.125Z INFO  Moving: Night Hag Male.stl → Fey/
2026-08-21T06:47:45.137Z INFO  Moving: Noble presupported.stl → Humanoid/Human/
2026-08-21T06:47:45.150Z INFO  Moving: Noble.stl → Humanoid/Human/
2026-08-21T06:47:45.163Z INFO  Moving: Noblewoman presupported.stl → Humanoid/Human/
2026-08-21T06:47:45.175Z INFO  Moving: Noblewoman.stl → Humanoid/Human/
2026-08-21T06:47:45.187Z INFO  Moving: Noble Female Prodigy presupported.stl → Humanoid/Human/
2026-08-21T06:47:45.200Z INFO  Moving: Noble Female Prodigy.stl → Humanoid/Human/
2026-08-21T06:47:45.212Z INFO  Moving: Noble Male Prodigy presupported.stl → Humanoid/Human/
2026-08-21T06:47:45.225Z INFO  Moving: Noble Male Prodigy.stl → Humanoid/Human/
2026-08-21T06:47:45.322Z INFO  Moving: Nothic 1 presupported.stl → Aberration/
2026-08-21T06:47:45.333Z INFO  Moving: Nothic 1.stl → Aberration/
2026-08-21T06:47:45.345Z INFO  Moving: Nothic 2 presupported.stl → Aberration/
2026-08-21T06:47:45.365Z INFO  Moving: Nothic 2.stl → Aberration/
2026-08-21T06:47:45.376Z INFO  Moving: Nothic 3 presupported.stl → Aberration/
2026-08-21T06:47:45.387Z INFO  Moving: Nothic 3.stl → Aberration/
2026-08-21T06:47:45.399Z INFO  Moving: Nycaloth.stl → Fiend/Yugoloth/
2026-08-21T06:47:45.410Z INFO  Moving: Large Creature Flying Size Marker.stl → ../Utility/Size Markers/
2026-08-21T06:47:45.422Z INFO  Moving: Nycaloth presupported.stl → Fiend/Yugoloth/
2026-08-21T06:47:45.435Z INFO  Moving: Oche Jelly Split 1 presupported.stl → Ooze/
2026-08-21T06:47:45.450Z INFO  Moving: Oche Jelly Split 1.stl → Ooze/
2026-08-21T06:47:45.463Z INFO  Moving: Oche Jelly Split 2 presupported.stl → Ooze/
2026-08-21T06:47:45.476Z INFO  Moving: Oche Jelly Split 2.stl → Ooze/
2026-08-21T06:47:45.489Z INFO  Moving: Ochre Jelly presupported.stl → Ooze/
2026-08-21T06:47:45.502Z INFO  Moving: Ochre Jelly.stl → Ooze/
2026-08-21T06:47:45.514Z INFO  Moving: Octopus presupported.stl → Unsorted/
2026-08-21T06:47:45.526Z INFO  Moving: Octopus.stl → Unsorted/
2026-08-21T06:47:45.538Z INFO  Moving: Ogre Male presupported.stl → Giant/
2026-08-21T06:47:45.550Z INFO  Moving: Ogre Female presupported.stl → Giant/
2026-08-21T06:47:45.562Z INFO  Moving: Ogre Male.stl → Giant/
2026-08-21T06:47:45.574Z INFO  Moving: Ogre Female.stl → Giant/
2026-08-21T06:47:45.587Z INFO  Moving: Ogrillon Ogre Female presupported.stl → Giant/
2026-08-21T06:47:45.599Z INFO  Moving: Ogrillon Ogre Female.stl → Giant/
2026-08-21T06:47:45.611Z INFO  Moving: Ogrillon Ogre Male presupported.stl → Giant/
2026-08-21T06:47:45.624Z INFO  Moving: Ogrillon Ogre Male.stl → Giant/
2026-08-21T06:47:45.636Z INFO  Moving: Oni Female.stl → Unsorted/
2026-08-21T06:47:45.648Z INFO  Moving: Oni Male presupported.stl → Unsorted/
2026-08-21T06:47:45.659Z INFO  Moving: Oni Male.stl → Unsorted/
2026-08-21T06:47:45.672Z INFO  Moving: Oni Female presupported.stl → Unsorted/
2026-08-21T06:47:45.682Z INFO  Moving: Otyugh presupported.stl → Aberration/
2026-08-21T06:47:45.693Z INFO  Moving: Otyugh.stl → Aberration/
2026-08-21T06:47:45.704Z INFO  Moving: Owl presupported.stl → Beast/
2026-08-21T06:47:45.715Z INFO  Moving: Owl.stl → Beast/
2026-08-21T06:47:45.725Z INFO  Moving: small creature floating.stl → ../Utility/Size Markers/
2026-08-21T06:47:45.736Z INFO  Moving: Owlbear Primeval presupported.stl → Beast/
2026-08-21T06:47:45.747Z INFO  Moving: Owlbear Primeval.stl → Beast/
2026-08-21T06:47:45.758Z INFO  Moving: Panther presupported.stl → Beast/
2026-08-21T06:47:45.768Z INFO  Moving: Panther.stl → Beast/
2026-08-21T06:47:45.779Z INFO  Moving: Large Creature Flying Size Marker.stl → ../Utility/Size Markers/
2026-08-21T06:47:45.790Z INFO  Moving: Pegasus presupported.stl → Celestial/
2026-08-21T06:47:45.800Z INFO  Moving: Pegasus.stl → Celestial/
2026-08-21T06:47:45.813Z INFO  Moving: Performer Legend Male 2 presupported.stl → Unsorted/
2026-08-21T06:47:45.825Z INFO  Moving: Performer Legend Male 2.stl → Unsorted/
2026-08-21T06:47:45.837Z INFO  Moving: Performer Legend Female presupported.stl → Unsorted/
2026-08-21T06:47:45.849Z INFO  Moving: Performer Legend Female.stl → Unsorted/
2026-08-21T06:47:45.861Z INFO  Moving: Performer Legend Male 1 presupported.stl → Unsorted/
2026-08-21T06:47:45.874Z INFO  Moving: Performer Legend Male 1.stl → Unsorted/
2026-08-21T06:47:45.886Z INFO  Moving: Performer Maestro Female presupported.stl → Unsorted/
2026-08-21T06:47:45.898Z INFO  Moving: Performer Maestro Male presupported.stl → Unsorted/
2026-08-21T06:47:45.910Z INFO  Moving: Performer Maestro Male.stl → Unsorted/
2026-08-21T06:47:45.922Z INFO  Moving: Performer Maestro Female.stl → Unsorted/
2026-08-21T06:47:45.934Z INFO  Moving: Performer Female presupported.stl → Unsorted/
2026-08-21T06:47:45.946Z INFO  Moving: Performer Male presupported.stl → Unsorted/
2026-08-21T06:47:45.958Z INFO  Moving: Performer Male.stl → Unsorted/
2026-08-21T06:47:45.969Z INFO  Moving: Performer Female.stl → Unsorted/
2026-08-21T06:47:45.980Z INFO  Moving: Medium Creature Flying Size Marker.stl → ../Utility/Size Markers/
2026-08-21T06:47:45.993Z INFO  Moving: Peryton 1  presupported.stl → Monstrosity/
2026-08-21T06:47:46.006Z INFO  Moving: Peryton 1 .stl → Monstrosity/
2026-08-21T06:47:46.019Z INFO  Moving: Peryton 2 presupported.stl → Monstrosity/
2026-08-21T06:47:46.033Z INFO  Moving: Peryton 2.stl → Monstrosity/
2026-08-21T06:47:46.043Z INFO  Moving: Phase Spider 1.stl → Beast/
2026-08-21T06:47:46.054Z INFO  Moving: Phase Spider 2 presupported.stl → Beast/
2026-08-21T06:47:46.065Z INFO  Moving: Phase Spider 2.stl → Beast/
2026-08-21T06:47:46.075Z INFO  Moving: Phase Spider 3 presupported.stl → Beast/
2026-08-21T06:47:46.086Z INFO  Moving: Phase Spider 3.stl → Beast/
2026-08-21T06:47:46.097Z INFO  Moving: Large Creature Size Marker.stl → ../Utility/Size Markers/
2026-08-21T06:47:46.107Z INFO  Moving: Phase Spider 1 presupported.stl → Beast/
2026-08-21T06:47:46.119Z INFO  Moving: Piercer hiding presupported.stl → Unsorted/
2026-08-21T06:47:46.131Z INFO  Moving: Piercer hiding.stl → Unsorted/
2026-08-21T06:47:46.144Z INFO  Moving: Piercer presupported.stl → Unsorted/
2026-08-21T06:47:46.156Z INFO  Moving: Piercer.stl → Unsorted/
2026-08-21T06:47:46.167Z INFO  Moving: Pirate Admiral Female.stl → Beast/
2026-08-21T06:47:46.178Z INFO  Moving: Pirate Admiral Male w parrot and peg leg presupported.stl → Beast/
2026-08-21T06:47:46.188Z INFO  Moving: Pirate Admiral Male w parrot and peg leg.stl → Beast/
2026-08-21T06:47:46.198Z INFO  Moving: Pirate Admiral Male.stl → Beast/
2026-08-21T06:47:46.209Z INFO  Moving: Pirate Admiral Male presupported.stl → Beast/
2026-08-21T06:47:46.220Z INFO  Moving: Pirate Admiral Female presupported.stl → Beast/
2026-08-21T06:47:46.231Z INFO  Moving: Pirate Captain Female 1 presupported.stl → Beast/
2026-08-21T06:47:46.242Z INFO  Moving: Pirate Captain Female 1.stl → Beast/
2026-08-21T06:47:46.253Z INFO  Moving: Pirate Captain Female 2 presupported.stl → Beast/
2026-08-21T06:47:46.263Z INFO  Moving: Pirate Captain Female 2.stl → Beast/
2026-08-21T06:47:46.274Z INFO  Moving: Pirate Captain Male 1 presupported.stl → Beast/
2026-08-21T06:47:46.285Z INFO  Moving: Pirate Captain Male 2 presupported.stl → Beast/
2026-08-21T06:47:46.295Z INFO  Moving: Pirate Captain Male 2.stl → Beast/
2026-08-21T06:47:46.306Z INFO  Moving: Pirate Captain Male 1.stl → Beast/
2026-08-21T06:47:46.317Z INFO  Moving: Pirate Female presupported.stl → Beast/
2026-08-21T06:47:46.328Z INFO  Moving: Pirate Female.stl → Beast/
2026-08-21T06:47:46.339Z INFO  Moving: Pirate Male presupported.stl → Beast/
2026-08-21T06:47:46.349Z INFO  Moving: Pirate Male.stl → Beast/
2026-08-21T06:47:46.360Z INFO  Moving: Large Creature Size Marker.stl → ../Utility/Size Markers/
2026-08-21T06:47:46.372Z INFO  Moving: Pit Fiend no stand.stl → Fiend/Demon/
2026-08-21T06:47:46.384Z INFO  Moving: Pit Fiend presupported.stl → Fiend/Demon/
2026-08-21T06:47:46.396Z INFO  Moving: Pit Fiend.stl → Fiend/Demon/
2026-08-21T06:47:46.408Z INFO  Moving: Pit Fiend no stand presupported.stl → Fiend/Demon/
2026-08-21T06:47:46.418Z INFO  Moving: Huge Creature Flying Size Marker.stl → ../Utility/Size Markers/
2026-08-21T06:47:46.429Z INFO  Moving: Gargantuan Creature Size Marker.stl → ../Utility/Size Markers/
2026-08-21T06:47:46.440Z INFO  Moving: Red Dragon Wyrmling presupported.stl → Dragon/Chromatic/
2026-08-21T06:47:46.451Z INFO  Moving: Red Dragon Wyrmling.stl → Dragon/Chromatic/
2026-08-21T06:47:46.462Z INFO  Moving: Shadow presupported.stl → Unsorted/
2026-08-21T06:47:46.474Z INFO  Moving: Shadow.stl → Unsorted/
2026-08-21T06:47:46.485Z INFO  Moving: Huge Creature Size Marker.stl → ../Utility/Size Markers/
2026-08-21T06:47:46.495Z INFO  Moving: Gargantuan Creature Flying Size Marker.stl → ../Utility/Size Markers/
2026-08-21T06:47:46.506Z INFO  Moving: Silver Dragon Wyrmling presupported.stl → Dragon/Chromatic/
2026-08-21T06:47:46.517Z INFO  Moving: Silver Dragon Wyrmling.stl → Dragon/Chromatic/
2026-08-21T06:47:46.527Z INFO  Moving: Medium Sized Creature Flying Marker.stl → ../Utility/Size Markers/
2026-08-21T06:47:46.539Z INFO  Moving: Succubus presupported.stl → Fiend/Demon/
2026-08-21T06:47:46.551Z INFO  Moving: Succubus.stl → Fiend/Demon/
2026-08-21T06:47:46.564Z INFO  Moving: Violet Fungus Necrohulk presupported.stl → Monstrosity/
2026-08-21T06:47:46.577Z INFO  Moving: Violet Fungus Necrohulk.stl → Monstrosity/
2026-08-21T06:47:46.588Z INFO  Moving: Warhorse Armored no stand.stl → Beast/
2026-08-21T06:47:46.600Z INFO  Moving: Warhorse Armored presupported.stl → Beast/
2026-08-21T06:47:46.611Z INFO  Moving: Warhorse Armored.stl → Beast/
2026-08-21T06:47:46.621Z INFO  Moving: Warhorse no stand presupported.stl → Beast/
2026-08-21T06:47:46.632Z INFO  Moving: Warhorse w mini slot.stl → Beast/
2026-08-21T06:47:46.643Z INFO  Moving: Warhorse.stl → Beast/
2026-08-21T06:47:46.653Z INFO  Moving: Large Creature Marker.stl → ../Utility/Size Markers/
2026-08-21T06:47:46.664Z INFO  Moving: Warhorse Armored no stand presupported.stl → Beast/
2026-08-21T06:47:46.674Z INFO  Moving: Warhorse no stand.stl → Beast/
2026-08-21T06:47:46.685Z INFO  Moving: Warhorse presupported.stl → Beast/
2026-08-21T06:47:46.695Z INFO  Moving: Warhorse w mini slot presupported.stl → Beast/
2026-08-21T06:47:46.706Z INFO  Moving: Werewolf presupported.stl → Beast/
2026-08-21T06:47:46.717Z INFO  Moving: Werewolf.stl → Beast/
2026-08-21T06:47:46.727Z INFO  Moving: Huge Creature Flying Size Marker.stl → ../Utility/Size Markers/
2026-08-21T06:47:46.738Z INFO  Moving: Gargantuan Creature Size Marker.stl → ../Utility/Size Markers/
2026-08-21T06:47:46.749Z INFO  Moving: White Dragon Wyrmling presupported.stl → Dragon/Chromatic/
2026-08-21T06:47:46.760Z INFO  Moving: White Dragon Wyrmling.stl → Dragon/Chromatic/
2026-08-21T06:47:46.770Z INFO  Moving: Huge Creature Marker.stl → ../Utility/Size Markers/
2026-08-21T06:47:46.783Z INFO  Moving: Human Female Bard 1 presupported.stl → Humanoid/Human/
2026-08-21T06:47:46.795Z INFO  Moving: Human Female Bard 1.stl → Humanoid/Human/
2026-08-21T06:47:46.808Z INFO  Moving: Human Male Bard 1 presupported.stl → Humanoid/Human/
2026-08-21T06:47:46.821Z INFO  Moving: Human Male Bard 1.stl → Humanoid/Human/
2026-08-21T06:47:46.833Z INFO  Moving: Human Female Fallen Paladin presupported.stl → Humanoid/Human/
2026-08-21T06:47:46.846Z INFO  Moving: Human Female Fallen Paladin.stl → Humanoid/Human/
2026-08-21T06:47:46.858Z INFO  Moving: Human Male Fallen Paladin presupported.stl → Humanoid/Human/
2026-08-21T06:47:46.871Z INFO  Moving: Human Male Fallen Paladin.stl → Humanoid/Human/
2026-08-21T06:47:46.883Z INFO  Moving: Scimitar.stl → Unsorted/
2026-08-21T06:47:46.895Z INFO  Moving: Spear.stl → Unsorted/
2026-08-21T06:47:46.907Z INFO  Moving: Human Female Fighter presupported.stl → Humanoid/Human/
2026-08-21T06:47:46.920Z INFO  Moving: Human Female Fighter.stl → Humanoid/Human/
2026-08-21T06:47:46.933Z INFO  Moving: Human Male Fighter 2 presupported.stl → Humanoid/Human/
2026-08-21T06:47:46.945Z INFO  Moving: Human Male Fighter 2.stl → Humanoid/Human/
2026-08-21T06:47:46.956Z INFO  Moving: Huge Creature Marker.stl → ../Utility/Size Markers/
2026-08-21T06:47:46.966Z INFO  Moving: Large Creature Flying Marker.stl → ../Utility/Size Markers/
2026-08-21T06:47:46.976Z INFO  Moving: Huge Creature Marker.stl → ../Utility/Size Markers/
2026-08-21T06:47:46.986Z INFO  Moving: Gargantuan Creature Size Marker.stl → ../Utility/Size Markers/
2026-08-21T06:47:46.997Z INFO  Moving: Huge Creature Marker.stl → ../Utility/Size Markers/
2026-08-21T06:47:47.007Z INFO  Moving: huge_creature flying marker.stl → ../Utility/Size Markers/
2026-08-21T06:47:47.018Z INFO  Moving: Huge Creature Marker.stl → ../Utility/Size Markers/
2026-08-21T06:47:47.029Z INFO  Moving: Large Creature Marker.stl → ../Utility/Size Markers/
2026-08-21T06:47:47.040Z INFO  Moving: Huge Creature Size Marker.stl → ../Utility/Size Markers/
2026-08-21T06:47:47.050Z INFO  Moving: Large Creature Marker.stl → ../Utility/Size Markers/
2026-08-21T06:47:47.061Z INFO  Moving: Huge Creature Marker.stl → ../Utility/Size Markers/
2026-08-21T06:47:47.071Z INFO  Moving: Huge Creature Size Marker.stl → ../Utility/Size Markers/
2026-08-21T06:47:47.082Z INFO  Moving: Huge Creature Marker.stl → ../Utility/Size Markers/
2026-08-21T06:47:47.092Z INFO  Moving: medium creature flying marker.stl → ../Utility/Size Markers/
2026-08-21T06:47:47.103Z INFO  Moving: Small Creature Flying Marker.stl → ../Utility/Size Markers/
2026-08-21T06:47:47.113Z INFO  Moving: Huge Creature Marker.stl → ../Utility/Size Markers/
2026-08-21T06:47:47.125Z INFO  Moving: Giant Strider and Fire Newt Rider presupported.stl → Elemental/
2026-08-21T06:47:47.136Z INFO  Moving: Giant Strider and Fire Newt Rider.stl → Elemental/
2026-08-21T06:47:47.148Z INFO  Moving: Giant Strider mount presupported.stl → Giant/Hill/
2026-08-21T06:47:47.160Z INFO  Moving: Giant Strider mount.stl → Giant/Hill/
2026-08-21T06:47:47.173Z INFO  Moving: Giant Strider presupported.stl → Giant/Hill/
2026-08-21T06:47:47.184Z INFO  Moving: Giant Strider.stl → Giant/Hill/
2026-08-21T06:47:47.195Z INFO  Moving: large creature marker.stl → ../Utility/Size Markers/
2026-08-21T06:47:47.206Z INFO  Moving: Githzerai Anarch.stl → Aberration/
2026-08-21T06:47:47.217Z INFO  Moving: Large Creature Marker.stl → ../Utility/Size Markers/
2026-08-21T06:47:47.228Z INFO  Moving: large creature.stl → ../Utility/Size Markers/
2026-08-21T06:47:47.238Z INFO  Moving: Huge Creature Marker.stl → ../Utility/Size Markers/
2026-08-21T06:47:47.248Z INFO  Moving: huge_creature flying marker.stl → ../Utility/Size Markers/
2026-08-21T06:47:47.261Z INFO  Moving: Kobold Sorcerer presupported.stl → Dragon/
2026-08-21T06:47:47.272Z INFO  Moving: Kobold Sorcerer.stl → Dragon/
2026-08-21T06:47:47.283Z INFO  Moving: Large Creature Flying Marker.stl → ../Utility/Size Markers/
2026-08-21T06:47:47.293Z INFO  Moving: Huge Creature Marker.stl → ../Utility/Size Markers/
2026-08-21T06:47:47.304Z INFO  Moving: Huge Creature Marker.stl → ../Utility/Size Markers/
2026-08-21T06:47:47.314Z INFO  Moving: Medium Sized Creature Flying Marker.stl → ../Utility/Size Markers/
2026-08-21T06:47:47.325Z INFO  Moving: Large Creature Flying Marker.stl → ../Utility/Size Markers/
2026-08-21T06:47:47.335Z INFO  Moving: Gargantuan Creature Marker.stl → ../Utility/Size Markers/
2026-08-21T06:47:47.346Z INFO  Moving: Huge Creature Flying Marker.stl → ../Utility/Size Markers/
2026-08-21T06:47:47.356Z INFO  Moving: Huge Creature Marker.stl → ../Utility/Size Markers/
2026-08-21T06:47:47.369Z INFO  Moving: Human Female Swashbuckler presupported.stl → Humanoid/Human/
2026-08-21T06:47:47.382Z INFO  Moving: Human Female Swashbuckler.stl → Humanoid/Human/
2026-08-21T06:47:47.394Z INFO  Moving: Human Male  Swashbuckler presupported.stl → Humanoid/Human/
2026-08-21T06:47:47.407Z INFO  Moving: Human Male  Swashbuckler.stl → Humanoid/Human/
2026-08-21T06:47:47.420Z INFO  Moving: Tortle Druid presupported.stl → Humanoid/Human/
2026-08-21T06:47:47.433Z INFO  Moving: Tortle Druid.stl → Humanoid/Human/
2026-08-21T06:47:47.443Z INFO  Moving: Small Creature Flying Marker.stl → ../Utility/Size Markers/
2026-08-21T06:47:47.456Z INFO  Moving: Human Male War Cleric presupported.stl → Humanoid/Human/
2026-08-21T06:47:47.468Z INFO  Moving: Human Male War Cleric.stl → Humanoid/Human/
2026-08-21T06:47:47.479Z INFO  Moving: Elf Female Fey Hexblade Warlock presupported.stl → Fey/
2026-08-21T06:47:47.491Z INFO  Moving: Elf Female Fey Hexblade Warlock w Antlers presupported.stl → Fey/
2026-08-21T06:47:47.503Z INFO  Moving: Elf Female Fey Hexblade Warlock w Antlers.stl → Fey/
2026-08-21T06:47:47.514Z INFO  Moving: Elf Female Fey Hexblade Warlock.stl → Fey/
2026-08-21T06:47:47.526Z INFO  Moving: Elf Male Fey Hexblade Warlock presupported.stl → Fey/
2026-08-21T06:47:47.537Z INFO  Moving: Elf Male Fey Hexblade Warlock w Antlers presupported.stl → Fey/
2026-08-21T06:47:47.549Z INFO  Moving: Elf Male Fey Hexblade Warlock w Antlers.stl → Fey/
2026-08-21T06:47:47.561Z INFO  Moving: Elf Male Fey Hexblade Warlock.stl → Fey/
2026-08-21T06:47:47.574Z INFO  Moving: Human Female Abjurer Wizard presupported.stl → Humanoid/Human/
2026-08-21T06:47:47.586Z INFO  Moving: Human Female Abjurer Wizard w Shield Spell presupported.stl → Construct/
2026-08-21T06:47:47.597Z INFO  Moving: Human Female Abjurer Wizard w Shield Spell.stl → Construct/
2026-08-21T06:47:47.609Z INFO  Moving: Human Female Abjurer Wizard.stl → Humanoid/Human/
2026-08-21T06:47:47.622Z INFO  Moving: Human Male Abjurer Wizard presupported.stl → Humanoid/Human/
2026-08-21T06:47:47.634Z INFO  Moving: Human Male Abjurer Wizard w Shield Spell presupported.stl → Construct/
2026-08-21T06:47:47.644Z INFO  Moving: Human Male Abjurer Wizard w Shield Spell.stl → Construct/
2026-08-21T06:47:47.657Z INFO  Moving: Human Male Abjurer Wizard.stl → Humanoid/Human/
2026-08-21T06:47:47.668Z INFO  Moving: Apprentice Wizard presupported.stl → Aberration/
2026-08-21T06:47:47.679Z INFO  Moving: Apprentice Wizard.stl → Aberration/
2026-08-21T06:47:47.692Z INFO  Moving: Human Female Conjurer Wizard presupported.stl → Humanoid/Human/
2026-08-21T06:47:47.704Z INFO  Moving: Human Female Conjurer Wizard.stl → Humanoid/Human/
2026-08-21T06:47:47.717Z INFO  Moving: Human Male Conjurer Wizard presupported.stl → Humanoid/Human/
2026-08-21T06:47:47.729Z INFO  Moving: Human Male Conjurer Wizard.stl → Humanoid/Human/
2026-08-21T06:47:47.742Z INFO  Moving: Human Female Diviner Wizard presupported.stl → Humanoid/Human/
2026-08-21T06:47:47.755Z INFO  Moving: Human Female Diviner Wizard.stl → Humanoid/Human/
2026-08-21T06:47:47.768Z INFO  Moving: Human Male Diviner Wizard presupported.stl → Humanoid/Human/
2026-08-21T06:47:47.782Z INFO  Moving: Human Male Diviner Wizard.stl → Humanoid/Human/
2026-08-21T06:47:47.795Z INFO  Moving: Human Female Enchanter Wizard presupported.stl → Humanoid/Human/
2026-08-21T06:47:47.808Z INFO  Moving: Human Female Enchanter Wizard.stl → Humanoid/Human/
2026-08-21T06:47:47.821Z INFO  Moving: Human Male Enchanter Wizard presupported.stl → Humanoid/Human/
2026-08-21T06:47:47.833Z INFO  Moving: Human Male Enchanter Wizard.stl → Humanoid/Human/
2026-08-21T06:47:47.846Z INFO  Moving: Human Female Evoker Wizard presupported.stl → Humanoid/Human/
2026-08-21T06:47:47.859Z INFO  Moving: Human Female Evoker Wizard.stl → Humanoid/Human/
2026-08-21T06:47:47.871Z INFO  Moving: Human Male Evoker Wizard presupported.stl → Humanoid/Human/
2026-08-21T06:47:47.884Z INFO  Moving: Human Male Evoker Wizard.stl → Humanoid/Human/
2026-08-21T06:47:47.898Z INFO  Moving: Human Female Illusionist Wizard presupported.stl → Humanoid/Human/
2026-08-21T06:47:47.911Z INFO  Moving: Human Female Illusionist Wizard.stl → Humanoid/Human/
2026-08-21T06:47:47.923Z INFO  Moving: Human Male Illusionist Wizard presupported.stl → Humanoid/Human/
2026-08-21T06:47:47.936Z INFO  Moving: Human Male Illusionist Wizard.stl → Humanoid/Human/
2026-08-21T06:47:47.949Z INFO  Moving: Human Female Necromancer Wizard presupported.stl → Humanoid/Human/
2026-08-21T06:47:47.962Z INFO  Moving: Human Female Necromancer Wizard.stl → Humanoid/Human/
2026-08-21T06:47:47.975Z INFO  Moving: Human Male Necromancer Wizard presupported.stl → Humanoid/Human/
2026-08-21T06:47:47.988Z INFO  Moving: Human Male Necromancer Wizard.stl → Humanoid/Human/
2026-08-21T06:47:48.000Z INFO  Moving: Human Female Transmuter Wizard presupported.stl → Humanoid/Human/
2026-08-21T06:47:48.013Z INFO  Moving: Human Female Transmuter Wizard.stl → Humanoid/Human/
2026-08-21T06:47:48.026Z INFO  Moving: Human Male Transmuter Wizard presupported.stl → Humanoid/Human/
2026-08-21T06:47:48.039Z INFO  Moving: Human Male Transmuter Wizard.stl → Humanoid/Human/
2026-08-21T06:47:48.050Z INFO  Moving: Huge Creature Size Marker.stl → ../Utility/Size Markers/
2026-08-21T06:47:48.060Z INFO  Moving: Huge Creature Size Marker.stl → ../Utility/Size Markers/
2026-08-21T06:47:48.071Z INFO  Moving: Large Creature Flying Marker.stl → ../Utility/Size Markers/
2026-08-21T06:47:48.081Z INFO  Moving: Large Creature Marker.stl → ../Utility/Size Markers/
2026-08-21T06:47:48.128Z INFO  Moving: Archduke Zariel of Avernus with proper hand for Shapeways.stl → Construct/
2026-08-21T06:47:48.140Z INFO  Moving: Archduke Zariel of Avernus with proper hand presupported.stl → Construct/
2026-08-21T06:47:48.202Z INFO  Moving: Archduke Zariel of Avernus for Shapeways.stl → Construct/
2026-08-21T06:47:48.213Z INFO  Moving: Archduke Zariel of Avernus with proper hand.stl → Construct/
2026-08-21T06:47:48.225Z INFO  Moving: Large Creature Flying Marker.stl → ../Utility/Size Markers/
2026-08-21T06:47:48.236Z INFO  Moving: Zariel Flail.stl → Unsorted/
2026-08-21T06:47:48.248Z INFO  Moving: Zariel body only.stl → Unsorted/
2026-08-21T06:47:48.261Z INFO  Moving: Baphomet Hand Through Portal presupported.stl → Unsorted/
2026-08-21T06:47:48.273Z INFO  Moving: Baphomet Hand Through Portal.stl → Unsorted/
2026-08-21T06:47:48.285Z INFO  Moving: Baphome Blade Hiltt.stl → Unsorted/
2026-08-21T06:47:48.297Z INFO  Moving: Baphome Blade.stl → Unsorted/
2026-08-21T06:47:48.309Z INFO  Moving: Baphomet body.stl → Unsorted/
2026-08-21T06:47:48.321Z INFO  Moving: Baphomet for Shapeways.stl → Unsorted/
2026-08-21T06:47:48.333Z INFO  Moving: Baphomet.stl → Unsorted/
2026-08-21T06:47:48.343Z INFO  Moving: large creature marker.stl → ../Utility/Size Markers/
2026-08-21T06:47:48.435Z INFO  Moving: Bulezau.stl → Fiend/Demon/
2026-08-21T06:47:48.447Z INFO  Moving: Bulezau presupported.stl → Fiend/Demon/
2026-08-21T06:47:48.458Z INFO  Moving: Large Creature Marker.stl → ../Utility/Size Markers/
2026-08-21T06:47:48.491Z INFO  Moving: Aide - What you need.txt → Reference_Docs/
2026-08-21T06:47:48.507Z INFO  Moving: Demon Grinder Print sheet.pdf → Reference_Docs/
2026-08-21T06:47:48.519Z INFO  Moving: Huge Creature Flying Marker.stl → ../Utility/Size Markers/
2026-08-21T06:47:48.531Z INFO  Moving: Merregon.stl → Unsorted/
2026-08-21T06:47:48.542Z INFO  Moving: Red Cap presupported.stl → Dragon/Chromatic/
2026-08-21T06:47:48.553Z INFO  Moving: Red Cap.stl → Dragon/Chromatic/
2026-08-21T06:47:48.593Z INFO  Moving: Amnizu.stl → Aberration/
2026-08-21T06:47:48.604Z INFO  Moving: Large Creature Marker.stl → ../Utility/Size Markers/
2026-08-21T06:47:48.629Z INFO  Moving: Nupperibo.stl → Fiend/Demon/
2026-08-21T06:47:48.641Z INFO  Moving: White Abishai presupported.stl → Dragon/Chromatic/
2026-08-21T06:47:48.652Z INFO  Moving: White Abishai.stl → Dragon/Chromatic/
2026-08-21T06:47:48.663Z INFO  Moving: Large creature flying marker.stl → ../Utility/Size Markers/
2026-08-21T06:47:48.674Z INFO  Moving: Zariel Angelic Form presupported.stl → Celestial/
2026-08-21T06:47:48.685Z INFO  Moving: Zariel Angelic Form.stl → Celestial/
2026-08-21T06:47:48.772Z INFO  Moving: Traxigor presupported.stl → Humanoid/Human/
2026-08-21T06:47:48.786Z INFO  Moving: Traxigor.stl → Humanoid/Human/
2026-08-21T06:47:48.797Z INFO  Moving: Large Creature Marker.stl → ../Utility/Size Markers/
2026-08-21T06:47:48.810Z INFO  Moving: Jersey Devil presupported.stl → Fiend/Demon/
2026-08-21T06:47:48.822Z INFO  Moving: Jersey Devil.stl → Fiend/Demon/
2026-08-21T06:47:48.832Z INFO  Moving: gargantuan_creature.stl → ../Utility/Size Markers/
2026-08-21T06:47:48.843Z INFO  Moving: Gargantuan Creature Marker.stl → ../Utility/Size Markers/
2026-08-21T06:47:48.855Z INFO  Moving: Baba Lysaga's Creeping Hut Bottom.stl → Unsorted/
2026-08-21T06:47:48.868Z INFO  Moving: Baba Lysaga's Creeping Hut Front.stl → Unsorted/
2026-08-21T06:47:48.880Z INFO  Moving: Baba Lysaga's Creeping Hut Rear.stl → Unsorted/
2026-08-21T06:47:48.892Z INFO  Moving: Baba Lysaga's Creeping Hut Top.stl → Unsorted/
2026-08-21T06:47:48.904Z INFO  Moving: Baba Lysaga's Creeping Hut complete.stl → Unsorted/
2026-08-21T06:47:48.915Z INFO  Moving: Baba Lysaga's Creeping Hut for Shapeways.stl → Unsorted/
2026-08-21T06:47:48.933Z INFO  Moving: Bucephalus.stl → Fiend/Demon/
2026-08-21T06:47:48.960Z INFO  Moving: Bucephalus presupported.stl → Fiend/Demon/
2026-08-21T06:47:48.973Z INFO  Moving: Shrahd and Bucephalus for Shapeways Split.stl → Fiend/Demon/
2026-08-21T06:47:48.985Z INFO  Moving: Shrahd and Bucephalus for Shapeways.stl → Fiend/Demon/
2026-08-21T06:47:48.998Z INFO  Moving: Shrahd and Bucephalus presupported.stl → Fiend/Demon/
2026-08-21T06:47:49.011Z INFO  Moving: Shrahd and Bucephalus stand.stl → Fiend/Demon/
2026-08-21T06:47:49.023Z INFO  Moving: Shrahd and Bucephalus.stl → Fiend/Demon/
2026-08-21T06:47:49.034Z INFO  Moving: Shrahd riding body only presupported.stl → Unsorted/
2026-08-21T06:47:49.046Z INFO  Moving: Shrahd riding body only.stl → Unsorted/
2026-08-21T06:47:49.058Z INFO  Moving: Strahd presupported.stl → Fiend/Demon/
2026-08-21T06:47:49.071Z INFO  Moving: Strahd.stl → Fiend/Demon/
2026-08-21T06:47:49.082Z INFO  Moving: Sword and hilt.stl → Unsorted/
2026-08-21T06:47:49.096Z INFO  Moving: Tree Blight.stl → Plant/
2026-08-21T06:47:49.126Z INFO  Moving: Medium Sized Flying Creature Marker.stl → ../Utility/Size Markers/
2026-08-21T06:47:49.137Z INFO  Moving: Blue Dragon ADULT Updated Flying BODY NO WINGS presupported.stl → ../Utility/Size Markers/
2026-08-21T06:47:49.148Z INFO  Moving: Blue Dragon ADULT Updated Flying BODY NO WINGS.stl → ../Utility/Size Markers/
2026-08-21T06:47:49.175Z INFO  Moving: Blue Dragon Adult Updated Flying LEFT WING presupported.stl → ../Utility/Size Markers/
2026-08-21T06:47:49.187Z INFO  Moving: Blue Dragon Adult Updated Flying LEFT WING.stl → ../Utility/Size Markers/
2026-08-21T06:47:49.198Z INFO  Moving: Blue Dragon Adult Updated Flying RIGHT WING.stl → ../Utility/Size Markers/
2026-08-21T06:47:49.209Z INFO  Moving: Blue Dragon Adult Updated Flying.stl → ../Utility/Size Markers/
2026-08-21T06:47:49.255Z INFO  Moving: Blue Dragon Adult Updated Flying RIGHT WING presupported.stl → ../Utility/Size Markers/
2026-08-21T06:47:49.266Z INFO  Moving: huge_creature flying marker.stl → ../Utility/Size Markers/
2026-08-21T06:47:49.277Z INFO  Moving: Blue Dragon Adult Updated.stl → Dragon/Chromatic/
2026-08-21T06:47:49.289Z INFO  Moving: Blue Dragon Adult Updated BODY NO HEAD OR WINGS presupported.stl → Dragon/Chromatic/
2026-08-21T06:47:49.299Z INFO  Moving: Blue Dragon Adult Updated BODY NO HEAD OR WINGS.stl → Dragon/Chromatic/
2026-08-21T06:47:49.311Z INFO  Moving: Blue Dragon Adult Updated HEAD presupported.stl → Dragon/Chromatic/
2026-08-21T06:47:49.322Z INFO  Moving: Blue Dragon Adult Updated HEAD.stl → Dragon/Chromatic/
2026-08-21T06:47:49.333Z INFO  Moving: Blue Dragon Adult Updated LEFT WING presupported.stl → Dragon/Chromatic/
2026-08-21T06:47:49.345Z INFO  Moving: Blue Dragon Adult Updated LEFT WING.stl → Dragon/Chromatic/
2026-08-21T06:47:49.356Z INFO  Moving: Blue Dragon Adult Updated RIGHT WING presupported.stl → Dragon/Chromatic/
2026-08-21T06:47:49.367Z INFO  Moving: Blue Dragon Adult Updated RIGHT WING.stl → Dragon/Chromatic/
2026-08-21T06:47:49.379Z INFO  Moving: Blue Dragon Adult Updated body only.stl → Dragon/Chromatic/
2026-08-21T06:47:49.389Z INFO  Moving: Huge Creature Marker.stl → ../Utility/Size Markers/
2026-08-21T06:47:49.400Z INFO  Moving: huge creature size marker.stl → ../Utility/Size Markers/
2026-08-21T06:47:49.411Z INFO  Moving: Bronze Dragon Wyrmling Flying.stl → ../Utility/Size Markers/
2026-08-21T06:47:49.422Z INFO  Moving: medium creature Floating.stl → ../Utility/Size Markers/
2026-08-21T06:47:49.454Z INFO  Moving: Bronze Dragon Wyrmling Flying presupported.stl → ../Utility/Size Markers/
2026-08-21T06:47:49.465Z INFO  Moving: Bronze Dragon Wyrmling Updated presupported.stl → Dragon/Chromatic/
2026-08-21T06:47:49.477Z INFO  Moving: Bronze Dragon Wyrmling Updated.stl → Dragon/Chromatic/
2026-08-21T06:47:49.488Z INFO  Moving: Fire Snake presupported.stl → Beast/
2026-08-21T06:47:49.498Z INFO  Moving: Fire Snake.stl → Beast/
2026-08-21T06:47:49.544Z INFO  Moving: Harpy Updated.stl → Monstrosity/
2026-08-21T06:47:49.555Z INFO  Moving: medium creature Floating.stl → ../Utility/Size Markers/
2026-08-21T06:47:49.600Z INFO  Moving: Harpy Updated presupported.stl → Monstrosity/
2026-08-21T06:47:49.612Z INFO  Moving: Kobold UPDATED presupported.stl → Dragon/
2026-08-21T06:47:49.625Z INFO  Moving: Kobold UPDATED.stl → Dragon/
2026-08-21T06:47:49.638Z INFO  Moving: Myconid Adult 2 presupported.stl → Plant/
2026-08-21T06:47:49.651Z INFO  Moving: Myconid Adult.stl → Plant/
2026-08-21T06:47:49.665Z INFO  Moving: Myconid Adult 2.stl → Plant/
2026-08-21T06:47:49.679Z INFO  Moving: Myconid Adult presupported.stl → Plant/
2026-08-21T06:47:49.692Z INFO  Moving: Myconid Sprout presupported.stl → Plant/
2026-08-21T06:47:49.706Z INFO  Moving: Myconid Sprout.stl → Plant/
2026-08-21T06:47:49.717Z INFO  Moving: Owl Bear body.stl → Beast/
2026-08-21T06:47:49.728Z INFO  Moving: Owl Bear for sale.stl → Beast/
2026-08-21T06:47:49.738Z INFO  Moving: Owl Bear presupported.stl → Beast/
2026-08-21T06:47:49.749Z INFO  Moving: Owl Bear.stl → Beast/
2026-08-21T06:47:49.759Z INFO  Moving: Owlbear On All Fours presupported.stl → Beast/
2026-08-21T06:47:49.770Z INFO  Moving: Owlbear On All Fours.stl → Beast/
2026-08-21T06:47:49.781Z INFO  Moving: Owlbear Standing presupported.stl → Beast/
2026-08-21T06:47:49.792Z INFO  Moving: Owlbear Standing.stl → Beast/
2026-08-21T06:47:49.802Z INFO  Moving: Owlbears Running 2.stl → Beast/
2026-08-21T06:47:49.814Z INFO  Moving: Owlbears Running 3 presupported.stl → Beast/
2026-08-21T06:47:49.825Z INFO  Moving: Owlbears Running 5 presupported.stl → Beast/
2026-08-21T06:47:49.836Z INFO  Moving: Owlbears Running 5.stl → Beast/
2026-08-21T06:47:49.882Z INFO  Moving: large creature size marker.stl → ../Utility/Size Markers/
2026-08-21T06:47:49.893Z INFO  Moving: Owlbears Running 1 presupported.stl → Beast/
2026-08-21T06:47:49.904Z INFO  Moving: Owlbears Running 1.stl → Beast/
2026-08-21T06:47:49.915Z INFO  Moving: Owlbears Running 2 presupported.stl → Beast/
2026-08-21T06:47:49.926Z INFO  Moving: Owlbears Running 3.stl → Beast/
2026-08-21T06:47:49.937Z INFO  Moving: Owlbears Running 4 presupported.stl → Beast/
2026-08-21T06:47:49.948Z INFO  Moving: Owlbears Running 4.stl → Beast/
2026-08-21T06:47:49.978Z INFO  Moving: Adult Bronze Dragon Flying Updated HEAD presupported.stl → ../Utility/Size Markers/
2026-08-21T06:47:49.990Z INFO  Moving: Adult Bronze Dragon Flying Updated HEAD.stl → ../Utility/Size Markers/
2026-08-21T06:47:50.001Z INFO  Moving: Adult Bronze Dragon Flying Updated LEFT WING presupported.stl → ../Utility/Size Markers/
2026-08-21T06:47:50.012Z INFO  Moving: Adult Bronze Dragon Flying Updated LEFT WING.stl → ../Utility/Size Markers/
2026-08-21T06:47:50.023Z INFO  Moving: Adult Bronze Dragon Flying Updated LOWER BODY presupported.stl → ../Utility/Size Markers/
2026-08-21T06:47:50.034Z INFO  Moving: Adult Bronze Dragon Flying Updated LOWER BODY.stl → ../Utility/Size Markers/
2026-08-21T06:47:50.045Z INFO  Moving: Adult Bronze Dragon Flying Updated NECK presupported.stl → ../Utility/Size Markers/
2026-08-21T06:47:50.057Z INFO  Moving: Adult Bronze Dragon Flying Updated NECK.stl → ../Utility/Size Markers/
2026-08-21T06:47:50.068Z INFO  Moving: Adult Bronze Dragon Flying Updated RIGHT WING presupported.stl → ../Utility/Size Markers/
2026-08-21T06:47:50.079Z INFO  Moving: Adult Bronze Dragon Flying Updated RIGHT WING.stl → ../Utility/Size Markers/
2026-08-21T06:47:50.090Z INFO  Moving: Adult Bronze Dragon Flying Updated.stl → ../Utility/Size Markers/
2026-08-21T06:47:50.101Z INFO  Moving: huge_creature floating.stl → ../Utility/Size Markers/
2026-08-21T06:47:50.146Z INFO  Moving: Adult Bronze Dragon Flying Updated UPPER BODY presupported.stl → ../Utility/Size Markers/
2026-08-21T06:47:50.166Z INFO  Moving: Adult Bronze Dragon Flying Updated UPPER BODY.stl → ../Utility/Size Markers/
2026-08-21T06:47:50.178Z INFO  Moving: Adult Bronze Dragon Updated Body presupported.stl → Dragon/Chromatic/
2026-08-21T06:47:50.190Z INFO  Moving: Adult Bronze Dragon Updated Left Wing.stl → Dragon/Chromatic/
2026-08-21T06:47:50.201Z INFO  Moving: Adult Bronze Dragon Updated Right Wing.stl → Dragon/Chromatic/
2026-08-21T06:47:50.212Z INFO  Moving: Adult Bronze Dragon Updated no stand.stl → Dragon/Chromatic/
2026-08-21T06:47:50.223Z INFO  Moving: Adult Bronze Dragon Updated.stl → Dragon/Chromatic/
2026-08-21T06:47:50.235Z INFO  Moving: Adult Bronze Dragon Updated Body.stl → Dragon/Chromatic/
2026-08-21T06:47:50.246Z INFO  Moving: Adult Bronze Dragon Updated Head presupported.stl → Dragon/Chromatic/
2026-08-21T06:47:50.257Z INFO  Moving: Adult Bronze Dragon Updated Head.stl → Dragon/Chromatic/
2026-08-21T06:47:50.268Z INFO  Moving: Adult Bronze Dragon Updated Left Wing presupported.stl → Dragon/Chromatic/
2026-08-21T06:47:50.279Z INFO  Moving: Adult Bronze Dragon Updated Right Wing presupported.stl → Dragon/Chromatic/
2026-08-21T06:47:50.290Z INFO  Moving: huge_creature.stl → ../Utility/Size Markers/
2026-08-21T06:47:50.303Z INFO  Moving: Elf Male Ranger presupported.stl → Humanoid/Elf/
2026-08-21T06:47:50.315Z INFO  Moving: Elf Male Ranger.stl → Humanoid/Elf/
2026-08-21T06:47:50.328Z INFO  Moving: Halfling Male Rogue presupported.stl → Humanoid/Halfling/
2026-08-21T06:47:50.341Z INFO  Moving: Halfling Male Rogue.stl → Humanoid/Halfling/
2026-08-21T06:47:50.353Z INFO  Moving: Human Female Monk 3 presupported.stl → Humanoid/Human/
2026-08-21T06:47:50.366Z INFO  Moving: Human Male War Cleric presupported.stl → Humanoid/Human/
2026-08-21T06:47:50.378Z INFO  Moving: Human Male War Cleric.stl → Humanoid/Human/
2026-08-21T06:47:50.392Z INFO  Moving: Dwarf Male Cleric w Flaming Hammer presupported.stl → Humanoid/Dwarf/
2026-08-21T06:47:50.404Z INFO  Moving: Dwarf Male Cleric w Flaming Hammer.stl → Humanoid/Dwarf/
2026-08-21T06:47:50.417Z INFO  Moving: Elf Female Wizard presupported.stl → Humanoid/Elf/
2026-08-21T06:47:50.429Z INFO  Moving: Elf Female Wizard.stl → Humanoid/Elf/
2026-08-21T06:47:50.442Z INFO  Moving: Human Female Monk 3.stl → Humanoid/Human/
2026-08-21T06:47:50.456Z INFO  Moving: Human Male Barbarian 9 with Club presupported.stl → Humanoid/Human/
2026-08-21T06:47:50.468Z INFO  Moving: Human Male Barbarian 9 with Club.stl → Humanoid/Human/
2026-08-21T06:47:50.480Z INFO  Moving: Human Male Conjurer Wizard presupported.stl → Humanoid/Human/
2026-08-21T06:47:50.493Z INFO  Moving: Human Male Conjurer Wizard.stl → Humanoid/Human/
2026-08-21T06:47:50.506Z INFO  Moving: Human Male Paladin Charging presupported.stl → Humanoid/Human/
2026-08-21T06:47:50.519Z INFO  Moving: Human Male Paladin Charging.stl → Humanoid/Human/
2026-08-21T06:47:50.532Z INFO  Moving: Human Male Ranger 8 presupported.stl → Humanoid/Human/
2026-08-21T06:47:50.544Z INFO  Moving: Human Male Ranger 8.stl → Humanoid/Human/
2026-08-21T06:47:50.558Z INFO  Moving: Myconid Sovereign presupported.stl → Plant/
2026-08-21T06:47:50.571Z INFO  Moving: Myconid Sovereign.stl → Plant/
2026-08-21T06:47:50.582Z INFO  Moving: Stirge for Shapeways.stl → Aberration/
2026-08-21T06:47:50.593Z INFO  Moving: Stirge presupported.stl → Aberration/
2026-08-21T06:47:50.604Z INFO  Moving: Stirge.stl → Aberration/
2026-08-21T06:47:50.614Z INFO  Moving: small creature flying.stl → ../Utility/Size Markers/
2026-08-21T06:47:50.626Z INFO  Moving: Violet Fungus.stl → Unsorted/
2026-08-21T06:47:50.638Z INFO  Moving: Violet Fungus presupported.stl → Unsorted/
2026-08-21T06:47:50.650Z INFO  Moving: Winged Kobold updated for shapeways.stl → Dragon/
2026-08-21T06:47:50.663Z INFO  Moving: Winged Kobold updated presupported.stl → Dragon/
2026-08-21T06:47:50.675Z INFO  Moving: Winged Kobold updated.stl → Dragon/
2026-08-21T06:47:50.685Z INFO  Moving: small creature flying.stl → ../Utility/Size Markers/
2026-08-21T06:47:50.699Z INFO  Moving: Zombie Female Pose 1 presupported.stl → Undead/
2026-08-21T06:47:50.712Z INFO  Moving: Zombie Female Pose 1.stl → Undead/
2026-08-21T06:47:50.726Z INFO  Moving: Zombie Female Pose 2 presupported.stl → Undead/
2026-08-21T06:47:50.740Z INFO  Moving: Zombie Female Pose 2.stl → Undead/
2026-08-21T06:47:50.753Z INFO  Moving: Zombie Female Pose 3.stl → Undead/
2026-08-21T06:47:50.767Z INFO  Moving: Zombie Female presupported.stl → Undead/
2026-08-21T06:47:50.780Z INFO  Moving: Zombie Male Pose 1 presupported.stl → Undead/
2026-08-21T06:47:50.794Z INFO  Moving: Zombie Male Pose 1.stl → Undead/
2026-08-21T06:47:50.808Z INFO  Moving: Zombie Male Pose 2.stl → Undead/
2026-08-21T06:47:50.821Z INFO  Moving: Zombie Male pose 2 presupported.stl → Undead/
2026-08-21T06:47:50.836Z INFO  Moving: Zombie Male pose 3 presupported.stl → Undead/
2026-08-21T06:47:50.849Z INFO  Moving: Zombie Male pose 3.stl → Undead/
2026-08-21T06:47:50.894Z INFO  Moving: Blue Dragon Wyrmling Updated Flying presupported.stl → ../Utility/Size Markers/
2026-08-21T06:47:50.906Z INFO  Moving: Blue Dragon Wyrmling Updated Flying.stl → ../Utility/Size Markers/
2026-08-21T06:47:50.918Z INFO  Moving: Medium Size Creature Flying Marker.stl → ../Utility/Size Markers/
2026-08-21T06:47:50.929Z INFO  Moving: Blue Dragon Wyrmling Updated presupported.stl → Dragon/Chromatic/
2026-08-21T06:47:50.940Z INFO  Moving: Blue Dragon Wyrmling Updated.stl → Dragon/Chromatic/
2026-08-21T06:47:50.950Z INFO  Moving: Large Creature Flying Marker.stl → ../Utility/Size Markers/
2026-08-21T06:47:50.961Z INFO  Moving: Huge Creature Size Marker.stl → ../Utility/Size Markers/
2026-08-21T06:47:50.971Z INFO  Moving: huge_creature flying marker.stl → ../Utility/Size Markers/
2026-08-21T06:47:50.982Z INFO  Moving: medium creature flying marker.stl → ../Utility/Size Markers/
2026-08-21T06:47:50.992Z INFO  Moving: gargantuan__creature_flying marker.stl → ../Utility/Size Markers/
2026-08-21T06:47:51.003Z INFO  Moving: Large Creature Flying Marker.stl → ../Utility/Size Markers/
2026-08-21T06:47:51.014Z INFO  Moving: huge creature size marker.stl → ../Utility/Size Markers/
2026-08-21T06:47:51.025Z INFO  Moving: large creature size marker.stl → ../Utility/Size Markers/
2026-08-21T06:47:51.062Z INFO  Moving: medium creature size marker.stl → ../Utility/Size Markers/
2026-08-21T06:47:51.073Z INFO  Moving: gargantuan__creature_flying marker.stl → ../Utility/Size Markers/
2026-08-21T06:47:51.100Z INFO  Moving: Gargantual Creature marker.stl → ../Utility/Size Markers/
2026-08-21T06:47:51.113Z INFO  Moving: Canary Wings Down.stl → Unsorted/
2026-08-21T06:47:51.125Z INFO  Moving: Canary Wings Open.stl → Unsorted/
2026-08-21T06:47:51.137Z INFO  Moving: Old Man with the Canaries.stl → Unsorted/
2026-08-21T06:47:51.150Z INFO  Moving: Canary Wings Down.stl → Unsorted/
2026-08-21T06:47:51.161Z INFO  Moving: Canary Wings Open.stl → Unsorted/
2026-08-21T06:47:51.172Z INFO  Moving: gargantuan__creature_flying marker.stl → ../Utility/Size Markers/
2026-08-21T06:47:51.183Z INFO  Moving: Tiamat Goddess form no crown.stl → Aberration/
2026-08-21T06:47:51.194Z INFO  Moving: Tiamat Goddess form.stl → Aberration/
2026-08-21T06:47:51.204Z INFO  Moving: Gargantuan Creature Marker.stl → ../Utility/Size Markers/
2026-08-21T06:47:51.215Z INFO  Moving: Tiamat Updated BLACK HEAD presupported.stl → Aberration/
2026-08-21T06:47:51.226Z INFO  Moving: Tiamat Updated BLACK HEAD.stl → Aberration/
2026-08-21T06:47:51.236Z INFO  Moving: Tiamat Updated BLACK NECK presupported.stl → Aberration/
2026-08-21T06:47:51.247Z INFO  Moving: Tiamat Updated BLACK NECK.stl → Aberration/
2026-08-21T06:47:51.258Z INFO  Moving: Tiamat Updated BLUE HEAD presupported.stl → Aberration/
2026-08-21T06:47:51.268Z INFO  Moving: Tiamat Updated BLUE HEAD.stl → Aberration/
2026-08-21T06:47:51.279Z INFO  Moving: Tiamat Updated BLUE and WHITE NECKS presupported.stl → Aberration/
2026-08-21T06:47:51.290Z INFO  Moving: Tiamat Updated BLUE and WHITE NECKS.stl → Aberration/
2026-08-21T06:47:51.300Z INFO  Moving: Tiamat Updated.stl → Aberration/
2026-08-21T06:47:51.311Z INFO  Moving: Tiamat Updated BODY no WINGS or Heads presupported.stl → Aberration/
2026-08-21T06:47:51.322Z INFO  Moving: Tiamat Updated RED HEAD presupported.stl → Aberration/
2026-08-21T06:47:51.332Z INFO  Moving: Tiamat Updated RED HEAD.stl → Aberration/
2026-08-21T06:47:51.343Z INFO  Moving: Tiamat Updated RED NECK presupported.stl → Aberration/
2026-08-21T06:47:51.354Z INFO  Moving: Tiamat Updated RED NECK.stl → Aberration/
2026-08-21T06:47:51.365Z INFO  Moving: Tiamat Updated RIGHT WING presupported.stl → Aberration/
2026-08-21T06:47:51.375Z INFO  Moving: Tiamat Updated RIGHT WING.stl → Aberration/
2026-08-21T06:47:51.386Z INFO  Moving: Tiamat Updated TAIL presupported.stl → Aberration/
2026-08-21T06:47:51.397Z INFO  Moving: Tiamat Updated TAIL.stl → Aberration/
2026-08-21T06:47:51.407Z INFO  Moving: Tiamat Updated WHITE HEAD presupported.stl → Aberration/
2026-08-21T06:47:51.418Z INFO  Moving: Tiamat Updated BODY no WINGS or Heads.stl → Aberration/
2026-08-21T06:47:51.429Z INFO  Moving: Tiamat Updated BODY no WINGS or TAIL or Necks presupported.stl → Aberration/
2026-08-21T06:47:51.440Z INFO  Moving: Tiamat Updated BODY no WINGS or TAIL or Necks.stl → Aberration/
2026-08-21T06:47:51.451Z INFO  Moving: Tiamat Updated GREEN HEAD presupported.stl → Aberration/
2026-08-21T06:47:51.461Z INFO  Moving: Tiamat Updated GREEN HEAD.stl → Aberration/
2026-08-21T06:47:51.472Z INFO  Moving: Tiamat Updated GREEN NECK presupported.stl → Aberration/
2026-08-21T06:47:51.484Z INFO  Moving: Tiamat Updated GREEN NECK.stl → Aberration/
2026-08-21T06:47:51.494Z INFO  Moving: Tiamat Updated LEFT WING presupported.stl → Aberration/
2026-08-21T06:47:51.505Z INFO  Moving: Tiamat Updated LEFT WING.stl → Aberration/
2026-08-21T06:47:51.516Z INFO  Moving: Tiamat Updated WHITE HEAD.stl → Aberration/
2026-08-21T06:47:51.527Z INFO  Moving: Tiamat Updated no stand.stl → Aberration/
2026-08-21T06:47:51.538Z INFO  Moving: gargantuan__creature_flying marker.stl → ../Utility/Size Markers/
2026-08-21T06:47:51.549Z INFO  Moving: gargantuan__creature_flying marker.stl → ../Utility/Size Markers/
2026-08-21T06:47:51.560Z INFO  Moving: gargantuan__creature_flying marker.stl → ../Utility/Size Markers/
2026-08-21T06:47:51.571Z INFO  Moving: gargantuan__creature_flying marker.stl → ../Utility/Size Markers/
2026-08-21T06:47:51.581Z INFO  Moving: gargantuan__creature_flying marker.stl → ../Utility/Size Markers/
2026-08-21T06:47:51.593Z INFO  Moving: huge_creature flying marker.stl → ../Utility/Size Markers/
2026-08-21T06:47:51.603Z INFO  Moving: gargantuan__creature_flying marker.stl → ../Utility/Size Markers/
2026-08-21T06:47:51.614Z INFO  Moving: medium creature flying marker.stl → ../Utility/Size Markers/
2026-08-21T06:47:51.625Z INFO  Moving: Large Creature Flying Marker.stl → ../Utility/Size Markers/
2026-08-21T06:47:51.636Z INFO  Moving: Huge Creature Marker.stl → ../Utility/Size Markers/
2026-08-21T06:47:51.647Z INFO  Moving: Gargantuan Creature Marker.stl → ../Utility/Size Markers/
2026-08-21T06:47:51.657Z INFO  Moving: Large Creature Marker.stl → ../Utility/Size Markers/
2026-08-21T06:47:51.668Z INFO  Moving: Gargantuan Creature Marker.stl → ../Utility/Size Markers/
2026-08-21T06:47:51.679Z INFO  Moving: huge_creature flying marker.stl → ../Utility/Size Markers/
2026-08-21T06:47:51.689Z INFO  Moving: Huge Creature Marker.stl → ../Utility/Size Markers/
2026-08-21T06:47:51.700Z INFO  Moving: Dragon Turtle Updated Body.stl → Beast/
2026-08-21T06:47:51.711Z INFO  Moving: Dragon Turtle Updated Head presupported.stl → Beast/
2026-08-21T06:47:51.722Z INFO  Moving: Dragon Turtle Updated Head.stl → Beast/
2026-08-21T06:47:51.732Z INFO  Moving: Dragon Turtle Updated LEFT Front Fin presupported.stl → Beast/
2026-08-21T06:47:51.743Z INFO  Moving: Dragon Turtle Updated LEFT Front Fin.stl → Beast/
2026-08-21T06:47:51.754Z INFO  Moving: Dragon Turtle Updated LEFT Rear Fin presupported.stl → Beast/
2026-08-21T06:47:51.765Z INFO  Moving: Dragon Turtle Updated LEFT Rear Fin.stl → Beast/
2026-08-21T06:47:51.776Z INFO  Moving: Dragon Turtle Updated RIGHT Front Fin presupported.stl → Beast/
2026-08-21T06:47:51.787Z INFO  Moving: Dragon Turtle Updated RIGHT Front Fin.stl → Beast/
2026-08-21T06:47:51.798Z INFO  Moving: Dragon Turtle Updated RIGHT Rear Fin presupported.stl → Beast/
2026-08-21T06:47:51.809Z INFO  Moving: Dragon Turtle Updated RIGHT Rear Fin.stl → Beast/
2026-08-21T06:47:51.820Z INFO  Moving: Dragon Turtle Updated Tail presupported.stl → Beast/
2026-08-21T06:47:51.831Z INFO  Moving: Dragon Turtle Updated Tail.stl → Beast/
2026-08-21T06:47:51.842Z INFO  Moving: Dragon Turtle Updated in Water presupported.stl → Beast/
2026-08-21T06:47:51.853Z INFO  Moving: Dragon Turtle Updated Body presupported.stl → Beast/
2026-08-21T06:47:51.864Z INFO  Moving: Dragon Turtle Updated in Water.stl → Beast/
2026-08-21T06:47:51.875Z INFO  Moving: Dragon Turtle Updated presupported.stl → Beast/
2026-08-21T06:47:51.886Z INFO  Moving: Dragon Turtle Updated.stl → Beast/
2026-08-21T06:47:51.897Z INFO  Moving: gargantuan__creature_flying marker.stl → ../Utility/Size Markers/
2026-08-21T06:47:51.908Z INFO  Moving: gargantuan__creature_flying marker.stl → ../Utility/Size Markers/
2026-08-21T06:47:51.918Z INFO  Moving: Large Creature Flying Marker.stl → ../Utility/Size Markers/
2026-08-21T06:47:51.929Z INFO  Moving: huge_creature flying marker.stl → ../Utility/Size Markers/
2026-08-21T06:47:51.939Z INFO  Moving: Large Creature Marker.stl → ../Utility/Size Markers/
2026-08-21T06:47:51.949Z INFO  Moving: Huge Creature Marker.stl → ../Utility/Size Markers/
2026-08-21T06:47:51.960Z INFO  Moving: Large Creature Flying Marker.stl → ../Utility/Size Markers/
2026-08-21T06:47:51.971Z INFO  Moving: gargantuan__creature_flying marker.stl → ../Utility/Size Markers/
2026-08-21T06:47:51.982Z INFO  Moving: Gargantuan Creature Marker.stl → ../Utility/Size Markers/
2026-08-21T06:47:51.992Z INFO  Moving: huge_creature flying marker.stl → ../Utility/Size Markers/
2026-08-21T06:47:52.003Z INFO  Moving: gargantuan__creature_flying marker.stl → ../Utility/Size Markers/
2026-08-21T06:47:52.014Z INFO  Moving: medium creature flying marker.stl → ../Utility/Size Markers/
2026-08-21T06:47:52.025Z INFO  Moving: Large Creature Flying Marker.stl → ../Utility/Size Markers/
2026-08-21T06:47:52.036Z INFO  Moving: Huge Creature Marker.stl → ../Utility/Size Markers/
2026-08-21T06:47:52.046Z INFO  Moving: Large Creature Marker.stl → ../Utility/Size Markers/
2026-08-21T06:47:52.057Z INFO  Moving: Gargantuan Creature Size Marker.stl → ../Utility/Size Markers/
2026-08-21T06:47:52.067Z INFO  Moving: Large Creature Flying Marker.stl → ../Utility/Size Markers/
2026-08-21T06:47:52.079Z INFO  Moving: gargantuan__creature_flying marker.stl → ../Utility/Size Markers/
2026-08-21T06:47:52.089Z INFO  Moving: gargantuan__creature_flying marker.stl → ../Utility/Size Markers/
2026-08-21T06:47:52.099Z INFO  Moving: gargantuan__creature_flying marker.stl → ../Utility/Size Markers/
2026-08-21T06:47:52.110Z INFO  Moving: gargantuan__creature_flying marker.stl → ../Utility/Size Markers/
2026-08-21T06:47:52.121Z INFO  Moving: gargantuan__creature_flying marker.stl → ../Utility/Size Markers/
2026-08-21T06:47:52.132Z INFO  Moving: gargantuan__creature_flying marker.stl → ../Utility/Size Markers/
2026-08-21T06:47:52.142Z INFO  Moving: Huge Creature Marker.stl → ../Utility/Size Markers/
2026-08-21T06:47:52.153Z INFO  Moving: Large Creature Flying Marker.stl → ../Utility/Size Markers/
2026-08-21T06:47:52.164Z INFO  Moving: Large Creature Flying Marker.stl → ../Utility/Size Markers/
2026-08-21T06:47:52.174Z INFO  Moving: gargantuan__creature_flying marker.stl → ../Utility/Size Markers/
2026-08-21T06:47:52.185Z INFO  Moving: gargantuan__creature_flying marker.stl → ../Utility/Size Markers/
2026-08-21T06:47:52.195Z INFO  Moving: gargantuan__creature_flying marker.stl → ../Utility/Size Markers/
2026-08-21T06:47:52.206Z INFO  Moving: gargantuan__creature_flying marker.stl → ../Utility/Size Markers/
2026-08-21T06:47:52.217Z INFO  Moving: Small Creature Flying Size Marker.stl → ../Utility/Size Markers/
2026-08-21T06:47:52.228Z INFO  Moving: huge_creature flying marker.stl → ../Utility/Size Markers/
2026-08-21T06:47:52.239Z INFO  Moving: gargantuan__creature_flying marker.stl → ../Utility/Size Markers/
2026-08-21T06:47:52.249Z INFO  Moving: medium creature flying marker.stl → ../Utility/Size Markers/
2026-08-21T06:47:52.260Z INFO  Moving: Large Creature Flying Marker.stl → ../Utility/Size Markers/
2026-08-21T06:47:52.271Z INFO  Moving: Huge Creature Marker.stl → ../Utility/Size Markers/
2026-08-21T06:47:52.282Z INFO  Moving: huge_creature flying marker.stl → ../Utility/Size Markers/
2026-08-21T06:47:52.293Z INFO  Moving: gargantuan__creature_flying marker.stl → ../Utility/Size Markers/
2026-08-21T06:47:52.303Z INFO  Moving: medium creature flying marker.stl → ../Utility/Size Markers/
2026-08-21T06:47:52.313Z INFO  Moving: Large Creature Flying Marker.stl → ../Utility/Size Markers/
2026-08-21T06:47:52.361Z INFO  Moving: gargantuan creature marker.stl → ../Utility/Size Markers/
2026-08-21T06:47:52.371Z INFO  Moving: Large Creature Marker.stl → ../Utility/Size Markers/
2026-08-21T06:47:52.382Z INFO  Moving: Huge Creature Marker.stl → ../Utility/Size Markers/
2026-08-21T06:47:52.393Z INFO  Moving: huge_creature flying marker.stl → ../Utility/Size Markers/
2026-08-21T06:47:52.405Z INFO  Moving: gargantuan__creature_flying marker.stl → ../Utility/Size Markers/
2026-08-21T06:47:52.415Z INFO  Moving: Large Creature Flying Marker.stl → ../Utility/Size Markers/
2026-08-21T06:47:52.426Z INFO  Moving: medium creature flying marker.stl → ../Utility/Size Markers/
2026-08-21T06:47:52.437Z INFO  Moving: Huge Creature Size Marker.stl → ../Utility/Size Markers/
2026-08-21T06:47:52.448Z INFO  Moving: Gargantuan Creature Marker.stl → ../Utility/Size Markers/
2026-08-21T06:47:52.459Z INFO  Moving: Large Creature Size Marker.stl → ../Utility/Size Markers/
2026-08-21T06:47:52.469Z INFO  Moving: Large Creature Size Marker.stl → ../Utility/Size Markers/
2026-08-21T06:47:52.482Z INFO  Moving: Christmas Tree Mimic Hiding presupported.stl → Monstrosity/
2026-08-21T06:47:52.495Z INFO  Moving: Christmas Tree Mimic Hiding.stl → Monstrosity/
2026-08-21T06:47:52.508Z INFO  Moving: Christmas Tree Mimic presupported.stl → Monstrosity/
2026-08-21T06:47:52.522Z INFO  Moving: Christmas Tree Mimic.stl → Monstrosity/
2026-08-21T06:47:52.534Z INFO  Moving: Christmas Tree Star in case it broke off or didnt print right.stl → Construct/
2026-08-21T06:47:52.545Z INFO  Moving: Santa Barbarian.stl → Unsorted/
2026-08-21T06:47:52.557Z INFO  Moving: Santa Barbarian presupported.stl → Unsorted/
2026-08-21T06:47:52.597Z INFO  Moving: Large Creature Floating Stand.stl → ../Utility/Size Markers/
2026-08-21T06:47:52.608Z INFO  Moving: huge_creature flying marker.stl → ../Utility/Size Markers/
2026-08-21T06:47:52.620Z INFO  Moving: Teddy Bear Mimic presupported.stl → Beast/
2026-08-21T06:47:52.631Z INFO  Moving: Teddy Bear Mimic Hiding presupported.stl → Beast/
2026-08-21T06:47:52.642Z INFO  Moving: Teddy Bear Mimic Hiding.stl → Beast/
2026-08-21T06:47:52.653Z INFO  Moving: Teddy Bear Mimic.stl → Beast/
2026-08-21T06:47:52.664Z INFO  Moving: Fire by itself you should probably sand at the bottom before gluing just in case.stl → Elemental/
2026-08-21T06:47:52.676Z INFO  Moving: Fireplace Mimic Hiding no fire presupported.stl → Elemental/
2026-08-21T06:47:52.687Z INFO  Moving: Fireplace Mimic Hiding no fire.stl → Elemental/
2026-08-21T06:47:52.699Z INFO  Moving: Fireplace Mimic Hiding presupported.stl → Elemental/
2026-08-21T06:47:52.710Z INFO  Moving: Fireplace Mimic Hiding.stl → Elemental/
2026-08-21T06:47:52.722Z INFO  Moving: Fireplace Mimic presupported.stl → Elemental/
2026-08-21T06:47:52.734Z INFO  Moving: Fireplace Mimic.stl → Elemental/
2026-08-21T06:47:52.746Z INFO  Moving: Were Reindeer presupported.stl → Unsorted/
2026-08-21T06:47:52.758Z INFO  Moving: Were Reindeer.stl → Unsorted/
2026-08-21T06:47:52.772Z INFO  Moving: Jack O Lantern Mimic.stl → Monstrosity/
2026-08-21T06:47:52.784Z INFO  Moving: Jack O Lantern presupported.stl → Unsorted/
2026-08-21T06:47:52.795Z INFO  Moving: Jack O Lantern.stl → Unsorted/
2026-08-21T06:47:52.809Z INFO  Moving: Jack O Lantern Mimic presupported.stl → Monstrosity/
2026-08-21T06:47:52.820Z INFO  Moving: Large Creature Flying Marker.stl → ../Utility/Size Markers/
2026-08-21T06:47:52.830Z INFO  Moving: Huge Creature Marker.stl → ../Utility/Size Markers/
2026-08-21T06:47:52.842Z INFO  Moving: Wereturkey presupported.stl → Unsorted/
2026-08-21T06:47:52.854Z INFO  Moving: Wereturkey.stl → Unsorted/
2026-08-21T06:47:52.865Z INFO  Moving: Huge Creature Marker.stl → ../Utility/Size Markers/
2026-08-21T06:47:52.876Z INFO  Moving: Huge Creature Marker.stl → ../Utility/Size Markers/
2026-08-21T06:47:52.886Z INFO  Moving: Gargantuan Creature Marker.stl → ../Utility/Size Markers/
2026-08-21T06:47:52.897Z INFO  Moving: large_creature_Floating.stl → ../Utility/Size Markers/
2026-08-21T06:47:52.907Z INFO  Moving: Medium Sized Flying Creature Marker.stl → ../Utility/Size Markers/
2026-08-21T06:47:52.918Z INFO  Moving: Medium Sized Flying Creature Marker.stl → ../Utility/Size Markers/
2026-08-21T06:47:52.928Z INFO  Moving: Medium Sized Creature Flying Marker.stl → ../Utility/Size Markers/
2026-08-21T06:47:52.939Z INFO  Moving: Huge Creature Size Marker.stl → ../Utility/Size Markers/
2026-08-21T06:47:52.949Z INFO  Moving: Large Creature Size Marker.stl → ../Utility/Size Markers/
2026-08-21T06:47:52.960Z INFO  Moving: Large Creature Marker.stl → ../Utility/Size Markers/
2026-08-21T06:47:52.970Z INFO  Moving: Small Creature Flying Marker.stl → ../Utility/Size Markers/
2026-08-21T06:47:52.981Z INFO  Moving: Medium Sized Creature Flying Marker.stl → ../Utility/Size Markers/
2026-08-21T06:47:52.992Z INFO  Moving: Large Creature Size Marker.stl → ../Utility/Size Markers/
2026-08-21T06:47:53.002Z INFO  Moving: Huge Creature Size Marker.stl → ../Utility/Size Markers/
2026-08-21T06:47:53.013Z INFO  Moving: Large Creature Size Marker.stl → ../Utility/Size Markers/
2026-08-21T06:47:53.023Z INFO  Moving: Small Creature Flying Marker.stl → ../Utility/Size Markers/
2026-08-21T06:47:53.034Z INFO  Moving: Large Creature Size Marker.stl → ../Utility/Size Markers/
2026-08-21T06:47:53.044Z INFO  Moving: Large Creature Flying Size Marker.stl → ../Utility/Size Markers/
2026-08-21T06:47:53.096Z INFO  Moving: Small Creature Size Marker.stl → ../Utility/Size Markers/
2026-08-21T06:47:53.106Z INFO  Moving: Large Creature Size Marker.stl → ../Utility/Size Markers/
2026-08-21T06:47:53.117Z INFO  Moving: Gargantuan Creature Size Marker.stl → ../Utility/Size Markers/
2026-08-21T06:47:53.127Z INFO  Moving: Gargantuan Creature Size Marker.stl → ../Utility/Size Markers/
2026-08-21T06:47:53.138Z INFO  Moving: Huge Creature Size Marker.stl → ../Utility/Size Markers/
2026-08-21T06:47:53.149Z INFO  Moving: huge_creature flying marker.stl → ../Utility/Size Markers/
2026-08-21T06:47:53.159Z INFO  Moving: Small Creature Flying Size Marker.stl → ../Utility/Size Markers/
2026-08-21T06:47:53.170Z INFO  Moving: Huge Creature Size Marker.stl → ../Utility/Size Markers/
2026-08-21T06:47:53.203Z INFO  Moving: gargantuan creature size marker.stl → ../Utility/Size Markers/
2026-08-21T06:47:53.213Z INFO  Moving: huge creature size marker.stl → ../Utility/Size Markers/
2026-08-21T06:47:53.225Z INFO  Moving: huge_creature flying marker.stl → ../Utility/Size Markers/
2026-08-21T06:47:53.235Z INFO  Moving: Gargantuan Creature Size Marker.stl → ../Utility/Size Markers/
2026-08-21T06:47:53.247Z INFO  Moving: medium creature flying marker.stl → ../Utility/Size Markers/
2026-08-21T06:47:53.257Z INFO  Moving: Large Creature Flying Marker.stl → ../Utility/Size Markers/
2026-08-21T06:47:53.268Z INFO  Moving: Gargantuan Creature Size Marker.stl → ../Utility/Size Markers/
2026-08-21T06:47:53.278Z INFO  Moving: Medium Sized Creature Flying Marker.stl → ../Utility/Size Markers/
2026-08-21T06:47:53.290Z INFO  Moving: Large Creature Flying Marker.stl → ../Utility/Size Markers/
2026-08-21T06:47:53.300Z INFO  Moving: Huge Creature Flying Size Marker.stl → ../Utility/Size Markers/
2026-08-21T06:47:53.311Z INFO  Moving: Huge Creature Size Marker.stl → ../Utility/Size Markers/
2026-08-21T06:47:53.355Z INFO  Moving: Huge Creature Floating Size Marker.stl → ../Utility/Size Markers/
2026-08-21T06:47:53.405Z INFO  Moving: Medium Sized Creature Floating Marker.stl → ../Utility/Size Markers/
2026-08-21T06:47:53.418Z INFO  Moving: Medium Sized Flying Creature Marker.stl → ../Utility/Size Markers/
2026-08-21T06:47:53.430Z INFO  Moving: Large Creature Flying Size Marker.stl → ../Utility/Size Markers/
2026-08-21T06:47:53.441Z INFO  Moving: Huge Creature Flying Size Marker.stl → ../Utility/Size Markers/
2026-08-21T06:47:53.463Z INFO  Moving: Gargantuan Creature Flying Marker.stl → ../Utility/Size Markers/
2026-08-21T06:47:53.473Z INFO  Moving: huge_creature flying marker.stl → ../Utility/Size Markers/
2026-08-21T06:47:53.484Z INFO  Moving: gargantuan__creature_flying marker.stl → ../Utility/Size Markers/
2026-08-21T06:47:53.496Z INFO  Moving: medium creature flying marker.stl → ../Utility/Size Markers/
2026-08-21T06:47:53.507Z INFO  Moving: Large Creature Flying Marker.stl → ../Utility/Size Markers/
2026-08-21T06:47:53.518Z INFO  Moving: Small Creature Flying Size Marker.stl → ../Utility/Size Markers/
2026-08-21T06:47:53.530Z INFO  Moving: small creature flying marker.stl → ../Utility/Size Markers/
2026-08-21T06:47:53.540Z INFO  Moving: Large Creature Flying Marker.stl → ../Utility/Size Markers/
2026-08-21T06:47:53.552Z INFO  Moving: Large Creature Flying Marker.stl → ../Utility/Size Markers/
2026-08-21T06:47:53.562Z INFO  Moving: Medium Sized Flying Creature Marker.stl → ../Utility/Size Markers/
2026-08-21T06:47:53.574Z INFO  Moving: Large Creature Flying Size Marker.stl → ../Utility/Size Markers/
2026-08-21T06:47:53.585Z INFO  Moving: Small Creature Flying Marker.stl → ../Utility/Size Markers/
2026-08-21T06:47:53.596Z INFO  Moving: Large Creature Flying Size Marker.stl → ../Utility/Size Markers/
2026-08-21T06:47:53.607Z INFO  Moving: Huge Creature Size Marker.stl → ../Utility/Size Markers/
2026-08-21T06:47:53.618Z INFO  Moving: Huge Creature Size Marker.stl → ../Utility/Size Markers/
2026-08-21T06:47:53.628Z INFO  Moving: Gargantuan Creature Size Marker.stl → ../Utility/Size Markers/
2026-08-21T06:47:53.639Z INFO  Moving: Huge Creature Size Marker.stl → ../Utility/Size Markers/
2026-08-21T06:47:53.649Z INFO  Moving: Huge Creature Size Marker.stl → ../Utility/Size Markers/
2026-08-21T06:47:53.660Z INFO  Moving: Large Creature Flying Size Marker.stl → ../Utility/Size Markers/
2026-08-21T06:47:53.671Z INFO  Moving: Huge Creature Size Marker.stl → ../Utility/Size Markers/
2026-08-21T06:47:53.683Z INFO  Moving: Spear presupported.stl → Unsorted/
2026-08-21T06:47:53.694Z INFO  Moving: Spear.stl → Unsorted/
2026-08-21T06:47:53.705Z INFO  Moving: Large Creature Flying Marker.stl → ../Utility/Size Markers/
2026-08-21T06:47:53.716Z INFO  Moving: Huge Creature Size Marker.stl → ../Utility/Size Markers/
2026-08-21T06:47:53.727Z INFO  Moving: Large Creature Flying Size Marker.stl → ../Utility/Size Markers/
2026-08-21T06:47:53.741Z INFO  Moving: Club.stl → Unsorted/
2026-08-21T06:47:53.755Z INFO  Moving: Red Cap presupported.stl → Dragon/Chromatic/
2026-08-21T06:47:53.768Z INFO  Moving: Red Cap.stl → Dragon/Chromatic/
2026-08-21T06:47:53.780Z INFO  Moving: Huge Creature Size Marker.stl → ../Utility/Size Markers/
2026-08-21T06:47:53.792Z INFO  Moving: Medium Sized Flying Creature Marker.stl → ../Utility/Size Markers/
2026-08-21T06:47:53.804Z INFO  Moving: Large Creature Size Marker.stl → ../Utility/Size Markers/
2026-08-21T06:47:53.817Z INFO  Moving: Small Creature Flying Size Marker.stl → ../Utility/Size Markers/
2026-08-21T06:47:53.828Z INFO  Moving: Gargantuan Creature Size Marker.stl → ../Utility/Size Markers/
2026-08-21T06:47:53.842Z INFO  Moving: Huge Creature Marker.stl → ../Utility/Size Markers/
2026-08-21T06:47:53.855Z INFO  Moving: Large Creature Flying Size Marker.stl → ../Utility/Size Markers/
2026-08-21T06:47:53.871Z INFO  Moving: Scimitar.stl → Unsorted/
2026-08-21T06:47:53.884Z INFO  Moving: Huge Creature Size Marker.stl → ../Utility/Size Markers/
2026-08-21T06:47:53.897Z INFO  Moving: Large Creature Flying Marker.stl → ../Utility/Size Markers/
2026-08-21T06:47:53.909Z INFO  Moving: medium creature flying marker.stl → ../Utility/Size Markers/
2026-08-21T06:47:53.921Z INFO  Moving: Large Creature Size Marker.stl → ../Utility/Size Markers/
2026-08-21T06:47:53.935Z INFO  Moving: Gargantuan Creature Size Marker.stl → ../Utility/Size Markers/
2026-08-21T06:47:53.948Z INFO  Moving: Huge Creature Flying Size Marker.stl → ../Utility/Size Markers/
2026-08-21T06:47:53.959Z INFO  Moving: Small Creature Size Marker.stl → ../Utility/Size Markers/
2026-08-21T06:47:53.970Z INFO  Moving: Small Creature Flying Size Marker.stl → ../Utility/Size Markers/
2026-08-21T06:47:53.982Z INFO  Moving: Small Creature Flying Size Marker.stl → ../Utility/Size Markers/
2026-08-21T06:47:53.995Z INFO  Moving: Large Creature Flying Marker.stl → ../Utility/Size Markers/
2026-08-21T06:47:54.009Z INFO  Moving: Small Creature Flying Size Marker.stl → ../Utility/Size Markers/
2026-08-21T06:47:54.021Z INFO  Moving: Small Creature Flying Size Marker.stl → ../Utility/Size Markers/
2026-08-21T06:47:54.033Z INFO  Moving: Small Creature Flying Marker.stl → ../Utility/Size Markers/
2026-08-21T06:47:54.044Z INFO  Moving: Small Creature Flying Size Marker.stl → ../Utility/Size Markers/
2026-08-21T06:47:54.055Z INFO  Moving: Large Creature Size Marker.stl → ../Utility/Size Markers/
2026-08-21T06:47:54.067Z INFO  Moving: Large Creature Size Marker.stl → ../Utility/Size Markers/
2026-08-21T06:47:54.078Z INFO  Moving: Small Creature Flying Size Marker.stl → ../Utility/Size Markers/
2026-08-21T06:47:54.088Z INFO  Moving: Medium Sized Creature Flying Size Marker.stl → ../Utility/Size Markers/
2026-08-21T06:47:54.102Z INFO  Moving: Ghast presupported.stl → Undead/
2026-08-21T06:47:54.115Z INFO  Moving: Ghast.stl → Undead/
2026-08-21T06:47:54.127Z INFO  Moving: Human Wizard with Staff presupported.stl → Humanoid/Human/
2026-08-21T06:47:54.140Z INFO  Moving: Human Wizard with Staff.stl → Humanoid/Human/
2026-08-21T06:47:54.154Z INFO  Moving: Lich_2 presupported.stl → Undead/
2026-08-21T06:47:54.167Z INFO  Moving: Lich_2.stl → Undead/
2026-08-21T06:47:54.180Z INFO  Moving: Drow Mage presupported.stl → Humanoid/Elf/
2026-08-21T06:47:54.192Z INFO  Moving: Drow Mage.stl → Humanoid/Elf/
2026-08-21T06:47:54.205Z INFO  Moving: Bandit Female 2 presupported.stl → Humanoid/Human/
2026-08-21T06:47:54.218Z INFO  Moving: Bandit Female 2.stl → Humanoid/Human/
2026-08-21T06:47:54.230Z INFO  Moving: Bandit Male 2 presupported.stl → Humanoid/Human/
2026-08-21T06:47:54.244Z INFO  Moving: Bandit Male 2.stl → Humanoid/Human/
2026-08-21T06:47:54.257Z INFO  Moving: Human Fighter Swinging Sword presupported.stl → Humanoid/Human/
2026-08-21T06:47:54.269Z INFO  Moving: Human Fighter Swinging Sword.stl → Humanoid/Human/
2026-08-21T06:47:54.313Z INFO  Moving: Green Dragon Adult Updated Flying BODY presupported.stl → ../Utility/Size Markers/
2026-08-21T06:47:54.339Z INFO  Moving: Green Dragon Adult Updated Flying BODY.stl → ../Utility/Size Markers/
2026-08-21T06:47:54.354Z INFO  Moving: Green Dragon Adult Updated Flying HEAD presupported.stl → ../Utility/Size Markers/
2026-08-21T06:47:54.368Z INFO  Moving: Green Dragon Adult Updated Flying HEAD.stl → ../Utility/Size Markers/
2026-08-21T06:47:54.383Z INFO  Moving: Green Dragon Adult Updated Flying LEFT WING presupported.stl → ../Utility/Size Markers/
2026-08-21T06:47:54.397Z INFO  Moving: Green Dragon Adult Updated Flying LEFT WING.stl → ../Utility/Size Markers/
2026-08-21T06:47:54.410Z INFO  Moving: Green Dragon Adult Updated Flying LOWER BODY presupported.stl → ../Utility/Size Markers/
2026-08-21T06:47:54.424Z INFO  Moving: Green Dragon Adult Updated Flying LOWER BODY.stl → ../Utility/Size Markers/
2026-08-21T06:47:54.438Z INFO  Moving: Green Dragon Adult Updated Flying NECK presupported.stl → ../Utility/Size Markers/
2026-08-21T06:47:54.451Z INFO  Moving: Green Dragon Adult Updated Flying NECK.stl → ../Utility/Size Markers/
2026-08-21T06:47:54.466Z INFO  Moving: Green Dragon Adult Updated Flying RIGHT WING presupported.stl → ../Utility/Size Markers/
2026-08-21T06:47:54.480Z INFO  Moving: Green Dragon Adult Updated Flying RIGHT WING.stl → ../Utility/Size Markers/
2026-08-21T06:47:54.494Z INFO  Moving: Green Dragon Adult Updated Flying.stl → ../Utility/Size Markers/
2026-08-21T06:47:54.508Z INFO  Moving: huge_creature floating.stl → ../Utility/Size Markers/
2026-08-21T06:47:54.552Z INFO  Moving: Green Dragon Ancient Updated Flying BODY presupported.stl → ../Utility/Size Markers/
2026-08-21T06:47:54.566Z INFO  Moving: Green Dragon Ancient Updated Flying BODY.stl → ../Utility/Size Markers/
2026-08-21T06:47:54.579Z INFO  Moving: Green Dragon Ancient Updated Flying Head presupported.stl → ../Utility/Size Markers/
2026-08-21T06:47:54.592Z INFO  Moving: Green Dragon Ancient Updated Flying Head.stl → ../Utility/Size Markers/
2026-08-21T06:47:54.606Z INFO  Moving: Green Dragon Ancient Updated Flying LEFT WING presupported.stl → ../Utility/Size Markers/
2026-08-21T06:47:54.619Z INFO  Moving: Green Dragon Ancient Updated Flying LEFT WING.stl → ../Utility/Size Markers/
2026-08-21T06:47:54.634Z INFO  Moving: Green Dragon Ancient Updated Flying LOWER BODY presupported.stl → ../Utility/Size Markers/
2026-08-21T06:47:54.650Z INFO  Moving: Green Dragon Ancient Updated Flying LOWER BODY.stl → ../Utility/Size Markers/
2026-08-21T06:47:54.665Z INFO  Moving: Green Dragon Ancient Updated Flying NECK presupported.stl → ../Utility/Size Markers/
2026-08-21T06:47:54.679Z INFO  Moving: Green Dragon Ancient Updated Flying NECK.stl → ../Utility/Size Markers/
2026-08-21T06:47:54.694Z INFO  Moving: Green Dragon Ancient Updated Flying RIGHT WING presupported.stl → ../Utility/Size Markers/
2026-08-21T06:47:54.708Z INFO  Moving: Green Dragon Ancient Updated Flying RIGHT WING.stl → ../Utility/Size Markers/
2026-08-21T06:47:54.724Z INFO  Moving: Green Dragon Ancient Updated Flying.stl → ../Utility/Size Markers/
2026-08-21T06:47:54.739Z INFO  Moving: gargantuan__creature_floating.stl → ../Utility/Size Markers/
2026-08-21T06:47:54.790Z INFO  Moving: Green Dragon Wyrmling Updated Flying presupported.stl → ../Utility/Size Markers/
2026-08-21T06:47:54.806Z INFO  Moving: Green Dragon Wyrmling Updated Flying.stl → ../Utility/Size Markers/
2026-08-21T06:47:54.820Z INFO  Moving: medium creature Floating.stl → ../Utility/Size Markers/
2026-08-21T06:47:54.855Z INFO  Moving: Green Dragon Young Updated Flying BODY presupported.stl → ../Utility/Size Markers/
2026-08-21T06:47:54.868Z INFO  Moving: Green Dragon Young Updated Flying BODY.stl → ../Utility/Size Markers/
2026-08-21T06:47:54.882Z INFO  Moving: Green Dragon Young Updated Flying HEAD presupported.stl → ../Utility/Size Markers/
2026-08-21T06:47:54.898Z INFO  Moving: Green Dragon Young Updated Flying HEAD.stl → ../Utility/Size Markers/
2026-08-21T06:47:54.913Z INFO  Moving: Green Dragon Young Updated Flying LEFT WING presupported.stl → ../Utility/Size Markers/
2026-08-21T06:47:54.930Z INFO  Moving: Green Dragon Young Updated Flying LEFT WING.stl → ../Utility/Size Markers/
2026-08-21T06:47:54.944Z INFO  Moving: Green Dragon Young Updated Flying LOWER BODY presupported.stl → ../Utility/Size Markers/
2026-08-21T06:47:54.959Z INFO  Moving: Green Dragon Young Updated Flying LOWER BODY.stl → ../Utility/Size Markers/
2026-08-21T06:47:54.974Z INFO  Moving: Green Dragon Young Updated Flying NECK presupported.stl → ../Utility/Size Markers/
2026-08-21T06:47:55.030Z INFO  Moving: Green Dragon Young Updated Flying NECK.stl → ../Utility/Size Markers/
2026-08-21T06:47:55.046Z INFO  Moving: Green Dragon Young Updated Flying RIGHT WING presupported.stl → ../Utility/Size Markers/
2026-08-21T06:47:55.060Z INFO  Moving: Green Dragon Young Updated Flying RIGHT WING.stl → ../Utility/Size Markers/
2026-08-21T06:47:55.073Z INFO  Moving: Green Dragon Young Updated Flying.stl → ../Utility/Size Markers/
2026-08-21T06:47:55.086Z INFO  Moving: large_creature_Floating.stl → ../Utility/Size Markers/
2026-08-21T06:47:55.100Z INFO  Moving: Green Dragon Adult Updated BODY NO HEAD NO WINGS presupported.stl → Dragon/Chromatic/
2026-08-21T06:47:55.115Z INFO  Moving: Green Dragon Adult Updated BODY NO HEAD NO WINGS.stl → Dragon/Chromatic/
2026-08-21T06:47:55.130Z INFO  Moving: Green Dragon Adult Updated HEAD presupported.stl → Dragon/Chromatic/
2026-08-21T06:47:55.146Z INFO  Moving: Green Dragon Adult Updated HEAD.stl → Dragon/Chromatic/
2026-08-21T06:47:55.159Z INFO  Moving: Green Dragon Adult Updated LEFT WING presupported.stl → Dragon/Chromatic/
2026-08-21T06:47:55.176Z INFO  Moving: Green Dragon Adult Updated LEFT WING.stl → Dragon/Chromatic/
2026-08-21T06:47:55.191Z INFO  Moving: Green Dragon Adult Updated RIGHT WING presupported.stl → Dragon/Chromatic/
2026-08-21T06:47:55.206Z INFO  Moving: Green Dragon Adult Updated RIGHT WING.stl → Dragon/Chromatic/
2026-08-21T06:47:55.220Z INFO  Moving: Green Dragon Adult Updated no stand.stl → Dragon/Chromatic/
2026-08-21T06:47:55.233Z INFO  Moving: Green Dragon Adult Updated.stl → Dragon/Chromatic/
2026-08-21T06:47:55.247Z INFO  Moving: Huge Creature Marker.stl → ../Utility/Size Markers/
2026-08-21T06:47:55.259Z INFO  Moving: Gargantuan Creature Marker.stl → ../Utility/Size Markers/
2026-08-21T06:47:55.273Z INFO  Moving: Green Dragon Ancient Updated HEAD presupported.stl → Dragon/Chromatic/
2026-08-21T06:47:55.287Z INFO  Moving: Green Dragon Ancient Updated HEAD.stl → Dragon/Chromatic/
2026-08-21T06:47:55.302Z INFO  Moving: Green Dragon Ancient Updated LEFT WING presupported.stl → Dragon/Chromatic/
2026-08-21T06:47:55.316Z INFO  Moving: Green Dragon Ancient Updated LEFT WING.stl → Dragon/Chromatic/
2026-08-21T06:47:55.329Z INFO  Moving: Green Dragon Ancient Updated RIGHT WING presupported.stl → Dragon/Chromatic/
2026-08-21T06:47:55.342Z INFO  Moving: Green Dragon Ancient Updated RIGHT WING.stl → Dragon/Chromatic/
2026-08-21T06:47:55.358Z INFO  Moving: Green Dragon Ancient Updated body no head or wings presupported.stl → Dragon/Chromatic/
2026-08-21T06:47:55.371Z INFO  Moving: Green Dragon Ancient Updated body no head or wings.stl → Dragon/Chromatic/
2026-08-21T06:47:55.387Z INFO  Moving: Green Dragon Ancient Updated.stl → Dragon/Chromatic/
2026-08-21T06:47:55.400Z INFO  Moving: Green Dragon Ancient Updated no stand.stl → Dragon/Chromatic/
2026-08-21T06:47:55.415Z INFO  Moving: Green Dragon Wyrmling Updated presuppported.stl → Dragon/Chromatic/
2026-08-21T06:47:55.429Z INFO  Moving: Green Dragon Wyrmling Updated.stl → Dragon/Chromatic/
2026-08-21T06:47:55.442Z INFO  Moving: Green Dragon Young Updated no stand presupported.stl → Dragon/Chromatic/
2026-08-21T06:47:55.456Z INFO  Moving: Green Dragon Young Updated no stand.stl → Dragon/Chromatic/
2026-08-21T06:47:55.470Z INFO  Moving: Green Dragon Young Updated presupported.stl → Dragon/Chromatic/
2026-08-21T06:47:55.484Z INFO  Moving: Green Dragon Young Updated.stl → Dragon/Chromatic/
2026-08-21T06:47:55.495Z INFO  Moving: Large Creature Marker.stl → ../Utility/Size Markers/
2026-08-21T06:47:55.506Z INFO  Moving: Gargantuan Creature Marker.stl → ../Utility/Size Markers/
2026-08-21T06:47:55.516Z INFO  Moving: Gargantuan Creature Marker.stl → ../Utility/Size Markers/
2026-08-21T06:47:55.527Z INFO  Moving: Huge Creature Size Marker.stl → ../Utility/Size Markers/
2026-08-21T06:47:55.538Z INFO  Moving: Ophanim Angel Tree topper attachment.stl → Celestial/
2026-08-21T06:47:55.549Z INFO  Moving: Ophanim Angel for FDM one piece no supports needed.stl → Celestial/
2026-08-21T06:47:55.560Z INFO  Moving: Ophanim Angel for resin users.stl → Celestial/
2026-08-21T06:47:55.572Z INFO  Moving: Ophanim Four wheels not cut up.stl → Unsorted/
2026-08-21T06:47:55.584Z INFO  Moving: Ophanim wheel 1.stl → Unsorted/
2026-08-21T06:47:55.597Z INFO  Moving: Ophanim wheel 2.stl → Unsorted/
2026-08-21T06:47:55.609Z INFO  Moving: Ophanim wheel 3.stl → Unsorted/
2026-08-21T06:47:55.621Z INFO  Moving: Ophanim wheel 4.stl → Unsorted/
2026-08-21T06:47:55.633Z INFO  Moving: Ophanim Angel Ornament for FDM no supports needed.stl → Celestial/
2026-08-21T06:47:55.644Z INFO  Moving: Ophanim Angel Ornament for resin presupported.stl → Celestial/
2026-08-21T06:47:55.655Z INFO  Moving: Ophanim Angel Ornament for resin.stl → Celestial/
2026-08-21T06:47:55.667Z INFO  Moving: Ophanim Angel for resin users presupported.stl → Celestial/
2026-08-21T06:47:55.678Z INFO  Moving: Seraphim Tree Topper presupported.stl → Unsorted/
2026-08-21T06:47:55.691Z INFO  Moving: Seraphim presupported.stl → Unsorted/
2026-08-21T06:47:55.703Z INFO  Moving: Seraphim.stl → Unsorted/
2026-08-21T06:47:55.716Z INFO  Moving: Seraphim Tree Topper.stl → Unsorted/
2026-08-21T06:47:55.726Z INFO  Moving: huge_creature flying marker.stl → ../Utility/Size Markers/
2026-08-21T06:47:55.738Z INFO  Moving: Apparatus of Kwalish no stand.stl → Beast/
2026-08-21T06:47:55.750Z INFO  Moving: Apparatus of Kwalish presupported.stl → Beast/
2026-08-21T06:47:55.762Z INFO  Moving: Apparatus of Kwalish no stand presupported.stl → Beast/
2026-08-21T06:47:55.773Z INFO  Moving: Apparatus of Kwalish.stl → Beast/
2026-08-21T06:47:55.785Z INFO  Moving: Large Creature Size Marker.stl → ../Utility/Size Markers/
2026-08-21T06:47:55.798Z INFO  Moving: Archfey Female 2.stl → Fey/
2026-08-21T06:47:55.811Z INFO  Moving: Archfey Female 2 presupported.stl → Fey/
2026-08-21T06:47:55.822Z INFO  Moving: Gargantuan Creature Marker.stl → ../Utility/Size Markers/
2026-08-21T06:47:55.833Z INFO  Moving: Huge Creature Size Marker.stl → ../Utility/Size Markers/
2026-08-21T06:47:55.846Z INFO  Moving: Axe Beak Tropical Mount with Rider Slot Bottom.stl → Unsorted/
2026-08-21T06:47:55.859Z INFO  Moving: Axe Beak Tropical Mount with Rider Slot Top presupported.stl → Unsorted/
2026-08-21T06:47:55.871Z INFO  Moving: Axe Beak Tropical Mount with Rider Slot Top.stl → Unsorted/
2026-08-21T06:47:55.884Z INFO  Moving: Axe Beak Tropical Mount.stl → Unsorted/
2026-08-21T06:47:55.896Z INFO  Moving: Axe Beak Tropical presupported.stl → Unsorted/
2026-08-21T06:47:55.908Z INFO  Moving: Axe Beak Tropical.stl → Unsorted/
2026-08-21T06:47:55.921Z INFO  Moving: Axe Beak Tropical Mount presupported.stl → Unsorted/
2026-08-21T06:47:55.933Z INFO  Moving: Axe Beak Tropical Mount with Rider Slot Bottom presupported.stl → Unsorted/
2026-08-21T06:47:55.944Z INFO  Moving: Large Creature Flying Marker.stl → ../Utility/Size Markers/
2026-08-21T06:47:55.955Z INFO  Moving: Large Creature Flying Marker.stl → ../Utility/Size Markers/
2026-08-21T06:47:55.966Z INFO  Moving: Large Creature Floating Stand.stl → ../Utility/Size Markers/
2026-08-21T06:47:55.978Z INFO  Moving: Large Creature Flying Marker.stl → ../Utility/Size Markers/
2026-08-21T06:47:55.991Z INFO  Moving: Large Creature Marker.stl → ../Utility/Size Markers/
2026-08-21T06:47:56.004Z INFO  Moving: Eye_Wing.pdf → Reference_Docs/
2026-08-21T06:47:56.019Z INFO  Moving: Huge Creature Flying Marker.stl → ../Utility/Size Markers/
2026-08-21T06:47:56.033Z INFO  Moving: Large Creature Floating Stand.stl → ../Utility/Size Markers/
2026-08-21T06:47:56.048Z INFO  Moving: large creature size marker.stl → ../Utility/Size Markers/
2026-08-21T06:47:56.065Z INFO  Moving: Pumpkinholder shapwayzz.stl → Unsorted/
2026-08-21T06:47:56.080Z INFO  Moving: Pumpkinholder.stl → Unsorted/
2026-08-21T06:47:56.095Z INFO  Moving: Large Creature Flying Marker.stl → ../Utility/Size Markers/
2026-08-21T06:47:56.111Z INFO  Moving: Pumpkinholder presupported.stl → Unsorted/
2026-08-21T06:47:56.124Z INFO  Moving: Large Creature Floating Stand.stl → ../Utility/Size Markers/
2026-08-21T06:47:56.140Z INFO  Moving: Santa-holder for Shapeways.stl → Unsorted/
2026-08-21T06:47:56.157Z INFO  Moving: Santa-holder presupported.stl → Unsorted/
2026-08-21T06:47:56.172Z INFO  Moving: Santa-holder.stl → Unsorted/
2026-08-21T06:47:56.186Z INFO  Moving: Huge Creature Size Marker.stl → ../Utility/Size Markers/
2026-08-21T06:47:56.200Z INFO  Moving: Large Creature Floating Marker.stl → ../Utility/Size Markers/
2026-08-21T06:47:56.213Z INFO  Moving: Large Creature Floating Stand.stl → ../Utility/Size Markers/
2026-08-21T06:47:56.225Z INFO  Moving: Huge Creature Size Marker.stl → ../Utility/Size Markers/
2026-08-21T06:47:56.238Z INFO  Moving: Huge Creature Size Marker.stl → ../Utility/Size Markers/
2026-08-21T06:47:56.250Z INFO  Moving: Small Creature Flying Marker.stl → ../Utility/Size Markers/
2026-08-21T06:47:56.263Z INFO  Moving: Huge Creature Size Marker.stl → ../Utility/Size Markers/
2026-08-21T06:47:56.275Z INFO  Moving: Huge Creature Marker.stl → ../Utility/Size Markers/
2026-08-21T06:47:56.289Z INFO  Moving: Curapira presupported.stl → Unsorted/
2026-08-21T06:47:56.305Z INFO  Moving: Curapira.stl → Unsorted/
2026-08-21T06:47:56.320Z INFO  Moving: Clurichaun Female presupported.stl → Unsorted/
2026-08-21T06:47:56.332Z INFO  Moving: Clurichaun Female.stl → Unsorted/
2026-08-21T06:47:56.343Z INFO  Moving: Huge Creature Size Marker.stl → ../Utility/Size Markers/
2026-08-21T06:47:56.354Z INFO  Moving: huge_creature flying marker.stl → ../Utility/Size Markers/
2026-08-21T06:47:56.365Z INFO  Moving: Huge Creature Size Marker.stl → ../Utility/Size Markers/
2026-08-21T06:47:56.375Z INFO  Moving: Huge Creature Marker.stl → ../Utility/Size Markers/
2026-08-21T06:47:56.389Z INFO  Moving: Demilich for Shapeways.stl → Undead/
2026-08-21T06:47:56.403Z INFO  Moving: Demilich presupported.stl → Undead/
2026-08-21T06:47:56.416Z INFO  Moving: Demilich.stl → Undead/
2026-08-21T06:47:56.428Z INFO  Moving: Oublivae presupported.stl → Unsorted/
2026-08-21T06:47:56.440Z INFO  Moving: Oublivae.stl → Unsorted/
2026-08-21T06:47:56.451Z INFO  Moving: Large Creature Flying Marker.stl → ../Utility/Size Markers/
2026-08-21T06:47:56.464Z INFO  Moving: Orlath presupported ok this is nuts please dont try this just print each sword and insert it in the other model without the blade I mean come on this is kinda silly.stl → Unsorted/
2026-08-21T06:47:56.476Z INFO  Moving: Fiendish Sword presupported.stl → Fiend/Demon/
2026-08-21T06:47:56.489Z INFO  Moving: Fiendish Sword.stl → Fiend/Demon/
2026-08-21T06:47:56.501Z INFO  Moving: Orlath no blades presupported.stl → Unsorted/
2026-08-21T06:47:56.513Z INFO  Moving: Orlath no blades.stl → Unsorted/
2026-08-21T06:47:56.526Z INFO  Moving: Orlath.stl → Unsorted/
2026-08-21T06:47:56.539Z INFO  Moving: Large Creature Size Marker.stl → ../Utility/Size Markers/
2026-08-21T06:47:56.563Z INFO  Moving: Derro.stl → Humanoid/Dwarf/
2026-08-21T06:47:56.574Z INFO  Moving: Huge Creature Size Marker.stl → ../Utility/Size Markers/
2026-08-21T06:47:56.587Z INFO  Moving: Huge Creature Size Marker.stl → ../Utility/Size Markers/
2026-08-21T06:47:56.600Z INFO  Moving: Gargantuan Creature Flying Marker.stl → ../Utility/Size Markers/
2026-08-21T06:47:56.612Z INFO  Moving: huge_creature flying marker.stl → ../Utility/Size Markers/
2026-08-21T06:47:56.625Z INFO  Moving: Huge Creature Flying Size Marker.stl → ../Utility/Size Markers/
2026-08-21T06:47:56.639Z INFO  Moving: huge_creature flying marker.stl → ../Utility/Size Markers/
2026-08-21T06:47:56.651Z INFO  Moving: Gargantuan Creature Marker.stl → ../Utility/Size Markers/
2026-08-21T06:47:56.664Z INFO  Moving: Gargantuan Creature Size Marker.stl → ../Utility/Size Markers/
2026-08-21T06:47:56.677Z INFO  Moving: Huge Creature Flying Size Marker.stl → ../Utility/Size Markers/
2026-08-21T06:47:56.690Z INFO  Moving: Black Head presupported.stl → Dragon/Chromatic/
2026-08-21T06:47:56.703Z INFO  Moving: Black Head.stl → Dragon/Chromatic/
2026-08-21T06:47:56.718Z INFO  Moving: Blue Head presupported.stl → Dragon/Chromatic/
2026-08-21T06:47:56.733Z INFO  Moving: Blue Head.stl → Dragon/Chromatic/
2026-08-21T06:47:56.749Z INFO  Moving: Gargantuan Creature Flying Size Marker.stl → ../Utility/Size Markers/
2026-08-21T06:47:56.765Z INFO  Moving: Green Head presupported.stl → Dragon/Chromatic/
2026-08-21T06:47:56.778Z INFO  Moving: Green Head.stl → Dragon/Chromatic/
2026-08-21T06:47:56.793Z INFO  Moving: Red Head presupported.stl → Dragon/Chromatic/
2026-08-21T06:47:56.807Z INFO  Moving: Red Head.stl → Dragon/Chromatic/
2026-08-21T06:47:56.821Z INFO  Moving: White Head presupported.stl → Dragon/Chromatic/
2026-08-21T06:47:56.837Z INFO  Moving: White Head.stl → Dragon/Chromatic/
2026-08-21T06:47:56.850Z INFO  Moving: Huge Creature Flying Size Marker.stl → ../Utility/Size Markers/
2026-08-21T06:47:56.864Z INFO  Moving: Huge Creature Flying Size Marker.stl → ../Utility/Size Markers/
2026-08-21T06:47:56.879Z INFO  Moving: Huge Creature Size Marker.stl → ../Utility/Size Markers/
2026-08-21T06:47:56.892Z INFO  Moving: Huge Creature Flying Marker.stl → ../Utility/Size Markers/
2026-08-21T06:47:56.905Z INFO  Moving: Huge Creature Flying Size Marker.stl → ../Utility/Size Markers/
2026-08-21T06:47:56.918Z INFO  Moving: gargantuan__creature_flying marker.stl → ../Utility/Size Markers/
2026-08-21T06:47:56.930Z INFO  Moving: Huge Creature Flying Size Marker.stl → ../Utility/Size Markers/
2026-08-21T06:47:56.943Z INFO  Moving: Tiamat Wyrmling presupported.stl → Aberration/
2026-08-21T06:47:56.956Z INFO  Moving: Tiamat Wyrmling.stl → Aberration/
2026-08-21T06:47:56.969Z INFO  Moving: Huge Creature Flying Marker.stl → ../Utility/Size Markers/
2026-08-21T06:47:56.982Z INFO  Moving: Large Creature Flying Size Marker.stl → ../Utility/Size Markers/
2026-08-21T06:47:56.996Z INFO  Moving: Gingerbread Dragon presupported.stl → Dragon/Chromatic/
2026-08-21T06:47:57.010Z INFO  Moving: Gingerbread Dragon.stl → Dragon/Chromatic/
2026-08-21T06:47:57.023Z INFO  Moving: Dragon Turtle Updated Body presupported.stl → Beast/
2026-08-21T06:47:57.035Z INFO  Moving: Dragon Turtle Updated Body.stl → Beast/
2026-08-21T06:47:57.049Z INFO  Moving: Dragon Turtle Updated Head presupported.stl → Beast/
2026-08-21T06:47:57.064Z INFO  Moving: Dragon Turtle Updated Head.stl → Beast/
2026-08-21T06:47:57.077Z INFO  Moving: Dragon Turtle Updated LEFT Front Fin presupported.stl → Beast/
2026-08-21T06:47:57.090Z INFO  Moving: Dragon Turtle Updated LEFT Front Fin.stl → Beast/
2026-08-21T06:47:57.103Z INFO  Moving: Dragon Turtle Updated LEFT Rear Fin presupported.stl → Beast/
2026-08-21T06:47:57.116Z INFO  Moving: Dragon Turtle Updated LEFT Rear Fin.stl → Beast/
2026-08-21T06:47:57.129Z INFO  Moving: Dragon Turtle Updated RIGHT Front Fin presupported.stl → Beast/
2026-08-21T06:47:57.142Z INFO  Moving: Dragon Turtle Updated RIGHT Front Fin.stl → Beast/
2026-08-21T06:47:57.155Z INFO  Moving: Dragon Turtle Updated RIGHT Rear Fin presupported.stl → Beast/
2026-08-21T06:47:57.168Z INFO  Moving: Dragon Turtle Updated RIGHT Rear Fin.stl → Beast/
2026-08-21T06:47:57.184Z INFO  Moving: Dragon Turtle Updated Tail presupported.stl → Beast/
2026-08-21T06:47:57.197Z INFO  Moving: Dragon Turtle Updated Tail.stl → Beast/
2026-08-21T06:47:57.212Z INFO  Moving: Dragon Turtle Updated presupported.stl → Beast/
2026-08-21T06:47:57.226Z INFO  Moving: Dragon Turtle Updated.stl → Beast/
2026-08-21T06:47:57.243Z INFO  Moving: Dread Gazebo.stl → Unsorted/
2026-08-21T06:47:57.256Z INFO  Moving: Huge Creature Size Marker.stl → ../Utility/Size Markers/
2026-08-21T06:47:57.272Z INFO  Moving: Dwarf Ghoul presupported.stl → Humanoid/Dwarf/
2026-08-21T06:47:57.288Z INFO  Moving: Dwarf Ghoul.stl → Humanoid/Dwarf/
2026-08-21T06:47:57.326Z INFO  Moving: Eilistraee presupported.stl → Fey/
2026-08-21T06:47:57.338Z INFO  Moving: Eilistraee.stl → Fey/
2026-08-21T06:47:57.349Z INFO  Moving: huge_creature flying marker.stl → ../Utility/Size Markers/
2026-08-21T06:47:57.360Z INFO  Moving: Gargantuan Creature Size Marker.stl → ../Utility/Size Markers/
2026-08-21T06:47:57.370Z INFO  Moving: Huge Creature Marker.stl → ../Utility/Size Markers/
2026-08-21T06:47:57.405Z INFO  Moving: XPData.txt → Reference_Docs/
2026-08-21T06:47:57.417Z INFO  Moving: TreasureTable.txt → Reference_Docs/
2026-08-21T06:47:57.429Z INFO  Moving: XPData.txt → Reference_Docs/
2026-08-21T06:47:57.440Z INFO  Moving: Huge Creature Marker.stl → ../Utility/Size Markers/
2026-08-21T06:47:57.450Z INFO  Moving: Large Creature Flying Marker.stl → ../Utility/Size Markers/
2026-08-21T06:47:57.461Z INFO  Moving: small creature flying.stl → ../Utility/Size Markers/
2026-08-21T06:47:57.472Z INFO  Moving: Huge Creature Marker.stl → ../Utility/Size Markers/
2026-08-21T06:47:57.483Z INFO  Moving: gargantuan creature size marker.stl → ../Utility/Size Markers/
2026-08-21T06:47:57.495Z INFO  Moving: Gibberling 2E presupported.stl → Unsorted/
2026-08-21T06:47:57.507Z INFO  Moving: Gibberling 2E.stl → Unsorted/
2026-08-21T06:47:57.517Z INFO  Moving: Huge Creature Marker.stl → ../Utility/Size Markers/
2026-08-21T06:47:57.538Z INFO  Moving: Goblin Jester presupported.stl → Fey/
2026-08-21T06:47:57.559Z INFO  Moving: Goblin Jester.stl → Fey/
2026-08-21T06:47:57.588Z INFO  Moving: Goblin King presupported.stl → Fey/
2026-08-21T06:47:57.600Z INFO  Moving: Goblin King.stl → Fey/
2026-08-21T06:47:57.633Z INFO  Moving: Goblin Metalhead.stl → Fey/
2026-08-21T06:47:57.644Z INFO  Moving: Huge Creature Marker.stl → ../Utility/Size Markers/
2026-08-21T06:47:57.655Z INFO  Moving: HONK!v0.3 - Copy.pdf → Reference_Docs/
2026-08-21T06:47:57.666Z INFO  Moving: HONK!v0.3.pdf → Reference_Docs/
2026-08-21T06:47:57.677Z INFO  Moving: Huge Creature Marker.stl → ../Utility/Size Markers/
2026-08-21T06:47:57.688Z INFO  Moving: Large Creature Flying Size Marker.stl → ../Utility/Size Markers/
2026-08-21T06:47:57.702Z INFO  Moving: Large Creature Marker.stl → ../Utility/Size Markers/
2026-08-21T06:47:57.713Z INFO  Moving: Huge Creature Marker.stl → ../Utility/Size Markers/
2026-08-21T06:47:57.725Z INFO  Moving: Large Creature Flying Size Marker.stl → ../Utility/Size Markers/
2026-08-21T06:47:57.739Z INFO  Moving: Large Creature Flying Stand.stl → ../Utility/Size Markers/
2026-08-21T06:47:57.756Z INFO  Moving: Nightmare updated presupported.stl → Undead/
2026-08-21T06:47:57.774Z INFO  Moving: Nightmare updated.stl → Undead/
2026-08-21T06:47:57.785Z INFO  Moving: large_creature_Floating.stl → ../Utility/Size Markers/
2026-08-21T06:47:57.798Z INFO  Moving: Huge Creature Size Marker.stl → ../Utility/Size Markers/
2026-08-21T06:47:57.813Z INFO  Moving: Small Creature Flying Size Marker.stl → ../Utility/Size Markers/
2026-08-21T06:47:57.827Z INFO  Moving: Large Creature Size Marker.stl → ../Utility/Size Markers/
2026-08-21T06:47:57.842Z INFO  Moving: Huge Creature Size Marker.stl → ../Utility/Size Markers/
2026-08-21T06:47:57.856Z INFO  Moving: Jimothy the Cleric presupported.stl → Humanoid/Human/
2026-08-21T06:47:57.874Z INFO  Moving: Jimothy the Cleric.stl → Humanoid/Human/
2026-08-21T06:47:57.892Z INFO  Moving: Jimothy the Fighter presupported.stl → Humanoid/Human/
2026-08-21T06:47:57.907Z INFO  Moving: Jimothy the Fighter.stl → Humanoid/Human/
2026-08-21T06:47:57.922Z INFO  Moving: Jimothy the Rogue presupported.stl → Humanoid/Human/
2026-08-21T06:47:57.936Z INFO  Moving: Jimothy the Rogue.stl → Humanoid/Human/
2026-08-21T06:47:57.952Z INFO  Moving: Jimothy the Wizard presupported.stl → Humanoid/Human/
2026-08-21T06:47:57.969Z INFO  Moving: Jimothy the Wizard.stl → Humanoid/Human/
2026-08-21T06:47:58.000Z INFO  Moving: Jimothy.stl → Humanoid/Human/
2026-08-21T06:47:58.017Z INFO  Moving: Jimothy.stl presupported.stl → Humanoid/Human/
2026-08-21T06:47:58.057Z INFO  Moving: Jungle Kobold Blow Gun.stl → Dragon/
2026-08-21T06:47:58.070Z INFO  Moving: Jungle Kobold Body no stand.stl → Dragon/
2026-08-21T06:47:58.082Z INFO  Moving: Jungle Kobold Body only.stl → Dragon/
2026-08-21T06:47:58.094Z INFO  Moving: Jungle Kobold Sword.stl → Dragon/
2026-08-21T06:47:58.111Z INFO  Moving: Jungle Kobold presupported.stl → Dragon/
2026-08-21T06:47:58.127Z INFO  Moving: Jungle Kobold.stl → Dragon/
2026-08-21T06:47:58.139Z INFO  Moving: Large Creature Marker.stl → ../Utility/Size Markers/
2026-08-21T06:47:58.168Z INFO  Moving: Kobold Chief presupported.stl → Dragon/
2026-08-21T06:47:58.181Z INFO  Moving: Kobold Chief with Wings presupported.stl → Dragon/
2026-08-21T06:47:58.193Z INFO  Moving: Kobold Chief with Wings.stl → Dragon/
2026-08-21T06:47:58.206Z INFO  Moving: Kobold Chief.stl → Dragon/
2026-08-21T06:47:58.216Z INFO  Moving: Large Creature Marker.stl → ../Utility/Size Markers/
2026-08-21T06:47:58.227Z INFO  Moving: Gargantuan Creature Size Marker.stl → ../Utility/Size Markers/
2026-08-21T06:47:58.239Z INFO  Moving: Krampus presupported.stl → Unsorted/
2026-08-21T06:47:58.251Z INFO  Moving: Krampus.stl → Unsorted/
2026-08-21T06:47:58.261Z INFO  Moving: Huge Creature Size Marker.stl → ../Utility/Size Markers/
2026-08-21T06:47:58.293Z INFO  Moving: Leshy presupported.stl → Elemental/
2026-08-21T06:47:58.305Z INFO  Moving: Leshy.stl → Elemental/
2026-08-21T06:47:58.316Z INFO  Moving: Large Creature Marker.stl → ../Utility/Size Markers/
2026-08-21T06:47:58.328Z INFO  Moving: Medium Sized Creature Flying Marker.stl → ../Utility/Size Markers/
2026-08-21T06:47:58.338Z INFO  Moving: Huge Creature Marker.stl → ../Utility/Size Markers/
2026-08-21T06:47:58.351Z INFO  Moving: Huge Creature Size Marker.stl → ../Utility/Size Markers/
2026-08-21T06:47:58.364Z INFO  Moving: Large Creature Flying Marker.stl → ../Utility/Size Markers/
2026-08-21T06:47:58.378Z INFO  Moving: Large Creature Flying Marker.stl → ../Utility/Size Markers/
2026-08-21T06:47:58.390Z INFO  Moving: Huge Creature Size Marker.stl → ../Utility/Size Markers/
2026-08-21T06:47:58.402Z INFO  Moving: Huge Creature Marker.stl → ../Utility/Size Markers/
2026-08-21T06:47:58.416Z INFO  Moving: English Foxhound presupported.stl → Unsorted/
2026-08-21T06:47:58.430Z INFO  Moving: English Foxhound.stl → Unsorted/
2026-08-21T06:47:58.443Z INFO  Moving: Large Creature Flying Marker.stl → ../Utility/Size Markers/
2026-08-21T06:47:58.456Z INFO  Moving: Huge Creature Size Marker.stl → ../Utility/Size Markers/
2026-08-21T06:47:58.470Z INFO  Moving: Large Creature Flying Marker.stl → ../Utility/Size Markers/
2026-08-21T06:47:58.483Z INFO  Moving: Huge Creature Marker.stl → ../Utility/Size Markers/
2026-08-21T06:47:58.497Z INFO  Moving: Hippopotamus presupported.stl → Unsorted/
2026-08-21T06:47:58.510Z INFO  Moving: Hippopotamus.stl → Unsorted/
2026-08-21T06:47:58.523Z INFO  Moving: Small Creature Flying Marker.stl → ../Utility/Size Markers/
2026-08-21T06:47:58.537Z INFO  Moving: Rothe presupported.stl → Unsorted/
2026-08-21T06:47:58.551Z INFO  Moving: Rothe.stl → Unsorted/
2026-08-21T06:47:58.564Z INFO  Moving: Swarm of Spiders presupported.stl → Beast/
2026-08-21T06:47:58.576Z INFO  Moving: Swarm of Spiders.stl → Beast/
2026-08-21T06:47:58.589Z INFO  Moving: Large Creature Marker.stl → ../Utility/Size Markers/
2026-08-21T06:47:58.603Z INFO  Moving: large creature flying marker.stl → ../Utility/Size Markers/
2026-08-21T06:47:58.618Z INFO  Moving: BarKeep presupported.stl → Unsorted/
2026-08-21T06:47:58.634Z INFO  Moving: BarKeep.stl → Unsorted/
2026-08-21T06:47:58.649Z INFO  Moving: Noble presupported.stl → Humanoid/Human/
2026-08-21T06:47:58.666Z INFO  Moving: Noble.stl → Humanoid/Human/
2026-08-21T06:47:58.679Z INFO  Moving: Club presupported.stl → Unsorted/
2026-08-21T06:47:58.694Z INFO  Moving: Club.stl → Unsorted/
2026-08-21T06:47:58.707Z INFO  Moving: Large Creature Size Marker.stl → ../Utility/Size Markers/
2026-08-21T06:47:58.722Z INFO  Moving: Club.stl → Unsorted/
2026-08-21T06:47:58.738Z INFO  Moving: Club presupported.stl → Unsorted/
2026-08-21T06:47:58.755Z INFO  Moving: Club.stl → Unsorted/
2026-08-21T06:47:58.772Z INFO  Moving: Scimitar.stl → Unsorted/
2026-08-21T06:47:58.788Z INFO  Moving: Spear.stl → Unsorted/
2026-08-21T06:47:58.802Z INFO  Moving: Owlbear 1e presupported.stl → Beast/
2026-08-21T06:47:58.817Z INFO  Moving: Owlbear 1e.stl → Beast/
2026-08-21T06:47:58.830Z INFO  Moving: Large Creature Marker.stl → ../Utility/Size Markers/
2026-08-21T06:47:58.845Z INFO  Moving: Party Ogre presupported.stl → Giant/
2026-08-21T06:47:58.861Z INFO  Moving: Party Ogre.stl → Giant/
2026-08-21T06:47:58.875Z INFO  Moving: Large Creature Flying Marker.stl → ../Utility/Size Markers/
2026-08-21T06:47:58.889Z INFO  Moving: Huge Creature Flying Size Marker.stl → ../Utility/Size Markers/
2026-08-21T06:47:58.902Z INFO  Moving: Piasa body presupported.stl → Unsorted/
2026-08-21T06:47:58.916Z INFO  Moving: Piasa body.stl → Unsorted/
2026-08-21T06:47:58.932Z INFO  Moving: Piasa head presupported.stl → Unsorted/
2026-08-21T06:47:58.948Z INFO  Moving: Piasa head.stl → Unsorted/
2026-08-21T06:47:58.963Z INFO  Moving: Piasa.stl → Unsorted/
2026-08-21T06:47:58.976Z INFO  Moving: Small Creature Flying Size Marker.stl → ../Utility/Size Markers/
2026-08-21T06:47:58.990Z INFO  Moving: Rat King presupported.stl → Beast/
2026-08-21T06:47:59.003Z INFO  Moving: Rat King.stl → Beast/
2026-08-21T06:47:59.017Z INFO  Moving: Ratfolk Monk Master.stl → Beast/
2026-08-21T06:47:59.029Z INFO  Moving: Owlbear with harness 1 presupported.stl → Beast/
2026-08-21T06:47:59.044Z INFO  Moving: Owlbear with harness 1.stl → Beast/
2026-08-21T06:47:59.060Z INFO  Moving: Owlbear with harness 2 presupported.stl → Beast/
2026-08-21T06:47:59.077Z INFO  Moving: Owlbear with harness 2.stl → Beast/
2026-08-21T06:47:59.091Z INFO  Moving: Owlbear with harness 3 presupported.stl → Beast/
2026-08-21T06:47:59.104Z INFO  Moving: Owlbear with harness 3.stl → Beast/
2026-08-21T06:47:59.118Z INFO  Moving: Owlbear with harness 4 presupported.stl → Beast/
2026-08-21T06:47:59.130Z INFO  Moving: Owlbear with harness 4.stl → Beast/
2026-08-21T06:47:59.144Z INFO  Moving: Owlbear with harness 5 presupported.stl → Beast/
2026-08-21T06:47:59.158Z INFO  Moving: Owlbear with harness 5.stl → Beast/
2026-08-21T06:47:59.172Z INFO  Moving: Santas Sleigh for Four PCs presupported.stl → Unsorted/
2026-08-21T06:47:59.186Z INFO  Moving: Santas Sleigh for Four PCs.stl → Unsorted/
2026-08-21T06:47:59.201Z INFO  Moving: Sea Hag Creeping Hut.stl → Fey/
2026-08-21T06:47:59.240Z INFO  Moving: Skeleton Kobold Melee presupported.stl → Dragon/
2026-08-21T06:47:59.257Z INFO  Moving: Skeleton Kobold Melee.stl → Dragon/
2026-08-21T06:47:59.271Z INFO  Moving: Skeleton Kobold Ranged presupported.stl → Dragon/
2026-08-21T06:47:59.286Z INFO  Moving: Skeleton Kobold Ranged.stl → Dragon/
2026-08-21T06:47:59.300Z INFO  Moving: Skeleton Kobold Shambling presupported.stl → Dragon/
2026-08-21T06:47:59.313Z INFO  Moving: Skeleton Kobold Shambling.stl → Dragon/
2026-08-21T06:47:59.326Z INFO  Moving: Huge Creature Size Marker.stl → ../Utility/Size Markers/
2026-08-21T06:47:59.338Z INFO  Moving: medium creature flying marker.stl → ../Utility/Size Markers/
2026-08-21T06:47:59.353Z INFO  Moving: Snwoman Boss presupported.stl → Unsorted/
2026-08-21T06:47:59.368Z INFO  Moving: Snwoman Boss.stl → Unsorted/
2026-08-21T06:47:59.385Z INFO  Moving: Snwomen presupported.stl → Unsorted/
2026-08-21T06:47:59.399Z INFO  Moving: Snwomen.stl → Unsorted/
2026-08-21T06:47:59.411Z INFO  Moving: Large Creature Marker.stl → ../Utility/Size Markers/
2026-08-21T06:47:59.423Z INFO  Moving: Large Creature Size Marker.stl → ../Utility/Size Markers/
2026-08-21T06:47:59.436Z INFO  Moving: Badger Steel Defender presupported.stl → Unsorted/
2026-08-21T06:47:59.454Z INFO  Moving: Badger Steel Defender.stl → Unsorted/
2026-08-21T06:47:59.470Z INFO  Moving: Steel Defender presupported.stl → Unsorted/
2026-08-21T06:47:59.485Z INFO  Moving: Steel Defender.stl → Unsorted/
2026-08-21T06:47:59.497Z INFO  Moving: Large Creature Size Marker.stl → ../Utility/Size Markers/
2026-08-21T06:47:59.509Z INFO  Moving: Medium Sized Creature Flying Marker.stl → ../Utility/Size Markers/
2026-08-21T06:47:59.519Z INFO  Moving: Small Creature Flying Size Marker.stl → ../Utility/Size Markers/
2026-08-21T06:47:59.530Z INFO  Moving: Huge Creature Size Marker.stl → ../Utility/Size Markers/
2026-08-21T06:47:59.542Z INFO  Moving: Easel presupported.stl → Unsorted/
2026-08-21T06:47:59.553Z INFO  Moving: Large Creature Marker.stl → ../Utility/Size Markers/
2026-08-21T06:47:59.563Z INFO  Moving: Huge Creature Marker.stl → ../Utility/Size Markers/
2026-08-21T06:47:59.576Z INFO  Moving: Turkey Hydra no base presupported.stl → Unsorted/
2026-08-21T06:47:59.588Z INFO  Moving: Turkey Hydra no base.stl → Unsorted/
2026-08-21T06:47:59.600Z INFO  Moving: Turkey Hydra.stl → Unsorted/
2026-08-21T06:47:59.611Z INFO  Moving: Large Creature Flying Marker.stl → ../Utility/Size Markers/
2026-08-21T06:47:59.624Z INFO  Moving: Voormi presupported.stl → Unsorted/
2026-08-21T06:47:59.636Z INFO  Moving: Voormi.stl → Unsorted/
2026-08-21T06:47:59.648Z INFO  Moving: Warforged Bard.stl → Construct/
2026-08-21T06:47:59.659Z INFO  Moving: Warforged Druid.stl → Construct/
2026-08-21T06:47:59.670Z INFO  Moving: Warforged Fighter  Left arm.stl → Construct/
2026-08-21T06:47:59.682Z INFO  Moving: Warforged Fighter  Right arm.stl → Construct/
2026-08-21T06:47:59.693Z INFO  Moving: Warforged Fighter No Arms.stl → Construct/
2026-08-21T06:47:59.704Z INFO  Moving: Warforged Fighter with Stand.stl → Construct/
2026-08-21T06:47:59.716Z INFO  Moving: Warforged Fighter.stl → Construct/
2026-08-21T06:47:59.726Z INFO  Moving: Warforged Great Weapon Fighter.stl → Construct/
2026-08-21T06:47:59.738Z INFO  Moving: Were Reindeer presupported.stl → Unsorted/
2026-08-21T06:47:59.750Z INFO  Moving: Were Reindeer.stl → Unsorted/
2026-08-21T06:47:59.763Z INFO  Moving: Sharkdude 2 presupported.stl → Unsorted/
2026-08-21T06:47:59.775Z INFO  Moving: Sharkdude 2.stl → Unsorted/
2026-08-21T06:47:59.787Z INFO  Moving: Sharkdude presupported.stl → Unsorted/
2026-08-21T06:47:59.799Z INFO  Moving: Sharkdude.stl → Unsorted/
2026-08-21T06:47:59.811Z INFO  Moving: Wereshark Selachi presupported.stl → Unsorted/
2026-08-21T06:47:59.824Z INFO  Moving: Wereshark Selachi.stl → Unsorted/
2026-08-21T06:47:59.836Z INFO  Moving: Wereshark presupported.stl → Unsorted/
2026-08-21T06:47:59.848Z INFO  Moving: Wereshark.stl → Unsorted/
2026-08-21T06:47:59.860Z INFO  Moving: Wereturkey presupported.stl → Unsorted/
2026-08-21T06:47:59.872Z INFO  Moving: Wereturkey.stl → Unsorted/
2026-08-21T06:47:59.882Z INFO  Moving: Medium Sized Creature Flying Marker.stl → ../Utility/Size Markers/
2026-08-21T06:47:59.894Z INFO  Moving: Huge Creature Size Marker.stl → ../Utility/Size Markers/
2026-08-21T06:47:59.905Z INFO  Moving: Large Creature Marker.stl → ../Utility/Size Markers/
2026-08-21T06:47:59.915Z INFO  Moving: Huge Creature Size Marker.stl → ../Utility/Size Markers/
2026-08-21T06:47:59.926Z INFO  Moving: small creature flying marker.stl → ../Utility/Size Markers/
2026-08-21T06:47:59.950Z INFO  Moving: Goblin Rider presupported.stl → Fey/
2026-08-21T06:47:59.962Z INFO  Moving: Goblin Rider.stl → Fey/
2026-08-21T06:47:59.973Z INFO  Moving: Large Creature Flying Marker.stl → ../Utility/Size Markers/
2026-08-21T06:47:59.983Z INFO  Moving: Huge Creature Marker.stl → ../Utility/Size Markers/
2026-08-21T06:47:59.995Z INFO  Moving: Ephara Avatar presupported.stl → Unsorted/
2026-08-21T06:48:00.007Z INFO  Moving: Ephara Avatar.stl → Unsorted/
2026-08-21T06:48:00.019Z INFO  Moving: Ephara presupported.stl → Unsorted/
2026-08-21T06:48:00.034Z INFO  Moving: Ephara.stl → Unsorted/
2026-08-21T06:48:00.047Z INFO  Moving: Huge Creature Marker.stl → ../Utility/Size Markers/
2026-08-21T06:48:00.058Z INFO  Moving: Large Creature Flying Size Marker.stl → ../Utility/Size Markers/
2026-08-21T06:48:00.069Z INFO  Moving: Huge Creature Marker.stl → ../Utility/Size Markers/
2026-08-21T06:48:00.079Z INFO  Moving: Large Creature Marker.stl → ../Utility/Size Markers/
2026-08-21T06:48:00.090Z INFO  Moving: Large Creature Marker.stl → ../Utility/Size Markers/
2026-08-21T06:48:00.102Z INFO  Moving: Baby Hooked Horror.stl → Unsorted/
2026-08-21T06:48:00.115Z INFO  Moving: Baphomet no stand presupported.stl → Unsorted/
2026-08-21T06:48:00.130Z INFO  Moving: Baphomet no stand.stl → Unsorted/
2026-08-21T06:48:00.144Z INFO  Moving: Baphomet.stl → Unsorted/
2026-08-21T06:48:00.158Z INFO  Moving: Great Glaive presupported.stl → Unsorted/
2026-08-21T06:48:00.173Z INFO  Moving: Great Glaive.stl → Unsorted/
2026-08-21T06:48:00.187Z INFO  Moving: Huge Creature Marker.stl → ../Utility/Size Markers/
2026-08-21T06:48:00.201Z INFO  Moving: Demogorgon Body presupported.stl → Unsorted/
2026-08-21T06:48:00.215Z INFO  Moving: Demogorgon Body.stl → Unsorted/
2026-08-21T06:48:00.228Z INFO  Moving: Demogorgon Left Arm presupported.stl → Unsorted/
2026-08-21T06:48:00.241Z INFO  Moving: Demogorgon Left Arm.stl → Unsorted/
2026-08-21T06:48:00.255Z INFO  Moving: Demogorgon Left Head presupported.stl → Unsorted/
2026-08-21T06:48:00.269Z INFO  Moving: Demogorgon Left Head.stl → Unsorted/
2026-08-21T06:48:00.282Z INFO  Moving: Demogorgon Right Arm presupported.stl → Unsorted/
2026-08-21T06:48:00.296Z INFO  Moving: Demogorgon Right Arm.stl → Unsorted/
2026-08-21T06:48:00.315Z INFO  Moving: Demogorgon Right Head presupported.stl → Unsorted/
2026-08-21T06:48:00.329Z INFO  Moving: Demogorgon Right Head.stl → Unsorted/
2026-08-21T06:48:00.342Z INFO  Moving: Demogorgon Tail presupported.stl → Unsorted/
2026-08-21T06:48:00.356Z INFO  Moving: Demogorgon Tail.stl → Unsorted/
2026-08-21T06:48:00.370Z INFO  Moving: Demogorgon.stl → Unsorted/
2026-08-21T06:48:00.384Z INFO  Moving: Huge Creature Marker.stl → ../Utility/Size Markers/
2026-08-21T06:48:00.441Z INFO  Moving: Derro Crossbow Marksman presupported.stl → Humanoid/Dwarf/
2026-08-21T06:48:00.455Z INFO  Moving: Derro Crossbow Marksman.stl → Humanoid/Dwarf/
2026-08-21T06:48:00.473Z INFO  Moving: Derro Dagger Fighter presupported.stl → Humanoid/Dwarf/
2026-08-21T06:48:00.486Z INFO  Moving: Derro Dagger Fighter.stl → Humanoid/Dwarf/
2026-08-21T06:48:00.499Z INFO  Moving: Derro Savant.stl → Humanoid/Dwarf/
2026-08-21T06:48:00.512Z INFO  Moving: Derro for Shapeways.stl → Humanoid/Dwarf/
2026-08-21T06:48:00.525Z INFO  Moving: Derro.stl → Humanoid/Dwarf/
2026-08-21T06:48:00.537Z INFO  Moving: Drizzt Do'Urden presupported.stl → Unsorted/
2026-08-21T06:48:00.549Z INFO  Moving: Drizzt Do'Urden.stl → Unsorted/
2026-08-21T06:48:00.562Z INFO  Moving: Duergar Kavalrachni.stl → Humanoid/Dwarf/
2026-08-21T06:48:00.574Z INFO  Moving: Fraz-Urb Luu no stand presupported.stl → Unsorted/
2026-08-21T06:48:00.586Z INFO  Moving: Fraz-Urb Luu no stand.stl → Unsorted/
2026-08-21T06:48:00.598Z INFO  Moving: Fraz-Urb Luu presupported.stl → Unsorted/
2026-08-21T06:48:00.611Z INFO  Moving: Fraz-Urb Luu.stl → Unsorted/
2026-08-21T06:48:00.621Z INFO  Moving: Large Creature Marker.stl → ../Utility/Size Markers/
2026-08-21T06:48:00.633Z INFO  Moving: Grazzt  Torso.stl → Unsorted/
2026-08-21T06:48:00.645Z INFO  Moving: Grazzt Greatsword. reasonable sizestl.stl → ../Utility/Size Markers/
2026-08-21T06:48:00.659Z INFO  Moving: Grazzt Greatsword.stl → Unsorted/
2026-08-21T06:48:00.674Z INFO  Moving: Grazzt Legs.stl → Unsorted/
2026-08-21T06:48:00.689Z INFO  Moving: Grazzt One Piece presupported.stl → Unsorted/
2026-08-21T06:48:00.702Z INFO  Moving: Grazzt One Piece.stl → Unsorted/
2026-08-21T06:48:00.717Z INFO  Moving: Grazzt body.stl → Unsorted/
2026-08-21T06:48:00.731Z INFO  Moving: Grazzt for Sbapeways.stl → Unsorted/
2026-08-21T06:48:00.744Z INFO  Moving: Grazzt.stl → Unsorted/
2026-08-21T06:48:00.758Z INFO  Moving: Graz'zt no stand presupported.stl → Unsorted/
2026-08-21T06:48:00.773Z INFO  Moving: Graz'zt no stand.stl → Unsorted/
2026-08-21T06:48:00.789Z INFO  Moving: Graz'zt presupported.stl → Unsorted/
2026-08-21T06:48:00.803Z INFO  Moving: Graz'zt.stl → Unsorted/
2026-08-21T06:48:00.816Z INFO  Moving: Large Creature Marker.stl → ../Utility/Size Markers/
2026-08-21T06:48:00.828Z INFO  Moving: Huge Creature Marker.stl → ../Utility/Size Markers/
2026-08-21T06:48:00.842Z INFO  Moving: Juiblex no stand presupported.stl → Unsorted/
2026-08-21T06:48:00.857Z INFO  Moving: Juiblex no stand.stl → Unsorted/
2026-08-21T06:48:00.872Z INFO  Moving: Juiblex.stl → Unsorted/
2026-08-21T06:48:00.889Z INFO  Moving: ORCUS  Bottom.stl → Humanoid/Orc/
2026-08-21T06:48:00.906Z INFO  Moving: ORCUS  Left Wing.stl → Humanoid/Orc/
2026-08-21T06:48:00.924Z INFO  Moving: ORCUS  Mace Bottom.stl → Humanoid/Orc/
2026-08-21T06:48:00.940Z INFO  Moving: ORCUS  Mace Top.stl → Humanoid/Orc/
2026-08-21T06:48:00.956Z INFO  Moving: ORCUS  Right Wing.stl → Humanoid/Orc/
2026-08-21T06:48:00.973Z INFO  Moving: ORCUS Top.stl → Humanoid/Orc/
2026-08-21T06:48:00.989Z INFO  Moving: ORCUS.stl → Humanoid/Orc/
2026-08-21T06:48:01.006Z INFO  Moving: ORCUS_cut.stl → Humanoid/Orc/
2026-08-21T06:48:01.022Z INFO  Moving: Orcus finger.stl → Humanoid/Orc/
2026-08-21T06:48:01.037Z INFO  Moving: Huge Creature Flying Marker.stl → ../Utility/Size Markers/
2026-08-21T06:48:01.054Z INFO  Moving: Orcus Left Wing presupported.stl → Humanoid/Orc/
2026-08-21T06:48:01.070Z INFO  Moving: Orcus Left Wing.stl → Humanoid/Orc/
2026-08-21T06:48:01.086Z INFO  Moving: Orcus Right Wing presupported.stl → Humanoid/Orc/
2026-08-21T06:48:01.105Z INFO  Moving: Orcus Right Wing.stl → Humanoid/Orc/
2026-08-21T06:48:01.124Z INFO  Moving: Orcus body presupported.stl → Humanoid/Orc/
2026-08-21T06:48:01.142Z INFO  Moving: Orcus body.stl → Humanoid/Orc/
2026-08-21T06:48:01.158Z INFO  Moving: Orcus presupported.stl → Humanoid/Orc/
2026-08-21T06:48:01.174Z INFO  Moving: Orcus.stl → Humanoid/Orc/
2026-08-21T06:48:01.191Z INFO  Moving: Club.stl → Unsorted/
2026-08-21T06:48:01.205Z INFO  Moving: Huge Creature Size Marker.stl → ../Utility/Size Markers/
2026-08-21T06:48:01.225Z INFO  Moving: Yeenoghu Flail Chains for FDM sand down handle to fit in hand.stl → Unsorted/
2026-08-21T06:48:01.241Z INFO  Moving: Yeenoghu Flail Chains.stl → Unsorted/
2026-08-21T06:48:01.260Z INFO  Moving: Yeenoghu Flail Head for FDM.stl → Unsorted/
2026-08-21T06:48:01.278Z INFO  Moving: Yeenoghu Flail Head.stl → Unsorted/
2026-08-21T06:48:01.295Z INFO  Moving: Yeenoghu Flail for resin presupported.stl → Unsorted/
2026-08-21T06:48:01.312Z INFO  Moving: Yeenoghu Flail for resin.stl → Unsorted/
2026-08-21T06:48:01.327Z INFO  Moving: Yeenoghu Head.stl → Unsorted/
2026-08-21T06:48:01.343Z INFO  Moving: Yeenoghu Left Arm.stl → Unsorted/
2026-08-21T06:48:01.357Z INFO  Moving: Yeenoghu Legs.stl → Unsorted/
2026-08-21T06:48:01.372Z INFO  Moving: Yeenoghu Right Arm.stl → Unsorted/
2026-08-21T06:48:01.388Z INFO  Moving: Yeenoghu Torso.stl → Unsorted/
2026-08-21T06:48:01.405Z INFO  Moving: Yeenoghu body presupported.stl → Unsorted/
2026-08-21T06:48:01.421Z INFO  Moving: Yeenoghu body.stl → Unsorted/
2026-08-21T06:48:01.438Z INFO  Moving: Yeenoghu for Shapeways.stl → Unsorted/
2026-08-21T06:48:01.453Z INFO  Moving: Yeenoghu.stl → Unsorted/
2026-08-21T06:48:01.469Z INFO  Moving: Zuggtmoy.stl → Unsorted/
2026-08-21T06:48:01.484Z INFO  Moving: Aapoph Granitescale presupported.stl → Unsorted/
2026-08-21T06:48:01.500Z INFO  Moving: Aapoph Granitescale.stl → Unsorted/
2026-08-21T06:48:01.513Z INFO  Moving: Large Creature Size Marker.stl → ../Utility/Size Markers/
2026-08-21T06:48:01.528Z INFO  Moving: Huge Creature Marker.stl → ../Utility/Size Markers/
2026-08-21T06:48:01.540Z INFO  Moving: Huge Creature Size Marker.stl → ../Utility/Size Markers/
2026-08-21T06:48:01.555Z INFO  Moving: Leshy presupported.stl → Elemental/
2026-08-21T06:48:01.572Z INFO  Moving: Leshy.stl → Elemental/
2026-08-21T06:48:01.585Z INFO  Moving: gargantuan_creature.stl → ../Utility/Size Markers/
2026-08-21T06:48:01.599Z INFO  Moving: Gargantuan Creature Marker.stl → ../Utility/Size Markers/
2026-08-21T06:48:01.612Z INFO  Moving: gargantuan creature marker.stl → ../Utility/Size Markers/
2026-08-21T06:48:01.624Z INFO  Moving: medium creature flying marker.stl → ../Utility/Size Markers/
2026-08-21T06:48:01.638Z INFO  Moving: Gargantuan Creature Size Marker.stl → ../Utility/Size Markers/
2026-08-21T06:48:01.653Z INFO  Moving: Huge Creature Marker.stl → ../Utility/Size Markers/
2026-08-21T06:48:01.668Z INFO  Moving: Huge Creature Flying Size Marker.stl → ../Utility/Size Markers/
2026-08-21T06:48:01.685Z INFO  Moving: Void Dragon Wyrmling presupported.stl → Dragon/Chromatic/
2026-08-21T06:48:01.699Z INFO  Moving: Void Dragon Wyrmling.stl → Dragon/Chromatic/
2026-08-21T06:48:01.719Z INFO  Moving: Bulette.stl → Monstrosity/
2026-08-21T06:48:01.733Z INFO  Moving: Spear.stl → Unsorted/
2026-08-21T06:48:01.748Z INFO  Moving: War Pick Bottom.stl → Unsorted/
2026-08-21T06:48:01.763Z INFO  Moving: War Pick Top.stl → Unsorted/
2026-08-21T06:48:01.777Z INFO  Moving: Spear.stl → Unsorted/
2026-08-21T06:48:01.791Z INFO  Moving: Long Sword.stl → Unsorted/
2026-08-21T06:48:01.805Z INFO  Moving: Spear.stl → Unsorted/
2026-08-21T06:48:01.821Z INFO  Moving: Spear.stl → Unsorted/
2026-08-21T06:48:01.835Z INFO  Moving: Crossbow Top.stl → Unsorted/
2026-08-21T06:48:01.847Z INFO  Moving: Crossbow Top.stl → Unsorted/
2026-08-21T06:48:01.858Z INFO  Moving: medium creature Floating.stl → ../Utility/Size Markers/
2026-08-21T06:48:01.870Z INFO  Moving: Dagger.stl → Unsorted/
2026-08-21T06:48:01.881Z INFO  Moving: Air Elemental Myrmidon.stl → Elemental/
2026-08-21T06:48:01.892Z INFO  Moving: Earth Elemental Myrmidon.stl → Elemental/
2026-08-21T06:48:01.904Z INFO  Moving: Fire Elemental Myrmidon.stl → Elemental/
2026-08-21T06:48:01.916Z INFO  Moving: Scimitar.stl → Unsorted/
2026-08-21T06:48:01.928Z INFO  Moving: Trident.stl → Unsorted/
2026-08-21T06:48:01.940Z INFO  Moving: Water Elemental Myrmidon.stl → Elemental/
2026-08-21T06:48:01.951Z INFO  Moving: Gargantuan Creature Size Marker.stl → ../Utility/Size Markers/
2026-08-21T06:48:01.962Z INFO  Moving: Large Creature Flying Size Marker.stl → ../Utility/Size Markers/
2026-08-21T06:48:01.973Z INFO  Moving: Gargantuan Creature Size Marker.stl → ../Utility/Size Markers/
2026-08-21T06:48:01.983Z INFO  Moving: gargantuan__creature_flying marker.stl → ../Utility/Size Markers/
2026-08-21T06:48:01.996Z INFO  Moving: Bandit Cold Weather presupported.stl → Humanoid/Human/
2026-08-21T06:48:02.009Z INFO  Moving: Bandit Cold Weather.stl → Humanoid/Human/
2026-08-21T06:48:02.020Z INFO  Moving: huge_creature floating.stl → ../Utility/Size Markers/
2026-08-21T06:48:02.030Z INFO  Moving: Huge Creature Marker.stl → ../Utility/Size Markers/
2026-08-21T06:48:02.041Z INFO  Moving: Huge Creature Marker.stl → ../Utility/Size Markers/
2026-08-21T06:48:02.052Z INFO  Moving: Polar Owlbear presupported.stl → Beast/
2026-08-21T06:48:02.063Z INFO  Moving: Polar Owlbear.stl → Beast/
2026-08-21T06:48:02.074Z INFO  Moving: Huge Creature Marker.stl → ../Utility/Size Markers/
2026-08-21T06:48:02.086Z INFO  Moving: Alien Robot with Blasters presupported.stl → Unsorted/
2026-08-21T06:48:02.098Z INFO  Moving: Alien Robot with Blasters.stl → Unsorted/
2026-08-21T06:48:02.110Z INFO  Moving: Grey Alien with blaster presupported.stl → Unsorted/
2026-08-21T06:48:02.123Z INFO  Moving: Grey Alien with blaster.stl → Unsorted/
2026-08-21T06:48:02.134Z INFO  Moving: Doll 1 presupported.stl → Unsorted/
2026-08-21T06:48:02.147Z INFO  Moving: Doll 1.stl → Unsorted/
2026-08-21T06:48:02.160Z INFO  Moving: Doll 2 presupported.stl → Unsorted/
2026-08-21T06:48:02.172Z INFO  Moving: Doll 2.stl → Unsorted/
2026-08-21T06:48:02.184Z INFO  Moving: Murder Doll presupported.stl → Unsorted/
2026-08-21T06:48:02.196Z INFO  Moving: Murder Doll.stl → Unsorted/
2026-08-21T06:48:02.208Z INFO  Moving: scrump.stl → Unsorted/
2026-08-21T06:48:02.218Z INFO  Moving: Medium Sized Creature Marker.stl → ../Utility/Size Markers/
2026-08-21T06:48:02.230Z INFO  Moving: Clockwork Horror presupported.stl → Unsorted/
2026-08-21T06:48:02.242Z INFO  Moving: Clockwork Horror.stl → Unsorted/
2026-08-21T06:48:02.253Z INFO  Moving: medium creature size marker.stl → ../Utility/Size Markers/
2026-08-21T06:48:02.263Z INFO  Moving: Huge Creature Flying Size Marker.stl → ../Utility/Size Markers/
2026-08-21T06:48:02.274Z INFO  Moving: Huge Creature Flying Size Marker.stl → ../Utility/Size Markers/
2026-08-21T06:48:02.286Z INFO  Moving: Crane.stl → Unsorted/
2026-08-21T06:48:02.298Z INFO  Moving: Medium Size Flying Creature Marker.stl → ../Utility/Size Markers/
2026-08-21T06:48:02.308Z INFO  Moving: Medium Sized Creature Flying Marker.stl → ../Utility/Size Markers/
2026-08-21T06:48:02.321Z INFO  Moving: Ship Stand.stl → Unsorted/
2026-08-21T06:48:02.333Z INFO  Moving: Ballista.stl → Unsorted/
2026-08-21T06:48:02.347Z INFO  Moving: Ship Stand.stl → Unsorted/
2026-08-21T06:48:02.362Z INFO  Moving: Treant.stl → Plant/
2026-08-21T06:48:02.375Z INFO  Moving: test.stl → Unsorted/
2026-08-21T06:48:02.387Z INFO  Moving: Ballista.stl → Unsorted/
2026-08-21T06:48:02.398Z INFO  Moving: Large Creature Flying Size Marker.stl → ../Utility/Size Markers/
2026-08-21T06:48:02.411Z INFO  Moving: Ballista.stl → Unsorted/
2026-08-21T06:48:02.423Z INFO  Moving: Catapult.stl → Unsorted/
2026-08-21T06:48:02.434Z INFO  Moving: Large Creature Flying Marker.stl → ../Utility/Size Markers/
2026-08-21T06:48:02.445Z INFO  Moving: Medium Sized Creature Marker.stl → ../Utility/Size Markers/
2026-08-21T06:48:02.458Z INFO  Moving: Ship Stand.stl → Unsorted/
2026-08-21T06:48:02.471Z INFO  Moving: Large Creature Flying Marker.stl → ../Utility/Size Markers/
2026-08-21T06:48:02.485Z INFO  Moving: Ship Stand.stl → Unsorted/
2026-08-21T06:48:02.499Z INFO  Moving: Ship Stand.stl → Unsorted/
2026-08-21T06:48:02.512Z INFO  Moving: Ship Stand Top.stl → Unsorted/
2026-08-21T06:48:02.524Z INFO  Moving: Large Creature Flying Size Marker for Ship to Ship Combat Mini.stl → ../Utility/Size Markers/
2026-08-21T06:48:02.539Z INFO  Moving: Spelljammer for Ship to Ship combat presupported.stl → Unsorted/
2026-08-21T06:48:02.553Z INFO  Moving: Spelljammer for Ship to Ship combat.stl → Unsorted/
2026-08-21T06:48:02.566Z INFO  Moving: Ballista.stl → Unsorted/
2026-08-21T06:48:02.579Z INFO  Moving: Catapult.stl → Unsorted/
2026-08-21T06:48:02.592Z INFO  Moving: Ship Stand.stl → Unsorted/
2026-08-21T06:48:02.605Z INFO  Moving: Ballista.stl → Unsorted/
2026-08-21T06:48:02.625Z INFO  Moving: Medium Sized Ship Marker.stl → ../Utility/Size Markers/
2026-08-21T06:48:02.638Z INFO  Moving: Printing Notes.txt → Reference_Docs/
2026-08-21T06:48:02.652Z INFO  Moving: Ship Stand.stl → Unsorted/
2026-08-21T06:48:02.664Z INFO  Moving: Huge Creature Size Marker.stl → ../Utility/Size Markers/
2026-08-21T06:48:02.677Z INFO  Moving: Large Creature Flying Size Marker.stl → ../Utility/Size Markers/
2026-08-21T06:48:02.690Z INFO  Moving: Tressym 3 presupported.stl → Unsorted/
2026-08-21T06:48:02.704Z INFO  Moving: Tressym 3.stl → Unsorted/
2026-08-21T06:48:02.717Z INFO  Moving: Demogorgon.stl → Unsorted/
2026-08-21T06:48:02.730Z INFO  Moving: Large Creature Size Marker.stl → ../Utility/Size Markers/
2026-08-21T06:48:02.745Z INFO  Moving: Choker presupported.stl → Unsorted/
2026-08-21T06:48:02.759Z INFO  Moving: Choker.stl → Unsorted/
2026-08-21T06:48:02.775Z INFO  Moving: Deathlock Wight presupported.stl → Undead/
2026-08-21T06:48:02.790Z INFO  Moving: Deathlock Wight.stl → Undead/
2026-08-21T06:48:02.803Z INFO  Moving: Enchanter - Thayan presupported.stl → Unsorted/
2026-08-21T06:48:02.817Z INFO  Moving: Enchanter - Thayan.stl → Unsorted/
2026-08-21T06:48:02.830Z INFO  Moving: Grinning Gargoyle Trap presupported.stl → Elemental/
2026-08-21T06:48:02.843Z INFO  Moving: Grinning Gargoyle Trap.stl → Elemental/
2026-08-21T06:48:02.857Z INFO  Moving: Vampiric Mist presupported.stl → Unsorted/
2026-08-21T06:48:02.870Z INFO  Moving: Vampiric Mist.stl → Unsorted/
2026-08-21T06:48:02.884Z INFO  Moving: Birthday Cake.stl → Unsorted/
2026-08-21T06:48:02.897Z INFO  Moving: Book Shelf Mimic in Hiding presupported.stl → Humanoid/Elf/
2026-08-21T06:48:02.909Z INFO  Moving: Book Shelf Mimic in Hiding.stl → Humanoid/Elf/
2026-08-21T06:48:02.923Z INFO  Moving: Canoe Mimic Hiding presupported.stl → Monstrosity/
2026-08-21T06:48:02.936Z INFO  Moving: Canoe Mimic Hiding.stl → Monstrosity/
2026-08-21T06:48:02.948Z INFO  Moving: Carriage 1 Axel presupported.stl → Unsorted/
2026-08-21T06:48:02.960Z INFO  Moving: Carriage 1 Axel.stl → Unsorted/
2026-08-21T06:48:02.972Z INFO  Moving: Carriage 1 Body presupported.stl → Unsorted/
2026-08-21T06:48:02.984Z INFO  Moving: Carriage 1 Body.stl → Unsorted/
2026-08-21T06:48:02.995Z INFO  Moving: Carriage 1 Horse Harness presupported.stl → Beast/
2026-08-21T06:48:03.005Z INFO  Moving: Carriage 1 Horse Harness.stl → Beast/
2026-08-21T06:48:03.017Z INFO  Moving: Carriage 1 Wheel presupported.stl → Unsorted/
2026-08-21T06:48:03.029Z INFO  Moving: Carriage 1 Wheel.stl → Unsorted/
2026-08-21T06:48:03.041Z INFO  Moving: Carriage 1Front Axel.stl → Unsorted/
2026-08-21T06:48:03.053Z INFO  Moving: Catapult.stl → Unsorted/
2026-08-21T06:48:03.066Z INFO  Moving: Cavern Entrance Mimic in Hiding.stl → Monstrosity/
2026-08-21T06:48:03.079Z INFO  Moving: Couch Mimic Hiding presupported.stl → Monstrosity/
2026-08-21T06:48:03.093Z INFO  Moving: Couch Mimic Hiding.stl → Monstrosity/
2026-08-21T06:48:03.106Z INFO  Moving: Door Mimic Updated Hiding presupported.stl → Monstrosity/
2026-08-21T06:48:03.120Z INFO  Moving: Door Mimic Updated Hiding.stl → Monstrosity/
2026-08-21T06:48:03.131Z INFO  Moving: Fire by itself you should probably sand at the bottom before gluing just in case.stl → Elemental/
2026-08-21T06:48:03.144Z INFO  Moving: Fireplace Mimic Hiding no fire presupported.stl → Elemental/
2026-08-21T06:48:03.157Z INFO  Moving: Fireplace Mimic Hiding no fire.stl → Elemental/
2026-08-21T06:48:03.170Z INFO  Moving: Fireplace Mimic Hiding presupported.stl → Elemental/
2026-08-21T06:48:03.182Z INFO  Moving: Fireplace Mimic Hiding.stl → Elemental/
2026-08-21T06:48:03.195Z INFO  Moving: Anchor bit in case it breaks.stl → Unsorted/
2026-08-21T06:48:03.209Z INFO  Moving: Crows Nest no Sales.stl → Beast/
2026-08-21T06:48:03.223Z INFO  Moving: Flag Pole.stl → Unsorted/
2026-08-21T06:48:03.235Z INFO  Moving: Large Creature Flying Marker.stl → ../Utility/Size Markers/
2026-08-21T06:48:03.247Z INFO  Moving: Sail Deck Hoop Loop to tie strings from masts.stl → Aberration/
2026-08-21T06:48:03.260Z INFO  Moving: Ship Stand.stl → Unsorted/
2026-08-21T06:48:03.273Z INFO  Moving: Jack O Lantern presupported.stl → Unsorted/
2026-08-21T06:48:03.287Z INFO  Moving: Jack O Lantern.stl → Unsorted/
2026-08-21T06:48:03.302Z INFO  Moving: Pot of Gold Mimic Hiding presupported.stl → Construct/
2026-08-21T06:48:03.319Z INFO  Moving: Pot of Gold Mimic Hiding.stl → Construct/
2026-08-21T06:48:03.335Z INFO  Moving: Spinning Base.stl → Unsorted/
2026-08-21T06:48:03.352Z INFO  Moving: Spinning Heart Shaped Bed Mimic Hiding presupported.stl → Monstrosity/
2026-08-21T06:48:03.367Z INFO  Moving: Spinning Heart Shaped Bed Mimic Hiding.stl → Monstrosity/
2026-08-21T06:48:03.381Z INFO  Moving: Tavern Chair presupported.stl → Elemental/
2026-08-21T06:48:03.394Z INFO  Moving: Tavern Chair.stl → Elemental/
2026-08-21T06:48:03.408Z INFO  Moving: Tavern Table presupported.stl → Unsorted/
2026-08-21T06:48:03.422Z INFO  Moving: Tavern Table.stl → Unsorted/
2026-08-21T06:48:03.434Z INFO  Moving: Teddy Bear Mimic Hiding presupported.stl → Beast/
2026-08-21T06:48:03.447Z INFO  Moving: Teddy Bear Mimic presupported.stl → Beast/
2026-08-21T06:48:03.461Z INFO  Moving: Tent 1 presupported.stl → Unsorted/
2026-08-21T06:48:03.477Z INFO  Moving: Tent 1.stl → Unsorted/
2026-08-21T06:48:03.494Z INFO  Moving: Toilet Mimic Updated Hiding presupported.stl → Monstrosity/
2026-08-21T06:48:03.510Z INFO  Moving: Toilet Mimic Updated Hiding..stl → Monstrosity/
2026-08-21T06:48:03.526Z INFO  Moving: Chest Mimic Hiding presupported.stl → Monstrosity/
2026-08-21T06:48:03.541Z INFO  Moving: Chest Mimic Hiding.stl → Monstrosity/
2026-08-21T06:48:03.554Z INFO  Moving: Display Stand for Longship full hull no water flat bottom presupported.stl → Elemental/
2026-08-21T06:48:03.568Z INFO  Moving: Display Stand for Longship full hull no water flat bottom.stl → Elemental/
2026-08-21T06:48:03.581Z INFO  Moving: Viking Longship Crate the rowers sit on print 10 presupported.stl → Beast/
2026-08-21T06:48:03.595Z INFO  Moving: Viking Longship Crate the rowers sit on print 10.stl → Beast/
2026-08-21T06:48:03.608Z INFO  Moving: Viking Longship Dragon Head presupported.stl → Dragon/Chromatic/
2026-08-21T06:48:03.624Z INFO  Moving: Viking Longship Dragon Head.stl → Dragon/Chromatic/
2026-08-21T06:48:03.639Z INFO  Moving: Viking Longship Main Hull Bow presupported.stl → Unsorted/
2026-08-21T06:48:03.654Z INFO  Moving: Viking Longship Main Hull Bow.stl → Unsorted/
2026-08-21T06:48:03.681Z INFO  Moving: Viking Longship Main Hull Center presupported.stl → Unsorted/
2026-08-21T06:48:03.697Z INFO  Moving: Viking Longship Main Hull Center.stl → Unsorted/
2026-08-21T06:48:03.712Z INFO  Moving: Viking Longship Main Hull Stern presupported.stl → Unsorted/
2026-08-21T06:48:03.726Z INFO  Moving: Viking Longship Main Hull Stern.stl → Unsorted/
2026-08-21T06:48:03.740Z INFO  Moving: Viking Longship Main Hull in Water Bow presupported.stl → Elemental/
2026-08-21T06:48:03.760Z INFO  Moving: Viking Longship Main Hull in Water Bow.stl → Elemental/
2026-08-21T06:48:03.782Z INFO  Moving: Viking Longship Main Hull in Water Center presupported.stl → Elemental/
2026-08-21T06:48:03.796Z INFO  Moving: Viking Longship Main Hull in Water Center.stl → Elemental/
2026-08-21T06:48:03.812Z INFO  Moving: Viking Longship Main Hull in Water Stern presupported.stl → Elemental/
2026-08-21T06:48:03.829Z INFO  Moving: Viking Longship Main Hull in Water Stern.stl → Elemental/
2026-08-21T06:48:03.843Z INFO  Moving: Viking Longship Main Hull in Water.stl → Elemental/
2026-08-21T06:48:03.860Z INFO  Moving: Viking Longship Main Hull.stl → Unsorted/
2026-08-21T06:48:03.884Z INFO  Moving: Viking Longship Mast with Sail presupported.stl → Unsorted/
2026-08-21T06:48:03.901Z INFO  Moving: Viking Longship Mast with Sail.stl → Unsorted/
2026-08-21T06:48:03.914Z INFO  Moving: Viking Longship Mast without Sail preuspported.stl → Unsorted/
2026-08-21T06:48:03.928Z INFO  Moving: Viking Longship Mast without Sail.stl → Unsorted/
2026-08-21T06:48:03.943Z INFO  Moving: Viking Longship Oar presupported.stl → Unsorted/
2026-08-21T06:48:03.958Z INFO  Moving: Viking Longship Oar.stl → Unsorted/
2026-08-21T06:48:03.973Z INFO  Moving: Wagon presupported.stl → Unsorted/
2026-08-21T06:48:03.987Z INFO  Moving: Wagon.stl → Unsorted/
2026-08-21T06:48:03.999Z INFO  Moving: gargantuan__creature_flying marker.stl → ../Utility/Size Markers/
2026-08-21T06:48:04.013Z INFO  Moving: Boggle presupported.stl → Unsorted/
2026-08-21T06:48:04.028Z INFO  Moving: Boggle.stl → Unsorted/
2026-08-21T06:48:04.043Z INFO  Moving: Darkling Elder presupported.stl → Humanoid/Elf/
2026-08-21T06:48:04.057Z INFO  Moving: Darkling Elder with Wizard Hat presupported.stl → Humanoid/Elf/
2026-08-21T06:48:04.070Z INFO  Moving: Darkling Elder with Wizard Hat.stl → Humanoid/Elf/
2026-08-21T06:48:04.083Z INFO  Moving: Darkling Elder.stl → Humanoid/Elf/
2026-08-21T06:48:04.095Z INFO  Moving: Darkling presupported.stl → Humanoid/Elf/
2026-08-21T06:48:04.108Z INFO  Moving: Darkling.stl → Humanoid/Elf/
2026-08-21T06:48:04.118Z INFO  Moving: Large Creature Flying Marker.stl → ../Utility/Size Markers/
2026-08-21T06:48:04.129Z INFO  Moving: Large Creature Flying Marker.stl → ../Utility/Size Markers/
2026-08-21T06:48:04.139Z INFO  Moving: Large Creature Marker.stl → ../Utility/Size Markers/
2026-08-21T06:48:04.151Z INFO  Moving: Lornling presupported.stl → Unsorted/
2026-08-21T06:48:04.163Z INFO  Moving: Lornling.stl → Unsorted/
2026-08-21T06:48:04.174Z INFO  Moving: huge_creature flying marker.stl → ../Utility/Size Markers/
2026-08-21T06:48:04.185Z INFO  Moving: Korred presupported.stl → Dragon/Chromatic/
2026-08-21T06:48:04.196Z INFO  Moving: Korred.stl → Dragon/Chromatic/
2026-08-21T06:48:04.206Z INFO  Moving: Huge Creature Marker.stl → ../Utility/Size Markers/
2026-08-21T06:48:04.218Z INFO  Moving: Quickling presupported.stl → Unsorted/
2026-08-21T06:48:04.230Z INFO  Moving: Quickling.stl → Unsorted/
2026-08-21T06:48:04.242Z INFO  Moving: Red Cap presupported.stl → Dragon/Chromatic/
2026-08-21T06:48:04.253Z INFO  Moving: Red Cap.stl → Dragon/Chromatic/
2026-08-21T06:48:04.267Z INFO  Moving: Tree Blight Front presupported WHY.stl → Plant/
2026-08-21T06:48:04.281Z INFO  Moving: Tree Blight ReAR presupported WHY.stl → Plant/
2026-08-21T06:48:04.294Z INFO  Moving: Tree Blight ReAR.stl → Plant/
2026-08-21T06:48:04.308Z INFO  Moving: Tree Blight for Shapeways.stl → Plant/
2026-08-21T06:48:04.322Z INFO  Moving: Tree Blight front.stl → Plant/
2026-08-21T06:48:04.335Z INFO  Moving: Tree Blight.stl → Plant/
2026-08-21T06:48:04.348Z INFO  Moving: Watcher presupported.stl → Unsorted/
2026-08-21T06:48:04.360Z INFO  Moving: Watcher.stl → Unsorted/
2026-08-21T06:48:04.370Z INFO  Moving: huge_creature floating.stl → ../Utility/Size Markers/
2026-08-21T06:48:04.382Z INFO  Moving: Chwinga presupported.stl → Unsorted/
2026-08-21T06:48:04.394Z INFO  Moving: Chwinga.stl → Unsorted/
2026-08-21T06:48:04.406Z INFO  Moving: Liara Portyr presupported.stl → Unsorted/
2026-08-21T06:48:04.418Z INFO  Moving: Acolyte Female presupported.stl → Unsorted/
2026-08-21T06:48:04.429Z INFO  Moving: Acolyte Female.stl → Unsorted/
2026-08-21T06:48:04.441Z INFO  Moving: Acolyte Male presupported.stl → Unsorted/
2026-08-21T06:48:04.454Z INFO  Moving: Acolyte Male.stl → Unsorted/
2026-08-21T06:48:04.467Z INFO  Moving: Air Elemental Updated presupported.stl → Elemental/
2026-08-21T06:48:04.479Z INFO  Moving: Air Elemental Updated.stl → Elemental/
2026-08-21T06:48:04.491Z INFO  Moving: Air Elemental.stl → Elemental/
2026-08-21T06:48:04.505Z INFO  Moving: Air_Elemental_Medium_Sized.stl → ../Utility/Size Markers/
2026-08-21T06:48:04.517Z INFO  Moving: Animated Armor Updated position of attention.stl → Aberration/
2026-08-21T06:48:04.529Z INFO  Moving: Animated Armor Updated.stl → Construct/
2026-08-21T06:48:04.542Z INFO  Moving: Animated Armor Updated presupported.stl → Construct/
2026-08-21T06:48:04.555Z INFO  Moving: Animated Armor.stl → Construct/
2026-08-21T06:48:04.568Z INFO  Moving: Animated Dwarven Armor.stl → Construct/
2026-08-21T06:48:04.582Z INFO  Moving: Human Fighter Swinging Sword presupported.stl → Humanoid/Human/
2026-08-21T06:48:04.596Z INFO  Moving: Human Fighter Swinging Sword.stl → Humanoid/Human/
2026-08-21T06:48:04.609Z INFO  Moving: Aspect of Tiamat Flying White Head.stl → ../Utility/Size Markers/
2026-08-21T06:48:04.623Z INFO  Moving: Aspect of Tiamat Flying Black Head presupported.stl → ../Utility/Size Markers/
2026-08-21T06:48:04.636Z INFO  Moving: Aspect of Tiamat Flying Black Head.stl → ../Utility/Size Markers/
2026-08-21T06:48:04.649Z INFO  Moving: Aspect of Tiamat Flying.stl → ../Utility/Size Markers/
2026-08-21T06:48:04.663Z INFO  Moving: Aspect of Tiamat Flying White Neck presupported.stl → ../Utility/Size Markers/
2026-08-21T06:48:04.676Z INFO  Moving: Aspect of Tiamat Flying Black Neck presupported.stl → ../Utility/Size Markers/
2026-08-21T06:48:04.691Z INFO  Moving: Aspect of Tiamat Flying Black Neck.stl → ../Utility/Size Markers/
2026-08-21T06:48:04.704Z INFO  Moving: Aspect of Tiamat Flying White Neck.stl → ../Utility/Size Markers/
2026-08-21T06:48:04.716Z INFO  Moving: Aspect of Tiamat Flying Blue Head presupported.stl → ../Utility/Size Markers/
2026-08-21T06:48:04.730Z INFO  Moving: Aspect of Tiamat Flying Blue Head.stl → ../Utility/Size Markers/
2026-08-21T06:48:04.743Z INFO  Moving: Aspect of Tiamat Flying Blue Neck presupported.stl → ../Utility/Size Markers/
2026-08-21T06:48:04.757Z INFO  Moving: Aspect of Tiamat Flying Blue Neck.stl → ../Utility/Size Markers/
2026-08-21T06:48:04.769Z INFO  Moving: gargantuan__creature_flying marker.stl → ../Utility/Size Markers/
2026-08-21T06:48:04.782Z INFO  Moving: Aspect of Tiamat Flying Body presupported.stl → ../Utility/Size Markers/
2026-08-21T06:48:04.796Z INFO  Moving: Aspect of Tiamat Flying Body.stl → ../Utility/Size Markers/
2026-08-21T06:48:04.810Z INFO  Moving: Aspect of Tiamat Flying Green Head presupported.stl → ../Utility/Size Markers/
2026-08-21T06:48:04.823Z INFO  Moving: Aspect of Tiamat Flying Green Head.stl → ../Utility/Size Markers/
2026-08-21T06:48:04.837Z INFO  Moving: Aspect of Tiamat Flying Green Neck presupported.stl → ../Utility/Size Markers/
2026-08-21T06:48:04.852Z INFO  Moving: Aspect of Tiamat Flying Green Neck.stl → ../Utility/Size Markers/
2026-08-21T06:48:04.865Z INFO  Moving: Aspect of Tiamat Flying Left Wing presupported.stl → ../Utility/Size Markers/
2026-08-21T06:48:04.876Z INFO  Moving: Aspect of Tiamat Flying Left Wing.stl → ../Utility/Size Markers/
2026-08-21T06:48:04.888Z INFO  Moving: Aspect of Tiamat Flying Red Head presupported.stl → ../Utility/Size Markers/
2026-08-21T06:48:04.898Z INFO  Moving: Aspect of Tiamat Flying Red Head.stl → ../Utility/Size Markers/
2026-08-21T06:48:04.910Z INFO  Moving: Aspect of Tiamat Flying Red Neck presupported.stl → ../Utility/Size Markers/
2026-08-21T06:48:04.922Z INFO  Moving: Aspect of Tiamat Flying Red Neck.stl → ../Utility/Size Markers/
2026-08-21T06:48:04.933Z INFO  Moving: Aspect of Tiamat Flying Right Wing presupported.stl → ../Utility/Size Markers/
2026-08-21T06:48:04.944Z INFO  Moving: Aspect of Tiamat Flying Right Wing.stl → ../Utility/Size Markers/
2026-08-21T06:48:04.956Z INFO  Moving: Aspect of Tiamat Flying Tail presupported.stl → ../Utility/Size Markers/
2026-08-21T06:48:04.967Z INFO  Moving: Aspect of Tiamat Flying Tail.stl → ../Utility/Size Markers/
2026-08-21T06:48:04.978Z INFO  Moving: Aspect of Tiamat Flying White Head presupported.stl → ../Utility/Size Markers/
2026-08-21T06:48:04.990Z INFO  Moving: Tiamat Goddess form no crown.stl → Aberration/
2026-08-21T06:48:05.000Z INFO  Moving: Tiamat Goddess form.stl → Aberration/
2026-08-21T06:48:05.011Z INFO  Moving: Gargantuan Creature Marker.stl → ../Utility/Size Markers/
2026-08-21T06:48:05.022Z INFO  Moving: Tiamat Updated BLACK HEAD presupported.stl → Aberration/
2026-08-21T06:48:05.032Z INFO  Moving: Tiamat Updated BLACK HEAD.stl → Aberration/
2026-08-21T06:48:05.043Z INFO  Moving: Tiamat Updated BLACK NECK presupported.stl → Aberration/
2026-08-21T06:48:05.055Z INFO  Moving: Tiamat Updated BLACK NECK.stl → Aberration/
2026-08-21T06:48:05.067Z INFO  Moving: Tiamat Updated BLUE HEAD presupported.stl → Aberration/
2026-08-21T06:48:05.078Z INFO  Moving: Tiamat Updated BLUE HEAD.stl → Aberration/
2026-08-21T06:48:05.089Z INFO  Moving: Tiamat Updated BLUE and WHITE NECKS presupported.stl → Aberration/
2026-08-21T06:48:05.100Z INFO  Moving: Tiamat Updated BLUE and WHITE NECKS.stl → Aberration/
2026-08-21T06:48:05.112Z INFO  Moving: Tiamat Updated.stl → Aberration/
2026-08-21T06:48:05.124Z INFO  Moving: Tiamat Updated BODY no WINGS or Heads presupported.stl → Aberration/
2026-08-21T06:48:05.137Z INFO  Moving: Tiamat Updated BODY no WINGS or Heads.stl → Aberration/
2026-08-21T06:48:05.149Z INFO  Moving: Tiamat Updated BODY no WINGS or TAIL or Necks presupported.stl → Aberration/
2026-08-21T06:48:05.161Z INFO  Moving: Tiamat Updated BODY no WINGS or TAIL or Necks.stl → Aberration/
2026-08-21T06:48:05.173Z INFO  Moving: Tiamat Updated GREEN HEAD presupported.stl → Aberration/
2026-08-21T06:48:05.188Z INFO  Moving: Tiamat Updated GREEN HEAD.stl → Aberration/
2026-08-21T06:48:05.200Z INFO  Moving: Tiamat Updated GREEN NECK presupported.stl → Aberration/
2026-08-21T06:48:05.211Z INFO  Moving: Tiamat Updated GREEN NECK.stl → Aberration/
2026-08-21T06:48:05.223Z INFO  Moving: Tiamat Updated LEFT WING presupported.stl → Aberration/
2026-08-21T06:48:05.235Z INFO  Moving: Tiamat Updated LEFT WING.stl → Aberration/
2026-08-21T06:48:05.248Z INFO  Moving: Tiamat Updated RED HEAD presupported.stl → Aberration/
2026-08-21T06:48:05.262Z INFO  Moving: Tiamat Updated RED HEAD.stl → Aberration/
2026-08-21T06:48:05.276Z INFO  Moving: Tiamat Updated RED NECK presupported.stl → Aberration/
2026-08-21T06:48:05.288Z INFO  Moving: Tiamat Updated RED NECK.stl → Aberration/
2026-08-21T06:48:05.301Z INFO  Moving: Tiamat Updated RIGHT WING presupported.stl → Aberration/
2026-08-21T06:48:05.313Z INFO  Moving: Tiamat Updated RIGHT WING.stl → Aberration/
2026-08-21T06:48:05.325Z INFO  Moving: Tiamat Updated TAIL presupported.stl → Aberration/
2026-08-21T06:48:05.339Z INFO  Moving: Tiamat Updated TAIL.stl → Aberration/
2026-08-21T06:48:05.352Z INFO  Moving: Tiamat Updated WHITE HEAD presupported.stl → Aberration/
2026-08-21T06:48:05.365Z INFO  Moving: Tiamat Updated WHITE HEAD.stl → Aberration/
2026-08-21T06:48:05.377Z INFO  Moving: Tiamat Updated no stand.stl → Aberration/
2026-08-21T06:48:05.392Z INFO  Moving: Awakened Tree Body.stl → Plant/
2026-08-21T06:48:05.407Z INFO  Moving: Awakened Tree for Shapeways.stl → Plant/
2026-08-21T06:48:05.422Z INFO  Moving: Front Leaves Bottom.stl → Unsorted/
2026-08-21T06:48:05.437Z INFO  Moving: Front Leaves Top RIght.stl → Unsorted/
2026-08-21T06:48:05.451Z INFO  Moving: Front Leaves Top.stl → Unsorted/
2026-08-21T06:48:05.464Z INFO  Moving: Huge Creature Marker.stl → ../Utility/Size Markers/
2026-08-21T06:48:05.478Z INFO  Moving: Left Leaves Bottom.stl → Unsorted/
2026-08-21T06:48:05.491Z INFO  Moving: Rear Leaves Bottom.stl → Unsorted/
2026-08-21T06:48:05.503Z INFO  Moving: Rear Leaves Right.stl → Unsorted/
2026-08-21T06:48:05.515Z INFO  Moving: Rear Leaves Top.stl → Unsorted/
2026-08-21T06:48:05.527Z INFO  Moving: Right Leaves Bottom.stl → Unsorted/
2026-08-21T06:48:05.541Z INFO  Moving: Awakened Tree Updated no stand BOTTOM hollow and presupported.stl → Plant/
2026-08-21T06:48:05.555Z INFO  Moving: Awakened Tree Updated no stand BOTTOM.stl → Plant/
2026-08-21T06:48:05.569Z INFO  Moving: Awakened Tree Updated no stand TOP presupported.stl → Plant/
2026-08-21T06:48:05.583Z INFO  Moving: Awakened Tree Updated no stand TOP.stl → Plant/
2026-08-21T06:48:05.596Z INFO  Moving: Awakened Tree Updated no stand.stl → Plant/
2026-08-21T06:48:05.610Z INFO  Moving: Awakened Tree Updated.stl → Plant/
2026-08-21T06:48:05.623Z INFO  Moving: Bandit Ranged with Crossbow presupported.stl → Humanoid/Human/
2026-08-21T06:48:05.635Z INFO  Moving: Bandit Ranged with Crossbow.stl → Humanoid/Human/
2026-08-21T06:48:05.648Z INFO  Moving: Bandit presupported.stl → Humanoid/Human/
2026-08-21T06:48:05.661Z INFO  Moving: Bandit.stl → Humanoid/Human/
2026-08-21T06:48:05.674Z INFO  Moving: Bandit Female 2 presupported.stl → Humanoid/Human/
2026-08-21T06:48:05.687Z INFO  Moving: Bandit Female 2.stl → Humanoid/Human/
2026-08-21T06:48:05.700Z INFO  Moving: Bandit Female presupported.stl → Humanoid/Human/
2026-08-21T06:48:05.714Z INFO  Moving: Bandit Female.stl → Humanoid/Human/
2026-08-21T06:48:05.729Z INFO  Moving: Bandit Male 2 presupported.stl → Humanoid/Human/
2026-08-21T06:48:05.744Z INFO  Moving: Bandit Male 2.stl → Humanoid/Human/
2026-08-21T06:48:05.762Z INFO  Moving: Bandit Male presupported.stl → Humanoid/Human/
2026-08-21T06:48:05.778Z INFO  Moving: Bandit Male.stl → Humanoid/Human/
2026-08-21T06:48:05.793Z INFO  Moving: Bearded Devil UPDATED presupported.stl → Beast/
2026-08-21T06:48:05.807Z INFO  Moving: Bearded Devil UPDATED.stl → Beast/
2026-08-21T06:48:05.826Z INFO  Moving: Berserker Female presupported.stl → Unsorted/
2026-08-21T06:48:05.838Z INFO  Moving: Berserker Female.stl → Unsorted/
2026-08-21T06:48:05.850Z INFO  Moving: Berserker Male presupported.stl → Unsorted/
2026-08-21T06:48:05.862Z INFO  Moving: Berserker Male.stl → Unsorted/
2026-08-21T06:48:05.874Z INFO  Moving: Cloud Giant Morningstar.stl → Giant/Hill/
2026-08-21T06:48:05.887Z INFO  Moving: Cloud Giant Updated Body and Stand.stl → Giant/Hill/
2026-08-21T06:48:05.898Z INFO  Moving: Cloud Giant Updated Body.stl → Giant/Hill/
2026-08-21T06:48:05.909Z INFO  Moving: Cloud Giant Updated no crown Body and Stand.stl → Beast/
2026-08-21T06:48:05.921Z INFO  Moving: Cloud Giant Updated no crown Body.stl → Beast/
2026-08-21T06:48:05.932Z INFO  Moving: Cloud Giant Updated no crown.stl → Beast/
2026-08-21T06:48:05.944Z INFO  Moving: Cloud Giant Updated no stand presupported.stl → Giant/Hill/
2026-08-21T06:48:05.957Z INFO  Moving: Cloud Giant Updated whole.stl → Giant/Hill/
2026-08-21T06:48:05.971Z INFO  Moving: Half Orc Fighter presupported.stl → Humanoid/Human/
2026-08-21T06:48:05.986Z INFO  Moving: Half Orc Fighter.stl → Humanoid/Human/
2026-08-21T06:48:06.002Z INFO  Moving: Bone Devil Head.stl → Fiend/Demon/
2026-08-21T06:48:06.019Z INFO  Moving: Bone Devil Left  Arm.stl → Fiend/Demon/
2026-08-21T06:48:06.035Z INFO  Moving: Bone Devil Left Wing.stl → Fiend/Demon/
2026-08-21T06:48:06.050Z INFO  Moving: Bone Devil Legs.stl → Fiend/Demon/
2026-08-21T06:48:06.064Z INFO  Moving: Bone Devil Right Arm.stl → Fiend/Demon/
2026-08-21T06:48:06.080Z INFO  Moving: Bone Devil Rigjt Wing.stl → Fiend/Demon/
2026-08-21T06:48:06.097Z INFO  Moving: Bone Devil Sculpted.stl → Fiend/Demon/
2026-08-21T06:48:06.112Z INFO  Moving: Bone Devil Test.stl → Fiend/Demon/
2026-08-21T06:48:06.125Z INFO  Moving: Bone Devil Torso.stl → Fiend/Demon/
2026-08-21T06:48:06.137Z INFO  Moving: Bone Devil for Frosted.stl → Fiend/Demon/
2026-08-21T06:48:06.150Z INFO  Moving: Bone Devil presupported.stl → Fiend/Demon/
2026-08-21T06:48:06.162Z INFO  Moving: Bone Devil.stl → Fiend/Demon/
2026-08-21T06:48:06.173Z INFO  Moving: Bone Stinger.stl → Aberration/
2026-08-21T06:48:06.185Z INFO  Moving: Bone Tail Lower.stl → Unsorted/
2026-08-21T06:48:06.196Z INFO  Moving: Bone Tail Medium.stl → Unsorted/
2026-08-21T06:48:06.209Z INFO  Moving: Bone Tail Top.stl → Unsorted/
2026-08-21T06:48:06.221Z INFO  Moving: Bone for Shapeways.stl → Unsorted/
2026-08-21T06:48:06.234Z INFO  Moving: Bone Devil Polearm presupported.stl → Fiend/Demon/
2026-08-21T06:48:06.245Z INFO  Moving: Bone Devil Polearm.stl → Fiend/Demon/
2026-08-21T06:48:06.258Z INFO  Moving: Bone Devil Shrugging presupported.stl → Fiend/Demon/
2026-08-21T06:48:06.270Z INFO  Moving: Bone Devil Shrugging.stl → Fiend/Demon/
2026-08-21T06:48:06.284Z INFO  Moving: Bone Devil Updated Flying no stand presupported.stl → ../Utility/Size Markers/
2026-08-21T06:48:06.298Z INFO  Moving: Bone Devil Updated Flying no stand.stl → ../Utility/Size Markers/
2026-08-21T06:48:06.310Z INFO  Moving: Bone Devil Updated Flying presupported.stl → ../Utility/Size Markers/
2026-08-21T06:48:06.322Z INFO  Moving: Bone Devil Updated Flying with Polearm Body only no stand presupported.stl → ../Utility/Size Markers/
2026-08-21T06:48:06.333Z INFO  Moving: Bone Devil Updated Flying with Polearm Body only no stand.stl → ../Utility/Size Markers/
2026-08-21T06:48:06.344Z INFO  Moving: Bone Devil Updated Flying with Polearm Body only.stl → ../Utility/Size Markers/
2026-08-21T06:48:06.355Z INFO  Moving: Bone Devil Updated Flying with Polearm presupported.stl → ../Utility/Size Markers/
2026-08-21T06:48:06.366Z INFO  Moving: Bone Devil Updated Flying with Polearm.stl → ../Utility/Size Markers/
2026-08-21T06:48:06.377Z INFO  Moving: Bone Devil Updated Flying.stl → ../Utility/Size Markers/
2026-08-21T06:48:06.389Z INFO  Moving: Bone Devil Updated presupported.stl → Fiend/Demon/
2026-08-21T06:48:06.405Z INFO  Moving: Bone Devil Updated with Polearm presupported.stl → Fiend/Demon/
2026-08-21T06:48:06.417Z INFO  Moving: Bone Devil Updated with Polearm.stl → Fiend/Demon/
2026-08-21T06:48:06.429Z INFO  Moving: Bone Devil Updated with a Polearm just body presupported.stl → Fiend/Demon/
2026-08-21T06:48:06.441Z INFO  Moving: Bone Devil Updated with a Polearm just body.stl → Fiend/Demon/
2026-08-21T06:48:06.454Z INFO  Moving: Bone Devil Updated.stl → Fiend/Demon/
2026-08-21T06:48:06.466Z INFO  Moving: Bullywug Updated presupported.stl → Unsorted/
2026-08-21T06:48:06.478Z INFO  Moving: Bullywug Updated.stl → Unsorted/
2026-08-21T06:48:06.490Z INFO  Moving: Bullywug.stl → Unsorted/
2026-08-21T06:48:06.503Z INFO  Moving: Bruenor Battlehammer presupported.stl → Unsorted/
2026-08-21T06:48:06.514Z INFO  Moving: Bruenor Battlehammer.stl → Unsorted/
2026-08-21T06:48:06.526Z INFO  Moving: Black Dragon Adult Updated Flying BODY presupported.stl → ../Utility/Size Markers/
2026-08-21T06:48:06.537Z INFO  Moving: Black Dragon Adult Updated Flying BODY.stl → ../Utility/Size Markers/
2026-08-21T06:48:06.548Z INFO  Moving: Black Dragon Adult Updated Flying HEAD presupported.stl → ../Utility/Size Markers/
2026-08-21T06:48:06.560Z INFO  Moving: Black Dragon Adult Updated Flying HEAD.stl → ../Utility/Size Markers/
2026-08-21T06:48:06.571Z INFO  Moving: Black Dragon Adult Updated Flying LEFT WING presupported.stl → ../Utility/Size Markers/
2026-08-21T06:48:06.583Z INFO  Moving: Black Dragon Adult Updated Flying LEFT WING.stl → ../Utility/Size Markers/
2026-08-21T06:48:06.595Z INFO  Moving: Black Dragon Adult Updated Flying RIGHT WING presupported.stl → ../Utility/Size Markers/
2026-08-21T06:48:06.606Z INFO  Moving: Black Dragon Adult Updated Flying RIGHT WING.stl → ../Utility/Size Markers/
2026-08-21T06:48:06.618Z INFO  Moving: Black Dragon Adult Updated Flying.stl → ../Utility/Size Markers/
2026-08-21T06:48:06.629Z INFO  Moving: huge_creature floating.stl → ../Utility/Size Markers/
2026-08-21T06:48:06.641Z INFO  Moving: Black Dragon Ancient Updated Flying BODY presupported.stl → ../Utility/Size Markers/
2026-08-21T06:48:06.652Z INFO  Moving: Black Dragon Ancient Updated Flying BODY.stl → ../Utility/Size Markers/
2026-08-21T06:48:06.663Z INFO  Moving: Black Dragon Ancient Updated Flying HEAD presupported.stl → ../Utility/Size Markers/
2026-08-21T06:48:06.675Z INFO  Moving: Black Dragon Ancient Updated Flying HEAD.stl → ../Utility/Size Markers/
2026-08-21T06:48:06.688Z INFO  Moving: Black Dragon Ancient Updated Flying LEFT WING presupported.stl → ../Utility/Size Markers/
2026-08-21T06:48:06.699Z INFO  Moving: Black Dragon Ancient Updated Flying LEFT WING.stl → ../Utility/Size Markers/
2026-08-21T06:48:06.711Z INFO  Moving: Black Dragon Ancient Updated Flying RIGHT WING presupported.stl → ../Utility/Size Markers/
2026-08-21T06:48:06.723Z INFO  Moving: Black Dragon Ancient Updated Flying RIGHT WING.stl → ../Utility/Size Markers/
2026-08-21T06:48:07.039Z INFO  Moving: Black Dragon Ancient Updated Flying.stl → ../Utility/Size Markers/
2026-08-21T06:48:07.050Z INFO  Moving: gargantuan__creature_floating.stl → ../Utility/Size Markers/
2026-08-21T06:48:07.062Z INFO  Moving: Black Dragon Wyrmling Updated flying presupported.stl → ../Utility/Size Markers/
2026-08-21T06:48:07.073Z INFO  Moving: Black Dragon Wyrmling Updated flying.stl → ../Utility/Size Markers/
2026-08-21T06:48:07.084Z INFO  Moving: Medium Creature Flying Marker.stl → ../Utility/Size Markers/
2026-08-21T06:48:07.096Z INFO  Moving: Black Dragon Young Updated Flying BODY presupported.stl → ../Utility/Size Markers/
2026-08-21T06:48:07.108Z INFO  Moving: Black Dragon Young Updated Flying BODY.stl → ../Utility/Size Markers/
2026-08-21T06:48:07.119Z INFO  Moving: Black Dragon Young Updated Flying HEAD presupported.stl → ../Utility/Size Markers/
2026-08-21T06:48:07.132Z INFO  Moving: Black Dragon Young Updated Flying HEAD.stl → ../Utility/Size Markers/
2026-08-21T06:48:07.144Z INFO  Moving: Black Dragon Young Updated Flying LEFT WING presupported.stl → ../Utility/Size Markers/
2026-08-21T06:48:07.156Z INFO  Moving: Black Dragon Young Updated Flying LEFT WING.stl → ../Utility/Size Markers/
2026-08-21T06:48:07.167Z INFO  Moving: Black Dragon Young Updated Flying RIGHT WING presupported.stl → ../Utility/Size Markers/
2026-08-21T06:48:07.179Z INFO  Moving: Black Dragon Young Updated Flying RIGHT WING.stl → ../Utility/Size Markers/
2026-08-21T06:48:07.190Z INFO  Moving: Black Dragon Young Updated Flying presupported.stl → ../Utility/Size Markers/
2026-08-21T06:48:07.201Z INFO  Moving: Black Dragon Young Updated Flying.stl → ../Utility/Size Markers/
2026-08-21T06:48:07.212Z INFO  Moving: large_creature_Floating.stl → ../Utility/Size Markers/
2026-08-21T06:48:07.223Z INFO  Moving: Black Dragon Adult Updated BODY no head no wings AND Stand.stl → Dragon/Chromatic/
2026-08-21T06:48:07.235Z INFO  Moving: Black Dragon Adult Updated BODY no head no wings presupported.stl → Dragon/Chromatic/
2026-08-21T06:48:07.247Z INFO  Moving: Black Dragon Adult Updated BODY no head no wings.stl → Dragon/Chromatic/
2026-08-21T06:48:07.261Z INFO  Moving: Black Dragon Adult Updated HEAD presupported.stl → Dragon/Chromatic/
2026-08-21T06:48:07.273Z INFO  Moving: Black Dragon Adult Updated HEAD.stl → Dragon/Chromatic/
2026-08-21T06:48:07.288Z INFO  Moving: Black Dragon Adult Updated LEFT WING closed presupported.stl → Dragon/Chromatic/
2026-08-21T06:48:07.301Z INFO  Moving: Black Dragon Adult Updated LEFT WING closed.stl → Dragon/Chromatic/
2026-08-21T06:48:07.314Z INFO  Moving: Black Dragon Adult Updated LEFT WING presupported.stl → Dragon/Chromatic/
2026-08-21T06:48:07.327Z INFO  Moving: Black Dragon Adult Updated LEFT WING.stl → Dragon/Chromatic/
2026-08-21T06:48:07.340Z INFO  Moving: Black Dragon Adult Updated RIGHT WING closed presupported.stl → Dragon/Chromatic/
2026-08-21T06:48:07.352Z INFO  Moving: Black Dragon Adult Updated RIGHT WING closed.stl → Dragon/Chromatic/
2026-08-21T06:48:07.364Z INFO  Moving: Black Dragon Adult Updated RIGHT WING presupported.stl → Dragon/Chromatic/
2026-08-21T06:48:07.375Z INFO  Moving: Black Dragon Adult Updated RIGHT WING.stl → Dragon/Chromatic/
2026-08-21T06:48:07.387Z INFO  Moving: Black Dragon Adult Updated Wings Closed no stand.stl → Dragon/Chromatic/
2026-08-21T06:48:07.398Z INFO  Moving: Black Dragon Adult Updated Wings Closed.stl → Dragon/Chromatic/
2026-08-21T06:48:07.410Z INFO  Moving: Black Dragon Adult Updated body only.stl → Dragon/Chromatic/
2026-08-21T06:48:07.421Z INFO  Moving: Black Dragon Adult Updated.stl → Dragon/Chromatic/
2026-08-21T06:48:07.432Z INFO  Moving: Huge Creature Marker.stl → ../Utility/Size Markers/
2026-08-21T06:48:07.443Z INFO  Moving: Black Dragon Ancient Updated .stl → Dragon/Chromatic/
2026-08-21T06:48:07.455Z INFO  Moving: Black Dragon Ancient Updated HEAD presupported.stl → Dragon/Chromatic/
2026-08-21T06:48:07.468Z INFO  Moving: Black Dragon Ancient Updated HEAD.stl → Dragon/Chromatic/
2026-08-21T06:48:07.482Z INFO  Moving: Black Dragon Ancient Updated LEFT WING presupported.stl → Dragon/Chromatic/
2026-08-21T06:48:07.497Z INFO  Moving: Black Dragon Ancient Updated LEFT WING.stl → Dragon/Chromatic/
2026-08-21T06:48:07.509Z INFO  Moving: Black Dragon Ancient Updated RIGHT WING presupported.stl → Dragon/Chromatic/
2026-08-21T06:48:07.523Z INFO  Moving: Black Dragon Ancient Updated RIGHT WING.stl → Dragon/Chromatic/
2026-08-21T06:48:07.538Z INFO  Moving: Black Dragon Ancient Updated body only NO head NO Wings presupported.stl → Dragon/Chromatic/
2026-08-21T06:48:07.553Z INFO  Moving: Black Dragon Ancient Updated body only NO head NO Wings with stand.stl → Dragon/Chromatic/
2026-08-21T06:48:07.566Z INFO  Moving: Black Dragon Ancient Updated body only NO head NO Wings.stl → Dragon/Chromatic/
2026-08-21T06:48:07.577Z INFO  Moving: Black Dragon Ancient Updated body only.stl → Dragon/Chromatic/
2026-08-21T06:48:07.589Z INFO  Moving: Gargantuan Creature Marker.stl → ../Utility/Size Markers/
2026-08-21T06:48:07.600Z INFO  Moving: Black Dragon Wyrmling Updated presupported.stl → Dragon/Chromatic/
2026-08-21T06:48:07.612Z INFO  Moving: Black Dragon Wyrmling Updated.stl → Dragon/Chromatic/
2026-08-21T06:48:07.624Z INFO  Moving: Black Dragon Young Updated presupported.stl → Dragon/Chromatic/
2026-08-21T06:48:07.636Z INFO  Moving: Black Dragon Young Updated.stl → Dragon/Chromatic/
2026-08-21T06:48:07.647Z INFO  Moving: Blue Dragon ADULT Updated Flying BODY NO WINGS presupported.stl → ../Utility/Size Markers/
2026-08-21T06:48:07.658Z INFO  Moving: Blue Dragon ADULT Updated Flying BODY NO WINGS.stl → ../Utility/Size Markers/
2026-08-21T06:48:07.668Z INFO  Moving: Blue Dragon Adult Updated Flying LEFT WING presupported.stl → ../Utility/Size Markers/
2026-08-21T06:48:07.679Z INFO  Moving: Blue Dragon Adult Updated Flying LEFT WING.stl → ../Utility/Size Markers/
2026-08-21T06:48:07.692Z INFO  Moving: Blue Dragon Adult Updated Flying RIGHT WING presupported.stl → ../Utility/Size Markers/
2026-08-21T06:48:07.703Z INFO  Moving: Blue Dragon Adult Updated Flying RIGHT WING.stl → ../Utility/Size Markers/
2026-08-21T06:48:07.715Z INFO  Moving: Blue Dragon Adult Updated Flying.stl → ../Utility/Size Markers/
2026-08-21T06:48:07.728Z INFO  Moving: Blue Dragon Ancient Updated Flying BODY NO WINGS presupported.stl → ../Utility/Size Markers/
2026-08-21T06:48:07.739Z INFO  Moving: Blue Dragon Ancient Updated Flying BODY NO WINGS.stl → ../Utility/Size Markers/
2026-08-21T06:48:07.751Z INFO  Moving: Blue Dragon Ancient Updated Flying LEFT WING presupported.stl → ../Utility/Size Markers/
2026-08-21T06:48:07.763Z INFO  Moving: Blue Dragon Ancient Updated Flying LEFT WING.stl → ../Utility/Size Markers/
2026-08-21T06:48:07.774Z INFO  Moving: Blue Dragon Ancient Updated Flying RIGHT WING presupported.stl → ../Utility/Size Markers/
2026-08-21T06:48:07.786Z INFO  Moving: Blue Dragon Ancient Updated Flying RIGHT WING.stl → ../Utility/Size Markers/
2026-08-21T06:48:07.798Z INFO  Moving: Blue Dragon Ancient Updated Flying.stl → ../Utility/Size Markers/
2026-08-21T06:48:07.809Z INFO  Moving: Blue Dragon Wyrmling Updated Flying presupported.stl → ../Utility/Size Markers/
2026-08-21T06:48:07.821Z INFO  Moving: Blue Dragon Wyrmling Updated Flying.stl → ../Utility/Size Markers/
2026-08-21T06:48:07.834Z INFO  Moving: Medium Size Creature Flying Marker.stl → ../Utility/Size Markers/
2026-08-21T06:48:07.845Z INFO  Moving: Blue Dragon Young Updated Flying BODY NO WINGS presupported.stl → ../Utility/Size Markers/
2026-08-21T06:48:07.857Z INFO  Moving: Blue Dragon Young Updated Flying BODY NO WINGS.stl → ../Utility/Size Markers/
2026-08-21T06:48:07.868Z INFO  Moving: Blue Dragon Young Updated Flying LEFT WING presupported.stl → ../Utility/Size Markers/
2026-08-21T06:48:07.880Z INFO  Moving: Blue Dragon Young Updated Flying LEFT WING.stl → ../Utility/Size Markers/
2026-08-21T06:48:07.892Z INFO  Moving: Blue Dragon Young Updated Flying RIGHT WING presupported.stl → ../Utility/Size Markers/
2026-08-21T06:48:07.903Z INFO  Moving: Blue Dragon Young Updated Flying RIGHT WING.stl → ../Utility/Size Markers/
2026-08-21T06:48:07.915Z INFO  Moving: Blue Dragon Young Updated Flying.stl → ../Utility/Size Markers/
2026-08-21T06:48:07.926Z INFO  Moving: Large Creature Marker Flying.stl → ../Utility/Size Markers/
2026-08-21T06:48:07.938Z INFO  Moving: Blue Dragon Adult Updated BODY NO HEAD OR WINGS presupported.stl → Dragon/Chromatic/
2026-08-21T06:48:07.950Z INFO  Moving: Blue Dragon Adult Updated BODY NO HEAD OR WINGS.stl → Dragon/Chromatic/
2026-08-21T06:48:07.964Z INFO  Moving: Blue Dragon Adult Updated HEAD presupported.stl → Dragon/Chromatic/
2026-08-21T06:48:07.977Z INFO  Moving: Blue Dragon Adult Updated HEAD.stl → Dragon/Chromatic/
2026-08-21T06:48:07.991Z INFO  Moving: Blue Dragon Adult Updated LEFT WING presupported.stl → Dragon/Chromatic/
2026-08-21T06:48:08.006Z INFO  Moving: Blue Dragon Adult Updated LEFT WING.stl → Dragon/Chromatic/
2026-08-21T06:48:08.020Z INFO  Moving: Blue Dragon Adult Updated RIGHT WING presupported.stl → Dragon/Chromatic/
2026-08-21T06:48:08.035Z INFO  Moving: Blue Dragon Adult Updated RIGHT WING.stl → Dragon/Chromatic/
2026-08-21T06:48:08.049Z INFO  Moving: Blue Dragon Adult Updated body only.stl → Dragon/Chromatic/
2026-08-21T06:48:08.064Z INFO  Moving: Blue Dragon Adult Updated.stl → Dragon/Chromatic/
2026-08-21T06:48:08.077Z INFO  Moving: Huge Creature Marker.stl → ../Utility/Size Markers/
2026-08-21T06:48:08.092Z INFO  Moving: Blue Dragon Ancient Updated BODY NO HEAD OR WINGS presupported.stl → Dragon/Chromatic/
2026-08-21T06:48:08.107Z INFO  Moving: Blue Dragon Ancient Updated BODY NO HEAD OR WINGS.stl → Dragon/Chromatic/
2026-08-21T06:48:08.123Z INFO  Moving: Blue Dragon Ancient Updated HEAD presupported.stl → Dragon/Chromatic/
2026-08-21T06:48:08.137Z INFO  Moving: Blue Dragon Ancient Updated HEAD.stl → Dragon/Chromatic/
2026-08-21T06:48:08.152Z INFO  Moving: Blue Dragon Ancient Updated LEFT WING closed presupported.stl → Dragon/Chromatic/
2026-08-21T06:48:08.167Z INFO  Moving: Blue Dragon Ancient Updated LEFT WING closed.stl → Dragon/Chromatic/
2026-08-21T06:48:08.180Z INFO  Moving: Blue Dragon Ancient Updated LEFT WING presupported.stl → Dragon/Chromatic/
2026-08-21T06:48:08.195Z INFO  Moving: Blue Dragon Ancient Updated LEFT WING.stl → Dragon/Chromatic/
2026-08-21T06:48:08.208Z INFO  Moving: Blue Dragon Ancient Updated RIGHT WING closed presupported.stl → Dragon/Chromatic/
2026-08-21T06:48:08.223Z INFO  Moving: Blue Dragon Ancient Updated RIGHT WING closed.stl → Dragon/Chromatic/
2026-08-21T06:48:08.237Z INFO  Moving: Blue Dragon Ancient Updated RIGHT WING presupported.stl → Dragon/Chromatic/
2026-08-21T06:48:08.249Z INFO  Moving: Blue Dragon Ancient Updated RIGHT WING.stl → Dragon/Chromatic/
2026-08-21T06:48:08.260Z INFO  Moving: Blue Dragon Ancient Updated Wings Closed no stand.stl → Dragon/Chromatic/
2026-08-21T06:48:08.272Z INFO  Moving: Blue Dragon Ancient Updated Wings Closed.stl → Dragon/Chromatic/
2026-08-21T06:48:08.283Z INFO  Moving: Blue Dragon Ancient Updated body onlystl.stl → Dragon/Chromatic/
2026-08-21T06:48:08.294Z INFO  Moving: Blue Dragon Ancient Updated.stl → Dragon/Chromatic/
2026-08-21T06:48:08.305Z INFO  Moving: Gargantuan Creature Marker.stl → ../Utility/Size Markers/
2026-08-21T06:48:08.317Z INFO  Moving: Blue Dragon Wyrmling Updated.stl → Dragon/Chromatic/
2026-08-21T06:48:08.328Z INFO  Moving: Blue Dragon Young Updated body only presupported.stl → Dragon/Chromatic/
2026-08-21T06:48:08.339Z INFO  Moving: Blue Dragon Young Updated body only.stl → Dragon/Chromatic/
2026-08-21T06:48:08.351Z INFO  Moving: Blue Dragon Young Updated presupported.stl → Dragon/Chromatic/
2026-08-21T06:48:08.362Z INFO  Moving: Blue Dragon Young Updated.stl → Dragon/Chromatic/
2026-08-21T06:48:08.373Z INFO  Moving: Large Creature Marker.stl → ../Utility/Size Markers/
2026-08-21T06:48:08.384Z INFO  Moving: Green Dragon Adult Updated Flying BODY presupported.stl → ../Utility/Size Markers/
2026-08-21T06:48:08.395Z INFO  Moving: Green Dragon Adult Updated Flying BODY.stl → ../Utility/Size Markers/
2026-08-21T06:48:08.406Z INFO  Moving: Green Dragon Adult Updated Flying HEAD presupported.stl → ../Utility/Size Markers/
2026-08-21T06:48:08.417Z INFO  Moving: Green Dragon Adult Updated Flying HEAD.stl → ../Utility/Size Markers/
2026-08-21T06:48:08.428Z INFO  Moving: Green Dragon Adult Updated Flying LEFT WING presupported.stl → ../Utility/Size Markers/
2026-08-21T06:48:08.439Z INFO  Moving: Green Dragon Adult Updated Flying LEFT WING.stl → ../Utility/Size Markers/
2026-08-21T06:48:08.450Z INFO  Moving: Green Dragon Adult Updated Flying LOWER BODY presupported.stl → ../Utility/Size Markers/
2026-08-21T06:48:08.461Z INFO  Moving: Green Dragon Adult Updated Flying LOWER BODY.stl → ../Utility/Size Markers/
2026-08-21T06:48:08.474Z INFO  Moving: Green Dragon Adult Updated Flying NECK presupported.stl → ../Utility/Size Markers/
2026-08-21T06:48:08.486Z INFO  Moving: Green Dragon Adult Updated Flying NECK.stl → ../Utility/Size Markers/
2026-08-21T06:48:08.500Z INFO  Moving: Green Dragon Adult Updated Flying RIGHT WING presupported.stl → ../Utility/Size Markers/
2026-08-21T06:48:08.514Z INFO  Moving: Green Dragon Adult Updated Flying RIGHT WING.stl → ../Utility/Size Markers/
2026-08-21T06:48:08.527Z INFO  Moving: Green Dragon Adult Updated Flying.stl → ../Utility/Size Markers/
2026-08-21T06:48:08.539Z INFO  Moving: huge_creature floating.stl → ../Utility/Size Markers/
2026-08-21T06:48:08.552Z INFO  Moving: Green Dragon Ancient Updated Flying BODY presupported.stl → ../Utility/Size Markers/
2026-08-21T06:48:08.566Z INFO  Moving: Green Dragon Ancient Updated Flying BODY.stl → ../Utility/Size Markers/
2026-08-21T06:48:08.577Z INFO  Moving: Green Dragon Ancient Updated Flying Head presupported.stl → ../Utility/Size Markers/
2026-08-21T06:48:08.588Z INFO  Moving: Green Dragon Ancient Updated Flying Head.stl → ../Utility/Size Markers/
2026-08-21T06:48:08.599Z INFO  Moving: Green Dragon Ancient Updated Flying LEFT WING presupported.stl → ../Utility/Size Markers/
2026-08-21T06:48:08.609Z INFO  Moving: Green Dragon Ancient Updated Flying LEFT WING.stl → ../Utility/Size Markers/
2026-08-21T06:48:08.620Z INFO  Moving: Green Dragon Ancient Updated Flying LOWER BODY presupported.stl → ../Utility/Size Markers/
2026-08-21T06:48:08.631Z INFO  Moving: Green Dragon Ancient Updated Flying LOWER BODY.stl → ../Utility/Size Markers/
2026-08-21T06:48:08.642Z INFO  Moving: Green Dragon Ancient Updated Flying NECK presupported.stl → ../Utility/Size Markers/
2026-08-21T06:48:08.653Z INFO  Moving: Green Dragon Ancient Updated Flying NECK.stl → ../Utility/Size Markers/
2026-08-21T06:48:08.664Z INFO  Moving: Green Dragon Ancient Updated Flying RIGHT WING presupported.stl → ../Utility/Size Markers/
2026-08-21T06:48:08.675Z INFO  Moving: Green Dragon Ancient Updated Flying RIGHT WING.stl → ../Utility/Size Markers/
2026-08-21T06:48:08.686Z INFO  Moving: Green Dragon Ancient Updated Flying.stl → ../Utility/Size Markers/
2026-08-21T06:48:08.696Z INFO  Moving: gargantuan__creature_floating.stl → ../Utility/Size Markers/
2026-08-21T06:48:08.707Z INFO  Moving: Green Dragon Wyrmling Updated Flying presupported.stl → ../Utility/Size Markers/
2026-08-21T06:48:08.719Z INFO  Moving: Green Dragon Wyrmling Updated Flying.stl → ../Utility/Size Markers/
2026-08-21T06:48:08.731Z INFO  Moving: medium creature Floating.stl → ../Utility/Size Markers/
2026-08-21T06:48:08.745Z INFO  Moving: Green Dragon Young Updated Flying BODY presupported.stl → ../Utility/Size Markers/
2026-08-21T06:48:08.758Z INFO  Moving: Green Dragon Young Updated Flying BODY.stl → ../Utility/Size Markers/
2026-08-21T06:48:08.771Z INFO  Moving: Green Dragon Young Updated Flying HEAD presupported.stl → ../Utility/Size Markers/
2026-08-21T06:48:08.784Z INFO  Moving: Green Dragon Young Updated Flying HEAD.stl → ../Utility/Size Markers/
2026-08-21T06:48:08.796Z INFO  Moving: Green Dragon Young Updated Flying LEFT WING presupported.stl → ../Utility/Size Markers/
2026-08-21T06:48:08.808Z INFO  Moving: Green Dragon Young Updated Flying LEFT WING.stl → ../Utility/Size Markers/
2026-08-21T06:48:08.822Z INFO  Moving: Green Dragon Young Updated Flying LOWER BODY presupported.stl → ../Utility/Size Markers/
2026-08-21T06:48:08.837Z INFO  Moving: Green Dragon Young Updated Flying LOWER BODY.stl → ../Utility/Size Markers/
2026-08-21T06:48:08.850Z INFO  Moving: Green Dragon Young Updated Flying NECK presupported.stl → ../Utility/Size Markers/
2026-08-21T06:48:08.863Z INFO  Moving: Green Dragon Young Updated Flying NECK.stl → ../Utility/Size Markers/
2026-08-21T06:48:08.877Z INFO  Moving: Green Dragon Young Updated Flying RIGHT WING presupported.stl → ../Utility/Size Markers/
2026-08-21T06:48:08.890Z INFO  Moving: Green Dragon Young Updated Flying RIGHT WING.stl → ../Utility/Size Markers/
2026-08-21T06:48:08.905Z INFO  Moving: Green Dragon Young Updated Flying.stl → ../Utility/Size Markers/
2026-08-21T06:48:08.919Z INFO  Moving: large_creature_Floating.stl → ../Utility/Size Markers/
2026-08-21T06:48:08.932Z INFO  Moving: Green Dragon Adult Updated BODY NO HEAD NO WINGS presupported.stl → Dragon/Chromatic/
2026-08-21T06:48:08.947Z INFO  Moving: Green Dragon Adult Updated BODY NO HEAD NO WINGS.stl → Dragon/Chromatic/
2026-08-21T06:48:08.960Z INFO  Moving: Green Dragon Adult Updated HEAD presupported.stl → Dragon/Chromatic/
2026-08-21T06:48:08.975Z INFO  Moving: Green Dragon Adult Updated HEAD.stl → Dragon/Chromatic/
2026-08-21T06:48:08.989Z INFO  Moving: Green Dragon Adult Updated LEFT WING presupported.stl → Dragon/Chromatic/
2026-08-21T06:48:09.003Z INFO  Moving: Green Dragon Adult Updated LEFT WING.stl → Dragon/Chromatic/
2026-08-21T06:48:09.018Z INFO  Moving: Green Dragon Adult Updated RIGHT WING presupported.stl → Dragon/Chromatic/
2026-08-21T06:48:09.030Z INFO  Moving: Green Dragon Adult Updated RIGHT WING.stl → Dragon/Chromatic/
2026-08-21T06:48:09.043Z INFO  Moving: Green Dragon Adult Updated no stand.stl → Dragon/Chromatic/
2026-08-21T06:48:09.060Z INFO  Moving: Green Dragon Adult Updated.stl → Dragon/Chromatic/
2026-08-21T06:48:09.074Z INFO  Moving: Huge Creature Marker.stl → ../Utility/Size Markers/
2026-08-21T06:48:09.088Z INFO  Moving: Gargantuan Creature Marker.stl → ../Utility/Size Markers/
2026-08-21T06:48:09.102Z INFO  Moving: Green Dragon Ancient Updated HEAD presupported.stl → Dragon/Chromatic/
2026-08-21T06:48:09.118Z INFO  Moving: Green Dragon Ancient Updated HEAD.stl → Dragon/Chromatic/
2026-08-21T06:48:09.131Z INFO  Moving: Green Dragon Ancient Updated LEFT WING presupported.stl → Dragon/Chromatic/
2026-08-21T06:48:09.143Z INFO  Moving: Green Dragon Ancient Updated LEFT WING.stl → Dragon/Chromatic/
2026-08-21T06:48:09.155Z INFO  Moving: Green Dragon Ancient Updated RIGHT WING presupported.stl → Dragon/Chromatic/
2026-08-21T06:48:09.166Z INFO  Moving: Green Dragon Ancient Updated RIGHT WING.stl → Dragon/Chromatic/
2026-08-21T06:48:09.178Z INFO  Moving: Green Dragon Ancient Updated body no head or wings presupported.stl → Dragon/Chromatic/
2026-08-21T06:48:09.190Z INFO  Moving: Green Dragon Ancient Updated body no head or wings.stl → Dragon/Chromatic/
2026-08-21T06:48:09.202Z INFO  Moving: Green Dragon Ancient Updated no stand.stl → Dragon/Chromatic/
2026-08-21T06:48:09.213Z INFO  Moving: Green Dragon Ancient Updated.stl → Dragon/Chromatic/
2026-08-21T06:48:09.224Z INFO  Moving: Green Dragon Wyrmling Updated presuppported.stl → Dragon/Chromatic/
2026-08-21T06:48:09.236Z INFO  Moving: Green Dragon Wyrmling Updated.stl → Dragon/Chromatic/
2026-08-21T06:48:09.247Z INFO  Moving: Green Dragon Young Updated no stand presupported.stl → Dragon/Chromatic/
2026-08-21T06:48:09.259Z INFO  Moving: Green Dragon Young Updated no stand.stl → Dragon/Chromatic/
2026-08-21T06:48:09.270Z INFO  Moving: Green Dragon Young Updated presupported.stl → Dragon/Chromatic/
2026-08-21T06:48:09.282Z INFO  Moving: Green Dragon Young Updated.stl → Dragon/Chromatic/
2026-08-21T06:48:09.293Z INFO  Moving: Large Creature Marker.stl → ../Utility/Size Markers/
2026-08-21T06:48:09.304Z INFO  Moving: Red Dragon Adult Flying Updated HEAD presupported.stl → ../Utility/Size Markers/
2026-08-21T06:48:09.315Z INFO  Moving: Red Dragon Adult Flying Updated HEAD.stl → ../Utility/Size Markers/
2026-08-21T06:48:09.327Z INFO  Moving: Red Dragon Adult Flying Updated LEFT WING presupported.stl → ../Utility/Size Markers/
2026-08-21T06:48:09.338Z INFO  Moving: Red Dragon Adult Flying Updated LEFT WING.stl → ../Utility/Size Markers/
2026-08-21T06:48:09.350Z INFO  Moving: Red Dragon Adult Flying Updated LOWER BODY presupported.stl → ../Utility/Size Markers/
2026-08-21T06:48:09.362Z INFO  Moving: Red Dragon Adult Flying Updated LOWER BODY.stl → ../Utility/Size Markers/
2026-08-21T06:48:09.373Z INFO  Moving: Red Dragon Adult Flying Updated NECK presupported.stl → ../Utility/Size Markers/
2026-08-21T06:48:09.385Z INFO  Moving: Red Dragon Adult Flying Updated NECK.stl → ../Utility/Size Markers/
2026-08-21T06:48:09.396Z INFO  Moving: Red Dragon Adult Flying Updated RIGHT WING prespported.stl → ../Utility/Size Markers/
2026-08-21T06:48:09.411Z INFO  Moving: Red Dragon Adult Flying Updated RIGHT WING.stl → ../Utility/Size Markers/
2026-08-21T06:48:09.423Z INFO  Moving: Red Dragon Adult Flying Updated UPPER BODY.stl → ../Utility/Size Markers/
2026-08-21T06:48:09.434Z INFO  Moving: Red Dragon Adult Flying Updated.stl → ../Utility/Size Markers/
2026-08-21T06:48:09.445Z INFO  Moving: huge_creature floating.stl → ../Utility/Size Markers/
2026-08-21T06:48:09.457Z INFO  Moving: Red Dragon Ancient Flying Updated .stl → ../Utility/Size Markers/
2026-08-21T06:48:09.468Z INFO  Moving: Red Dragon Ancient Flying Updated HEAD presupported.stl → ../Utility/Size Markers/
2026-08-21T06:48:09.480Z INFO  Moving: Red Dragon Ancient Flying Updated HEAD.stl → ../Utility/Size Markers/
2026-08-21T06:48:09.492Z INFO  Moving: Red Dragon Ancient Flying Updated LEFT WING presupported.stl → ../Utility/Size Markers/
2026-08-21T06:48:09.503Z INFO  Moving: Red Dragon Ancient Flying Updated LEFT WING.stl → ../Utility/Size Markers/
2026-08-21T06:48:09.516Z INFO  Moving: Red Dragon Ancient Flying Updated LOWER BODY presupported.stl → ../Utility/Size Markers/
2026-08-21T06:48:09.531Z INFO  Moving: Red Dragon Ancient Flying Updated LOWER BODY.stl → ../Utility/Size Markers/
2026-08-21T06:48:09.544Z INFO  Moving: Red Dragon Ancient Flying Updated NECK.stl → ../Utility/Size Markers/
2026-08-21T06:48:09.558Z INFO  Moving: Red Dragon Ancient Flying Updated RIGHT WING presupported.stl → ../Utility/Size Markers/
2026-08-21T06:48:09.573Z INFO  Moving: Red Dragon Ancient Flying Updated RIGHT WING.stl → ../Utility/Size Markers/
2026-08-21T06:48:09.589Z INFO  Moving: Red Dragon Ancient Flying Updated UPPER BODY presupported.stl → ../Utility/Size Markers/
2026-08-21T06:48:09.604Z INFO  Moving: Red Dragon Ancient Flying Updated UPPER BODY.stl → ../Utility/Size Markers/
2026-08-21T06:48:09.617Z INFO  Moving: gargantuan__creature_floating.stl → ../Utility/Size Markers/
2026-08-21T06:48:09.633Z INFO  Moving: Red Dragon Wyrmling Flying presupported.stl → ../Utility/Size Markers/
2026-08-21T06:48:09.646Z INFO  Moving: Red Dragon Wyrmling Flying.stl → ../Utility/Size Markers/
2026-08-21T06:48:09.661Z INFO  Moving: medium creature Floating.stl → ../Utility/Size Markers/
2026-08-21T06:48:09.676Z INFO  Moving: Red Dragon Young Flying Updated HEAD presupported.stl → ../Utility/Size Markers/
2026-08-21T06:48:09.690Z INFO  Moving: Red Dragon Young Flying Updated HEAD.stl → ../Utility/Size Markers/
2026-08-21T06:48:09.703Z INFO  Moving: Red Dragon Young Flying Updated LEFT WING presupported.stl → ../Utility/Size Markers/
2026-08-21T06:48:09.716Z INFO  Moving: Red Dragon Young Flying Updated LEFT WING.stl → ../Utility/Size Markers/
2026-08-21T06:48:09.730Z INFO  Moving: Red Dragon Young Flying Updated LOWER BODY presupported.stl → ../Utility/Size Markers/
2026-08-21T06:48:09.744Z INFO  Moving: Red Dragon Young Flying Updated LOWER BODY.stl → ../Utility/Size Markers/
2026-08-21T06:48:09.758Z INFO  Moving: Red Dragon Young Flying Updated NECK presupported.stl → ../Utility/Size Markers/
2026-08-21T06:48:09.770Z INFO  Moving: Red Dragon Young Flying Updated NECK.stl → ../Utility/Size Markers/
2026-08-21T06:48:09.782Z INFO  Moving: Red Dragon Young Flying Updated RIGHT WING presupported.stl → ../Utility/Size Markers/
2026-08-21T06:48:09.794Z INFO  Moving: Red Dragon Young Flying Updated RIGHT WING.stl → ../Utility/Size Markers/
2026-08-21T06:48:09.805Z INFO  Moving: Red Dragon Young Flying Updated UPPER BODY presupported.stl → ../Utility/Size Markers/
2026-08-21T06:48:09.817Z INFO  Moving: Red Dragon Young Flying Updated UPPER BODY.stl → ../Utility/Size Markers/
2026-08-21T06:48:09.829Z INFO  Moving: Red Dragon Young Flying Updated presupported.stl → ../Utility/Size Markers/
2026-08-21T06:48:09.840Z INFO  Moving: Red Dragon Young Flying Updated.stl → ../Utility/Size Markers/
2026-08-21T06:48:09.851Z INFO  Moving: large_creature_Floating.stl → ../Utility/Size Markers/
2026-08-21T06:48:09.863Z INFO  Moving: Red Dragon Adult Updated Body no Wings presupported.stl → Dragon/Chromatic/
2026-08-21T06:48:09.875Z INFO  Moving: Red Dragon Adult Updated Body no Wings.stl → Dragon/Chromatic/
2026-08-21T06:48:09.887Z INFO  Moving: Red Dragon Adult Updated Left Wing presupported.stl → Dragon/Chromatic/
2026-08-21T06:48:09.899Z INFO  Moving: Red Dragon Adult Updated Left Wing.stl → Dragon/Chromatic/
2026-08-21T06:48:09.911Z INFO  Moving: Red Dragon Adult Updated Right Wing presupported.stl → Dragon/Chromatic/
2026-08-21T06:48:09.922Z INFO  Moving: Red Dragon Adult Updated Right Wing.stl → Dragon/Chromatic/
2026-08-21T06:48:09.935Z INFO  Moving: Red Dragon Adult Updated no stand.stl → Dragon/Chromatic/
2026-08-21T06:48:09.946Z INFO  Moving: Red Dragon Adult Updated.stl → Dragon/Chromatic/
2026-08-21T06:48:09.957Z INFO  Moving: huge_creature.stl → ../Utility/Size Markers/
2026-08-21T06:48:09.968Z INFO  Moving: Red Dragon Ancient Updated Body presupported.stl → Dragon/Chromatic/
2026-08-21T06:48:09.979Z INFO  Moving: Red Dragon Ancient Updated Body.stl → Dragon/Chromatic/
2026-08-21T06:48:09.992Z INFO  Moving: Red Dragon Ancient Updated Head presupported.stl → Dragon/Chromatic/
2026-08-21T06:48:10.006Z INFO  Moving: Red Dragon Ancient Updated Head.stl → Dragon/Chromatic/
2026-08-21T06:48:10.023Z INFO  Moving: Red Dragon Ancient Updated LEFT WING presupported.stl → Dragon/Chromatic/
2026-08-21T06:48:10.038Z INFO  Moving: Red Dragon Ancient Updated LEFT WING.stl → Dragon/Chromatic/
2026-08-21T06:48:10.053Z INFO  Moving: Red Dragon Ancient Updated RIGHT WING presupported.stl → Dragon/Chromatic/
2026-08-21T06:48:10.066Z INFO  Moving: Red Dragon Ancient Updated RIGHT WING.stl → Dragon/Chromatic/
2026-08-21T06:48:10.081Z INFO  Moving: Red Dragon Ancient Updated no stand.stl → Dragon/Chromatic/
2026-08-21T06:48:10.095Z INFO  Moving: Red Dragon Ancient Updated.stl → Dragon/Chromatic/
2026-08-21T06:48:10.108Z INFO  Moving: gargantuan_creature.stl → ../Utility/Size Markers/
2026-08-21T06:48:10.123Z INFO  Moving: Red Dragon Wyrmling prseupported.stl → Dragon/Chromatic/
2026-08-21T06:48:10.137Z INFO  Moving: Red Dragon Wyrmling.stl → Dragon/Chromatic/
2026-08-21T06:48:10.153Z INFO  Moving: Red Dragon Young Updated no stand presupported.stl → Dragon/Chromatic/
2026-08-21T06:48:10.168Z INFO  Moving: Red Dragon Young Updated no stand.stl → Dragon/Chromatic/
2026-08-21T06:48:10.183Z INFO  Moving: Red Dragon Young Updated presupported.stl → Dragon/Chromatic/
2026-08-21T06:48:10.199Z INFO  Moving: Red Dragon Young Updated.stl → Dragon/Chromatic/
2026-08-21T06:48:10.213Z INFO  Moving: large_creature.stl → ../Utility/Size Markers/
2026-08-21T06:48:10.227Z INFO  Moving: White Dragon Adult Updated Flying BODY no Head or Wings presupported.stl → ../Utility/Size Markers/
2026-08-21T06:48:10.241Z INFO  Moving: White Dragon Adult Updated Flying BODY no Head or Wings.stl → ../Utility/Size Markers/
2026-08-21T06:48:10.257Z INFO  Moving: White Dragon Adult Updated Flying LEFT WING presupported.stl → ../Utility/Size Markers/
2026-08-21T06:48:10.269Z INFO  Moving: White Dragon Adult Updated Flying LEFT WING.stl → ../Utility/Size Markers/
2026-08-21T06:48:10.281Z INFO  Moving: White Dragon Adult Updated Flying RIGHT WING presupported.stl → ../Utility/Size Markers/
2026-08-21T06:48:10.292Z INFO  Moving: White Dragon Adult Updated Flying RIGHT WING.stl → ../Utility/Size Markers/
2026-08-21T06:48:10.304Z INFO  Moving: White Dragon Adult Updated Flying.stl → ../Utility/Size Markers/
2026-08-21T06:48:10.314Z INFO  Moving: huge_creature floating.stl → ../Utility/Size Markers/
2026-08-21T06:48:10.326Z INFO  Moving: White Dragon Ancient Updated Flying BODY no HEAD or Wings presupported.stl → ../Utility/Size Markers/
2026-08-21T06:48:10.338Z INFO  Moving: White Dragon Ancient Updated Flying BODY no HEAD or Wings.stl → ../Utility/Size Markers/
2026-08-21T06:48:10.350Z INFO  Moving: White Dragon Ancient Updated Flying LEFT WING presupported.stl → ../Utility/Size Markers/
2026-08-21T06:48:10.361Z INFO  Moving: White Dragon Ancient Updated Flying LEFT WING.stl → ../Utility/Size Markers/
2026-08-21T06:48:10.373Z INFO  Moving: White Dragon Ancient Updated Flying RIGHT WING presupported.stl → ../Utility/Size Markers/
2026-08-21T06:48:10.385Z INFO  Moving: White Dragon Ancient Updated Flying RIGHT WING.stl → ../Utility/Size Markers/
2026-08-21T06:48:10.396Z INFO  Moving: White Dragon Ancient Updated Flying presupported.stl → ../Utility/Size Markers/
2026-08-21T06:48:10.408Z INFO  Moving: White Dragon Ancient Updated Flying.stl → ../Utility/Size Markers/
2026-08-21T06:48:10.419Z INFO  Moving: gargantuan__creature_floating.stl → ../Utility/Size Markers/
2026-08-21T06:48:10.430Z INFO  Moving: White Dragon Wyrmling Updated Flying presupported.stl → ../Utility/Size Markers/
2026-08-21T06:48:10.442Z INFO  Moving: White Dragon Wyrmling Updated Flying.stl → ../Utility/Size Markers/
2026-08-21T06:48:10.453Z INFO  Moving: medium creature Floating.stl → ../Utility/Size Markers/
2026-08-21T06:48:10.464Z INFO  Moving: White Dragon Young Updated Flying BODY no Head or Wings presupported.stl → ../Utility/Size Markers/
2026-08-21T06:48:10.477Z INFO  Moving: White Dragon Young Updated Flying BODY no Head or Wings.stl → ../Utility/Size Markers/
2026-08-21T06:48:10.490Z INFO  Moving: White Dragon Young Updated Flying LEFT WING presupported.stl → ../Utility/Size Markers/
2026-08-21T06:48:10.503Z INFO  Moving: White Dragon Young Updated Flying LEFT WING.stl → ../Utility/Size Markers/
2026-08-21T06:48:10.517Z INFO  Moving: White Dragon Young Updated Flying RIGHT WING presupported.stl → ../Utility/Size Markers/
2026-08-21T06:48:10.530Z INFO  Moving: White Dragon Young Updated Flying RIGHT WING.stl → ../Utility/Size Markers/
2026-08-21T06:48:10.543Z INFO  Moving: White Dragon Young Updated Flying.stl → ../Utility/Size Markers/
2026-08-21T06:48:10.556Z INFO  Moving: large_creature_Floating.stl → ../Utility/Size Markers/
2026-08-21T06:48:10.568Z INFO  Moving: Huge Creature Marker.stl → ../Utility/Size Markers/
2026-08-21T06:48:10.580Z INFO  Moving: White Dragon Adult Updated Head presupported.stl → Dragon/Chromatic/
2026-08-21T06:48:10.592Z INFO  Moving: White Dragon Adult Updated Head.stl → Dragon/Chromatic/
2026-08-21T06:48:10.603Z INFO  Moving: White Dragon Adult Updated LEFT WING presupported.stl → Dragon/Chromatic/
2026-08-21T06:48:10.615Z INFO  Moving: White Dragon Adult Updated LEFT WING.stl → Dragon/Chromatic/
2026-08-21T06:48:10.627Z INFO  Moving: White Dragon Adult Updated NO HEAD NO WINGS presupported.stl → Dragon/Chromatic/
2026-08-21T06:48:10.638Z INFO  Moving: White Dragon Adult Updated NO HEAD NO WINGS.stl → Dragon/Chromatic/
2026-08-21T06:48:10.650Z INFO  Moving: White Dragon Adult Updated RIGHT WING presupported.stl → Dragon/Chromatic/
2026-08-21T06:48:10.662Z INFO  Moving: White Dragon Adult Updated RIGHT WING.stl → Dragon/Chromatic/
2026-08-21T06:48:10.674Z INFO  Moving: White Dragon Adult Updated no stand.stl → Dragon/Chromatic/
2026-08-21T06:48:10.685Z INFO  Moving: White Dragon Adult Updated.stl → Dragon/Chromatic/
2026-08-21T06:48:10.696Z INFO  Moving: Gargantuan Creature Marker.stl → ../Utility/Size Markers/
2026-08-21T06:48:10.708Z INFO  Moving: White Dragon Ancient Updated BODY NO HEAD OR WINGS presupported.stl → Dragon/Chromatic/
2026-08-21T06:48:10.719Z INFO  Moving: White Dragon Ancient Updated BODY NO HEAD OR WINGS.stl → Dragon/Chromatic/
2026-08-21T06:48:10.731Z INFO  Moving: White Dragon Ancient Updated Head presupported.stl → Dragon/Chromatic/
2026-08-21T06:48:10.743Z INFO  Moving: White Dragon Ancient Updated Head.stl → Dragon/Chromatic/
2026-08-21T06:48:10.757Z INFO  Moving: White Dragon Ancient Updated Left Wing presupported.stl → Dragon/Chromatic/
2026-08-21T06:48:10.773Z INFO  Moving: White Dragon Ancient Updated Left Wing.stl → Dragon/Chromatic/
2026-08-21T06:48:10.786Z INFO  Moving: White Dragon Ancient Updated Right Wing presupported.stl → Dragon/Chromatic/
2026-08-21T06:48:10.800Z INFO  Moving: White Dragon Ancient Updated Right Wing.stl → Dragon/Chromatic/
2026-08-21T06:48:10.812Z INFO  Moving: White Dragon Ancient Updated no stand.stl → Dragon/Chromatic/
2026-08-21T06:48:10.826Z INFO  Moving: White Dragon Ancient Updated.stl → Dragon/Chromatic/
2026-08-21T06:48:10.840Z INFO  Moving: White Dragon Wyrmling Updated presupported.stl → Dragon/Chromatic/
2026-08-21T06:48:10.855Z INFO  Moving: White Dragon Wyrmling Updated.stl → Dragon/Chromatic/
2026-08-21T06:48:10.867Z INFO  Moving: Large Creature Marker.stl → ../Utility/Size Markers/
2026-08-21T06:48:10.882Z INFO  Moving: White Dragon Young Updated no stand presupported.stl → Dragon/Chromatic/
2026-08-21T06:48:10.895Z INFO  Moving: White Dragon Young Updated no stand.stl → Dragon/Chromatic/
2026-08-21T06:48:10.908Z INFO  Moving: White Dragon Young Updated presupported.stl → Dragon/Chromatic/
2026-08-21T06:48:10.921Z INFO  Moving: White Dragon Young Updated.stl → Dragon/Chromatic/
2026-08-21T06:48:10.934Z INFO  Moving: Chuul  Left  Rear Leg.stl → Aberration/
2026-08-21T06:48:10.945Z INFO  Moving: Chuul Head.stl → Aberration/
2026-08-21T06:48:10.957Z INFO  Moving: Chuul Left Arm.stl → Aberration/
2026-08-21T06:48:10.969Z INFO  Moving: Chuul Left Body.stl → Aberration/
2026-08-21T06:48:10.982Z INFO  Moving: Chuul Left Front Leg.stl → Aberration/
2026-08-21T06:48:10.994Z INFO  Moving: Chuul Right Arm.stl → Aberration/
2026-08-21T06:48:11.006Z INFO  Moving: Chuul Right Body.stl → Aberration/
2026-08-21T06:48:11.018Z INFO  Moving: Chuul Right Front Leg.stl → Aberration/
2026-08-21T06:48:11.030Z INFO  Moving: Chuul Right Rear Leg.stl → Aberration/
2026-08-21T06:48:11.044Z INFO  Moving: Chuul.stl → Aberration/
2026-08-21T06:48:11.059Z INFO  Moving: Chuul Updated presupported.stl → Aberration/
2026-08-21T06:48:11.074Z INFO  Moving: Chuul Updated.stl → Aberration/
2026-08-21T06:48:11.087Z INFO  Moving: Clay Golem Updated presupported.stl → Construct/
2026-08-21T06:48:11.102Z INFO  Moving: Clay Golem Updated.stl → Construct/
2026-08-21T06:48:11.118Z INFO  Moving: Cloud Giant Updated no stand presupported.stl → Giant/Hill/
2026-08-21T06:48:11.133Z INFO  Moving: Female Commoner presupported.stl → Humanoid/Human/
2026-08-21T06:48:11.147Z INFO  Moving: Female Commoner.stl → Humanoid/Human/
2026-08-21T06:48:11.162Z INFO  Moving: Male Commoner Updated presupported.stl → Humanoid/Human/
2026-08-21T06:48:11.178Z INFO  Moving: Male Commoner Updated.stl → Humanoid/Human/
2026-08-21T06:48:11.194Z INFO  Moving: Male Commoner with Torch presupported.stl → Humanoid/Human/
2026-08-21T06:48:11.210Z INFO  Moving: Male Commoner with Torch.stl → Humanoid/Human/
2026-08-21T06:48:11.226Z INFO  Moving: Commone Body 2.stl → Unsorted/
2026-08-21T06:48:11.242Z INFO  Moving: Commoner bodystl.stl → Humanoid/Human/
2026-08-21T06:48:11.257Z INFO  Moving: Commoner ready to fight presupported.stl → Humanoid/Human/
2026-08-21T06:48:11.273Z INFO  Moving: Commoner ready to fight.stl → Humanoid/Human/
2026-08-21T06:48:11.288Z INFO  Moving: Commoner.stl → Humanoid/Human/
2026-08-21T06:48:11.305Z INFO  Moving: Commoner2.stl → Humanoid/Human/
2026-08-21T06:48:11.321Z INFO  Moving: Pitchfork.stl → Fiend/Devil/
2026-08-21T06:48:11.334Z INFO  Moving: Crocodile presupported.stl → Beast/
2026-08-21T06:48:11.347Z INFO  Moving: Crocodile.stl → Beast/
2026-08-21T06:48:11.359Z INFO  Moving: Cult Fanatic Female.stl → Aberration/
2026-08-21T06:48:11.372Z INFO  Moving: Cult Fanatic Male presupported.stl → Aberration/
2026-08-21T06:48:11.385Z INFO  Moving: Cult Fanatic Male.stl → Aberration/
2026-08-21T06:48:11.399Z INFO  Moving: Cultist Female presupported.stl → Aberration/
2026-08-21T06:48:11.413Z INFO  Moving: Cultist Female.stl → Aberration/
2026-08-21T06:48:11.426Z INFO  Moving: Cultist Male Worhiping Face Dpwm.stl → Aberration/
2026-08-21T06:48:11.437Z INFO  Moving: Cultist Male presupported.stl → Aberration/
2026-08-21T06:48:11.449Z INFO  Moving: Cultist Male.stl → Aberration/
2026-08-21T06:48:11.465Z INFO  Moving: Deer presupported.stl → Unsorted/
2026-08-21T06:48:11.481Z INFO  Moving: Deer.stl → Unsorted/
2026-08-21T06:48:11.494Z INFO  Moving: Draft Horse presupported.stl → Beast/
2026-08-21T06:48:11.507Z INFO  Moving: Draft Horse.stl → Beast/
2026-08-21T06:48:11.521Z INFO  Moving: Ambush Drake presupported.stl → Dragon/
2026-08-21T06:48:11.535Z INFO  Moving: Ambush Drake.stl → Dragon/
2026-08-21T06:48:11.550Z INFO  Moving: Guard Drake presupported.stl → Dragon/
2026-08-21T06:48:11.566Z INFO  Moving: Guard Drake v2 presupported.stl → Dragon/
2026-08-21T06:48:11.581Z INFO  Moving: Guard Drake v2.stl → Dragon/
2026-08-21T06:48:11.596Z INFO  Moving: Guard Drake.stl → Dragon/
2026-08-21T06:48:11.613Z INFO  Moving: Druid Female presupported.stl → Humanoid/Human/
2026-08-21T06:48:11.630Z INFO  Moving: Druid Female.stl → Humanoid/Human/
2026-08-21T06:48:11.646Z INFO  Moving: Druid Male presupported.stl → Humanoid/Human/
2026-08-21T06:48:11.664Z INFO  Moving: Druid Male.stl → Humanoid/Human/
2026-08-21T06:48:11.678Z INFO  Moving: Earth Elemental Updated presupported.stl → Elemental/
2026-08-21T06:48:11.692Z INFO  Moving: Earth Elemental Updated.stl → Elemental/
2026-08-21T06:48:11.705Z INFO  Moving: Earth Elemental.stl → Elemental/
2026-08-21T06:48:11.718Z INFO  Moving: Earth_Elemental_Medium_Sized presupported.stl → ../Utility/Size Markers/
2026-08-21T06:48:11.732Z INFO  Moving: Earth_Elemental_Medium_Sized.stl → ../Utility/Size Markers/
2026-08-21T06:48:11.742Z INFO  Moving: Efreeti Sword presupported.stl → Aberration/
2026-08-21T06:48:11.753Z INFO  Moving: Efreeti Sword.stl → Aberration/
2026-08-21T06:48:11.763Z INFO  Moving: Efreeti Updated body only presupported.stl → Aberration/
2026-08-21T06:48:11.774Z INFO  Moving: Efreeti Updated body only.stl → Aberration/
2026-08-21T06:48:11.785Z INFO  Moving: Efreeti Updated presupported.stl → Aberration/
2026-08-21T06:48:11.795Z INFO  Moving: Efreeti Updated.stl → Aberration/
2026-08-21T06:48:11.806Z INFO  Moving: Fire Stand.stl → Elemental/
2026-08-21T06:48:11.819Z INFO  Moving: Elk Mount w mini slot.stl → Unsorted/
2026-08-21T06:48:11.831Z INFO  Moving: Elk Mount.stl → Unsorted/
2026-08-21T06:48:11.843Z INFO  Moving: Elk presupported.stl → Unsorted/
2026-08-21T06:48:11.855Z INFO  Moving: Elk.stl → Unsorted/
2026-08-21T06:48:11.868Z INFO  Moving: Ettercap Wizard presupported.stl → Humanoid/Human/
2026-08-21T06:48:11.880Z INFO  Moving: Ettercap Wizard.stl → Humanoid/Human/
2026-08-21T06:48:11.892Z INFO  Moving: Ettercap presupported.stl → Unsorted/
2026-08-21T06:48:11.905Z INFO  Moving: Ettercap.stl → Unsorted/
2026-08-21T06:48:11.915Z INFO  Moving: medium creature.stl → ../Utility/Size Markers/
2026-08-21T06:48:11.927Z INFO  Moving: Ettercap Updated for FDM.stl → Unsorted/
2026-08-21T06:48:11.939Z INFO  Moving: Ettercap Updated for resin presupported.stl → Unsorted/
2026-08-21T06:48:11.951Z INFO  Moving: Ettercap Updated for resin.stl → Unsorted/
2026-08-21T06:48:11.963Z INFO  Moving: Ettercap Updated presupported.stl → Unsorted/
2026-08-21T06:48:11.974Z INFO  Moving: Spider Man ... sorta.stl → Beast/
2026-08-21T06:48:11.985Z INFO  Moving: medium creature.stl → ../Utility/Size Markers/
2026-08-21T06:48:11.998Z INFO  Moving: Ettercap Wizard presupported.stl → Humanoid/Human/
2026-08-21T06:48:12.010Z INFO  Moving: Ettercap Wizard.stl → Humanoid/Human/
2026-08-21T06:48:12.022Z INFO  Moving: Ettercap presupported.stl → Unsorted/
2026-08-21T06:48:12.034Z INFO  Moving: Ettercap.stl → Unsorted/
2026-08-21T06:48:12.044Z INFO  Moving: medium creature.stl → ../Utility/Size Markers/
2026-08-21T06:48:12.056Z INFO  Moving: Ettin Updated Axe.stl → Aberration/
2026-08-21T06:48:12.067Z INFO  Moving: Ettin Updated Morningstar.stl → Aberration/
2026-08-21T06:48:12.077Z INFO  Moving: Ettin Updated body only.stl → Aberration/
2026-08-21T06:48:12.088Z INFO  Moving: Ettin Updated presupported.stl → Aberration/
2026-08-21T06:48:12.098Z INFO  Moving: Ettin Updated.stl → Aberration/
2026-08-21T06:48:12.109Z INFO  Moving: Large Creature Marker.stl → ../Utility/Size Markers/
2026-08-21T06:48:12.120Z INFO  Moving: Fire Elemental Updated presupported.stl → Elemental/
2026-08-21T06:48:12.132Z INFO  Moving: Fire Elemental Updated.stl → Elemental/
2026-08-21T06:48:12.144Z INFO  Moving: Fire Elemental.stl → Elemental/
2026-08-21T06:48:12.155Z INFO  Moving: Fire_Elemental_Medium_Sized.stl → ../Utility/Size Markers/
2026-08-21T06:48:12.167Z INFO  Moving: Gargoyle Flying presupported.stl → ../Utility/Size Markers/
2026-08-21T06:48:12.181Z INFO  Moving: Gargoyle Flying.stl → ../Utility/Size Markers/
2026-08-21T06:48:12.196Z INFO  Moving: Medium Sized Flying Creature Marker.stl → ../Utility/Size Markers/
2026-08-21T06:48:12.210Z INFO  Moving: Gargoyle Updated Presupported.stl → Elemental/
2026-08-21T06:48:12.223Z INFO  Moving: Gargoyle Updated Support Free.stl → Elemental/
2026-08-21T06:48:12.241Z INFO  Moving: Ghost Female Updated presupported.stl → Undead/
2026-08-21T06:48:12.259Z INFO  Moving: Ghost Female Updated.stl → Undead/
2026-08-21T06:48:12.275Z INFO  Moving: Ghost Male Updated presupported.stl → Undead/
2026-08-21T06:48:12.292Z INFO  Moving: Ghost Male Updated.stl → Undead/
2026-08-21T06:48:12.304Z INFO  Moving: Giant Centipede presupported.stl → Aberration/
2026-08-21T06:48:12.316Z INFO  Moving: Giant Centipede.stl → Aberration/
2026-08-21T06:48:12.332Z INFO  Moving: Giant Frog presupported.stl → Giant/Hill/
2026-08-21T06:48:12.347Z INFO  Moving: Giant Frog.stl → Giant/Hill/
2026-08-21T06:48:12.359Z INFO  Moving: Giant Lizard  Mount w mini slot presupported.stl → Beast/
2026-08-21T06:48:12.371Z INFO  Moving: Giant Lizard  Mount w mini slot.stl → Beast/
2026-08-21T06:48:12.385Z INFO  Moving: Giant Lizard Mount presupported.stl → Beast/
2026-08-21T06:48:12.397Z INFO  Moving: Giant Lizard Mount.stl → Beast/
2026-08-21T06:48:12.409Z INFO  Moving: Giant Lizard presupported.stl → Beast/
2026-08-21T06:48:12.421Z INFO  Moving: Giant Lizard.stl → Beast/
2026-08-21T06:48:12.432Z INFO  Moving: Giant Pack Lizard presupported.stl → Beast/
2026-08-21T06:48:12.445Z INFO  Moving: Giant Pack Lizard.stl → Beast/
2026-08-21T06:48:12.460Z INFO  Moving: Giant Octopus presupported.stl → Giant/Hill/
2026-08-21T06:48:12.475Z INFO  Moving: Giant Octopus.stl → Giant/Hill/
2026-08-21T06:48:12.488Z INFO  Moving: Giant Spider no stand presupported.stl → Beast/
2026-08-21T06:48:12.502Z INFO  Moving: Giant Spider no stand.stl → Beast/
2026-08-21T06:48:12.518Z INFO  Moving: Giant Spider presupported.stl → Beast/
2026-08-21T06:48:12.532Z INFO  Moving: Giant Spider.stl → Beast/
2026-08-21T06:48:12.545Z INFO  Moving: Large Creature Marker.stl → ../Utility/Size Markers/
2026-08-21T06:48:12.561Z INFO  Moving: Giant Toad presupported.stl → Giant/Hill/
2026-08-21T06:48:12.577Z INFO  Moving: Giant Toad.stl → Giant/Hill/
2026-08-21T06:48:12.592Z INFO  Moving: Gladiator Female presupported.stl → Unsorted/
2026-08-21T06:48:12.608Z INFO  Moving: Gladiator Female.stl → Unsorted/
2026-08-21T06:48:12.620Z INFO  Moving: Gladiator Male presupported.stl → Unsorted/
2026-08-21T06:48:12.632Z INFO  Moving: Gladiator Male.stl → Unsorted/
2026-08-21T06:48:12.644Z INFO  Moving: Goat presupported.stl → Unsorted/
2026-08-21T06:48:12.656Z INFO  Moving: Goat.stl → Unsorted/
2026-08-21T06:48:12.669Z INFO  Moving: Gorgon body.stl → Unsorted/
2026-08-21T06:48:12.681Z INFO  Moving: Gorgon head.stl → Unsorted/
2026-08-21T06:48:12.693Z INFO  Moving: Gorgon presupported.stl → Unsorted/
2026-08-21T06:48:12.705Z INFO  Moving: Gorgon tail.stl → Unsorted/
2026-08-21T06:48:12.717Z INFO  Moving: Gorgon1.stl → Unsorted/
2026-08-21T06:48:12.730Z INFO  Moving: Noble presupported.stl → Humanoid/Human/
2026-08-21T06:48:12.743Z INFO  Moving: Noble.stl → Humanoid/Human/
2026-08-21T06:48:12.756Z INFO  Moving: Gray Ooze presupported.stl → Ooze/
2026-08-21T06:48:12.770Z INFO  Moving: Gray Ooze.stl → Ooze/
2026-08-21T06:48:12.781Z INFO  Moving: Large Creature Flying Stand.stl → ../Utility/Size Markers/
2026-08-21T06:48:12.794Z INFO  Moving: Guard Female w spear presupported.stl → Humanoid/Human/
2026-08-21T06:48:12.807Z INFO  Moving: Guard Female w spear.stl → Humanoid/Human/
2026-08-21T06:48:12.819Z INFO  Moving: Guard Halfling Male w spear presupported.stl → Humanoid/Halfling/
2026-08-21T06:48:12.832Z INFO  Moving: Guard Halfling Male w spear.stl → Humanoid/Halfling/
2026-08-21T06:48:12.845Z INFO  Moving: Guard Male w spear presupported.stl → Humanoid/Human/
2026-08-21T06:48:12.860Z INFO  Moving: Guard Male w spear.stl → Humanoid/Human/
2026-08-21T06:48:12.874Z INFO  Moving: Guard spear Tiefling presupported.stl → Aberration/
2026-08-21T06:48:12.889Z INFO  Moving: Guard spear Tiefling.stl → Aberration/
2026-08-21T06:48:12.902Z INFO  Moving: Guard sword and shield presupported.stl → Construct/
2026-08-21T06:48:12.915Z INFO  Moving: Guard sword and shield.stl → Construct/
2026-08-21T06:48:12.929Z INFO  Moving: Half Blue Dragon presupported.stl → Dragon/Chromatic/
2026-08-21T06:48:12.943Z INFO  Moving: Half Blue Dragon.stl → Dragon/Chromatic/
2026-08-21T06:48:12.958Z INFO  Moving: Half Dragon Body.stl → Dragon/Chromatic/
2026-08-21T06:48:12.972Z INFO  Moving: Half Dragon Lord presupported.stl → Dragon/Chromatic/
2026-08-21T06:48:12.986Z INFO  Moving: Half Dragon Lord.stl → Dragon/Chromatic/
2026-08-21T06:48:13.000Z INFO  Moving: Half Dragon Tail.stl → Dragon/Chromatic/
2026-08-21T06:48:13.014Z INFO  Moving: Half Dragon for Shapeways.stl → Dragon/Chromatic/
2026-08-21T06:48:13.028Z INFO  Moving: Half Dragon presupported.stl → Dragon/Chromatic/
2026-08-21T06:48:13.040Z INFO  Moving: Half Dragoni wholestl.stl → Dragon/Chromatic/
2026-08-21T06:48:13.054Z INFO  Moving: Helmed Horror Body.stl → Unsorted/
2026-08-21T06:48:13.067Z INFO  Moving: Helmed Horror Shield Rear.stl → Construct/
2026-08-21T06:48:13.081Z INFO  Moving: Helmed Horror Shield.stl → Construct/
2026-08-21T06:48:13.095Z INFO  Moving: Helmed Horror Sword.stl → Unsorted/
2026-08-21T06:48:13.110Z INFO  Moving: Helmed Horror for Shapeways.stl → Unsorted/
2026-08-21T06:48:13.128Z INFO  Moving: Helmed Horror presupported.stl → Unsorted/
2026-08-21T06:48:13.145Z INFO  Moving: Helmed Horror.stl → Unsorted/
2026-08-21T06:48:13.161Z INFO  Moving: Helmed Horror Updated presupported.stl → Unsorted/
2026-08-21T06:48:13.176Z INFO  Moving: Helmed Horror Updated.stl → Unsorted/
2026-08-21T06:48:13.193Z INFO  Moving: Hill Giant Updated  Body.stl → Giant/Hill/
2026-08-21T06:48:13.207Z INFO  Moving: Hill Giant Updated  No Club.stl → Giant/Hill/
2026-08-21T06:48:13.223Z INFO  Moving: Hill Giant Updated  No Stand presupported.stl → Giant/Hill/
2026-08-21T06:48:13.241Z INFO  Moving: Hill Giant Updated  No Stand.stl → Giant/Hill/
2026-08-21T06:48:13.255Z INFO  Moving: Hill Giant Updated Club.stl → Giant/Hill/
2026-08-21T06:48:13.268Z INFO  Moving: Hill Giant Updated Whole.stl → Giant/Hill/
2026-08-21T06:48:13.279Z INFO  Moving: Huge Creature Stand.stl → ../Utility/Size Markers/
2026-08-21T06:48:13.291Z INFO  Moving: Hobgoblin Captain presupported.stl → Fey/
2026-08-21T06:48:13.303Z INFO  Moving: Hobgoblin Captain.stl → Fey/
2026-08-21T06:48:13.316Z INFO  Moving: Hobgoblin Updated presupported.stl → Fey/
2026-08-21T06:48:13.328Z INFO  Moving: Hobgoblin Updated.stl → Fey/
2026-08-21T06:48:13.339Z INFO  Moving: Dragonwing presupported.stl → Dragon/Chromatic/
2026-08-21T06:48:13.350Z INFO  Moving: Dragonwing.stl → Dragon/Chromatic/
2026-08-21T06:48:13.363Z INFO  Moving: Knight Female presupported.stl → Humanoid/Human/
2026-08-21T06:48:13.375Z INFO  Moving: Knight Female.stl → Humanoid/Human/
2026-08-21T06:48:13.388Z INFO  Moving: Knight Male presupported.stl → Humanoid/Human/
2026-08-21T06:48:13.400Z INFO  Moving: Knight Male.stl → Humanoid/Human/
2026-08-21T06:48:13.411Z INFO  Moving: Large Creature Marker.stl → ../Utility/Size Markers/
2026-08-21T06:48:13.423Z INFO  Moving: Mounted Kinght presupported.stl → Unsorted/
2026-08-21T06:48:13.436Z INFO  Moving: Mounted Knight body presupported.stl → Humanoid/Human/
2026-08-21T06:48:13.449Z INFO  Moving: Mounted Knight body.stl → Humanoid/Human/
2026-08-21T06:48:13.461Z INFO  Moving: Mounted Knight.stl → Humanoid/Human/
2026-08-21T06:48:13.472Z INFO  Moving: Warhorse Armored no stand presupported.stl → Beast/
2026-08-21T06:48:13.483Z INFO  Moving: Warhorse Armored no stand.stl → Beast/
2026-08-21T06:48:13.494Z INFO  Moving: Warhorse Armored presupported.stl → Beast/
2026-08-21T06:48:13.505Z INFO  Moving: Warhorse Armored.stl → Beast/
2026-08-21T06:48:13.519Z INFO  Moving: Warhorse no stand presupported.stl → Beast/
2026-08-21T06:48:13.533Z INFO  Moving: Warhorse no stand.stl → Beast/
2026-08-21T06:48:13.545Z INFO  Moving: Warhorse presupported.stl → Beast/
2026-08-21T06:48:13.560Z INFO  Moving: Warhorse.stl → Beast/
2026-08-21T06:48:13.577Z INFO  Moving: Winged Mounted Knight body presupported.stl → Humanoid/Human/
2026-08-21T06:48:13.592Z INFO  Moving: Winged Mounted Knight body.stl → Humanoid/Human/
2026-08-21T06:48:13.606Z INFO  Moving: Winged Mounted Knight presupported.stl → Humanoid/Human/
2026-08-21T06:48:13.621Z INFO  Moving: Winged Mounted Knight.stl → Humanoid/Human/
2026-08-21T06:48:13.634Z INFO  Moving: Jungle Kobold Blow Gun.stl → Dragon/
2026-08-21T06:48:13.648Z INFO  Moving: Jungle Kobold Body no stand.stl → Dragon/
2026-08-21T06:48:13.663Z INFO  Moving: Jungle Kobold Body only.stl → Dragon/
2026-08-21T06:48:13.678Z INFO  Moving: Jungle Kobold Sword.stl → Dragon/
2026-08-21T06:48:13.696Z INFO  Moving: Jungle Kobold presupported.stl → Dragon/
2026-08-21T06:48:13.714Z INFO  Moving: Jungle Kobold.stl → Dragon/
2026-08-21T06:48:13.728Z INFO  Moving: Kobold  Bodyl.stl → Dragon/
2026-08-21T06:48:13.740Z INFO  Moving: Kobold  New.stl → Dragon/
2026-08-21T06:48:13.752Z INFO  Moving: Kobold  Tail.stl → Dragon/
2026-08-21T06:48:13.764Z INFO  Moving: Kobold  knife.stl → Dragon/
2026-08-21T06:48:13.776Z INFO  Moving: Kobold Chief presupported.stl → Dragon/
2026-08-21T06:48:13.787Z INFO  Moving: Kobold Chief with Wings presupported.stl → Dragon/
2026-08-21T06:48:13.800Z INFO  Moving: Kobold Chief with Wings.stl → Dragon/
2026-08-21T06:48:13.811Z INFO  Moving: Kobold Chief.stl → Dragon/
2026-08-21T06:48:13.822Z INFO  Moving: Kobold Dragon Shield.stl → Construct/
2026-08-21T06:48:13.835Z INFO  Moving: Kobold Rogue.stl → Dragon/
2026-08-21T06:48:13.846Z INFO  Moving: Kobold UPDATED presupported.stl → Dragon/
2026-08-21T06:48:13.858Z INFO  Moving: Kobold UPDATED.stl → Dragon/
2026-08-21T06:48:13.870Z INFO  Moving: Kobold. with a sling.stl → Dragon/
2026-08-21T06:48:13.881Z INFO  Moving: Kobold.stl → Dragon/
2026-08-21T06:48:13.893Z INFO  Moving: Small Creature Stand.stl → ../Utility/Size Markers/
2026-08-21T06:48:13.906Z INFO  Moving: Winged Kobold. Body.stl → Dragon/
2026-08-21T06:48:13.921Z INFO  Moving: Winged Kobold. Wings.stl → Dragon/
2026-08-21T06:48:13.936Z INFO  Moving: Human Male Monk 3 presupported.stl → Humanoid/Human/
2026-08-21T06:48:13.952Z INFO  Moving: Human Male Monk 3.stl → Humanoid/Human/
2026-08-21T06:48:13.967Z INFO  Moving: Lizard King-Queen presupported.stl → Beast/
2026-08-21T06:48:13.980Z INFO  Moving: Lizard King-Queen.stl → Beast/
2026-08-21T06:48:13.997Z INFO  Moving: Lizardfolk Shaman presupported.stl → Beast/
2026-08-21T06:48:14.010Z INFO  Moving: Lizardfolk Shaman.stl → Beast/
2026-08-21T06:48:14.024Z INFO  Moving: Lizardfolk Updated presupported.stl → Beast/
2026-08-21T06:48:14.038Z INFO  Moving: Lizardfolk Updated.stl → Beast/
2026-08-21T06:48:14.052Z INFO  Moving: Lizardfolk spear and shield presupported.stl → Beast/
2026-08-21T06:48:14.065Z INFO  Moving: Lizardfolk spear and shield.stl → Beast/
2026-08-21T06:48:14.078Z INFO  Moving: Lizardfolk body.stl → Beast/
2026-08-21T06:48:14.091Z INFO  Moving: Lizardfolk club.stl → Beast/
2026-08-21T06:48:14.103Z INFO  Moving: Lizardfolk for Shapeways.stl → Beast/
2026-08-21T06:48:14.116Z INFO  Moving: Lizardfolk presupported.stl → Beast/
2026-08-21T06:48:14.128Z INFO  Moving: Lizardfolk shield.stl → Beast/
2026-08-21T06:48:14.141Z INFO  Moving: Lizardfolk tail.stl → Beast/
2026-08-21T06:48:14.157Z INFO  Moving: Lizardfolk.stl → Beast/
2026-08-21T06:48:14.171Z INFO  Moving: Mage Female presupported.stl → Humanoid/Human/
2026-08-21T06:48:14.191Z INFO  Moving: Mage Female.stl → Humanoid/Human/
2026-08-21T06:48:14.208Z INFO  Moving: Mage Male presupported.stl → Humanoid/Human/
2026-08-21T06:48:14.223Z INFO  Moving: Mage Male.stl → Humanoid/Human/
2026-08-21T06:48:14.242Z INFO  Moving: Merrow updated presupported.stl → Unsorted/
2026-08-21T06:48:14.260Z INFO  Moving: Merrow updated.stl → Unsorted/
2026-08-21T06:48:14.273Z INFO  Moving: Bahamut Updated no stand.stl → Dragon/Metallic/
2026-08-21T06:48:14.287Z INFO  Moving: Bahamut Updated.stl → Dragon/Metallic/
2026-08-21T06:48:14.302Z INFO  Moving: Bahamut body presupported.stl → Dragon/Metallic/
2026-08-21T06:48:14.318Z INFO  Moving: Bahamut body.stl → Dragon/Metallic/
2026-08-21T06:48:14.333Z INFO  Moving: Bahamut face presupported.stl → Dragon/Metallic/
2026-08-21T06:48:14.346Z INFO  Moving: Bahamut face.stl → Dragon/Metallic/
2026-08-21T06:48:14.358Z INFO  Moving: Bahamut left wing presupported.stl → Dragon/Metallic/
2026-08-21T06:48:14.369Z INFO  Moving: Bahamut left wing.stl → Dragon/Metallic/
2026-08-21T06:48:14.381Z INFO  Moving: Bahamut neck presupported.stl → Dragon/Metallic/
2026-08-21T06:48:14.392Z INFO  Moving: Bahamut neck.stl → Dragon/Metallic/
2026-08-21T06:48:14.405Z INFO  Moving: Bahamut right wing presupported.stl → Dragon/Metallic/
2026-08-21T06:48:14.417Z INFO  Moving: Bahamut right wing.stl → Dragon/Metallic/
2026-08-21T06:48:14.427Z INFO  Moving: Gargantual Creature marker.stl → ../Utility/Size Markers/
2026-08-21T06:48:14.440Z INFO  Moving: Canary Wings Down.stl → Unsorted/
2026-08-21T06:48:14.453Z INFO  Moving: Canary Wings Open.stl → Unsorted/
2026-08-21T06:48:14.466Z INFO  Moving: Old Man with the Canaries body only.stl → Unsorted/
2026-08-21T06:48:14.478Z INFO  Moving: Old Man with the Canaries.stl → Unsorted/
2026-08-21T06:48:14.489Z INFO  Moving: Adult Brass Dragon Updated Flying BODY presupported.stl → ../Utility/Size Markers/
2026-08-21T06:48:14.501Z INFO  Moving: Adult Brass Dragon Updated Flying BODY.stl → ../Utility/Size Markers/
2026-08-21T06:48:14.512Z INFO  Moving: Adult Brass Dragon Updated Flying HEAD presupported.stl → ../Utility/Size Markers/
2026-08-21T06:48:14.524Z INFO  Moving: Adult Brass Dragon Updated Flying HEAD.stl → ../Utility/Size Markers/
2026-08-21T06:48:14.536Z INFO  Moving: Adult Brass Dragon Updated Flying TAIL presupported.stl → ../Utility/Size Markers/
2026-08-21T06:48:14.547Z INFO  Moving: Adult Brass Dragon Updated Flying TAIL.stl → ../Utility/Size Markers/
2026-08-21T06:48:14.558Z INFO  Moving: huge_creature floating.stl → ../Utility/Size Markers/
2026-08-21T06:48:14.570Z INFO  Moving: Ancient Brass Dragon Updated Flying BODY presupported.stl → ../Utility/Size Markers/
2026-08-21T06:48:14.581Z INFO  Moving: Ancient Brass Dragon Updated Flying BODY.stl → ../Utility/Size Markers/
2026-08-21T06:48:14.592Z INFO  Moving: Ancient Brass Dragon Updated Flying HEAD presupported.stl → ../Utility/Size Markers/
2026-08-21T06:48:14.604Z INFO  Moving: Ancient Brass Dragon Updated Flying HEAD.stl → ../Utility/Size Markers/
2026-08-21T06:48:14.615Z INFO  Moving: Ancient Brass Dragon Updated Flying TAIL presupported.stl → ../Utility/Size Markers/
2026-08-21T06:48:14.627Z INFO  Moving: Ancient Brass Dragon Updated Flying TAIL.stl → ../Utility/Size Markers/
2026-08-21T06:48:14.640Z INFO  Moving: Ancient Brass Dragon Updated Flying.stl → ../Utility/Size Markers/
2026-08-21T06:48:14.654Z INFO  Moving: gargantuan__creature_floating.stl → ../Utility/Size Markers/
2026-08-21T06:48:14.671Z INFO  Moving: Brass Dragon Wyrmling Updated Flying presupported.stl → ../Utility/Size Markers/
2026-08-21T06:48:14.688Z INFO  Moving: Brass Dragon Wyrmling Updated Flying.stl → ../Utility/Size Markers/
2026-08-21T06:48:14.702Z INFO  Moving: medium creature Floating.stl → ../Utility/Size Markers/
2026-08-21T06:48:14.718Z INFO  Moving: Young Brass Dragon Updated Flying BODY presupported.stl → ../Utility/Size Markers/
2026-08-21T06:48:14.731Z INFO  Moving: Young Brass Dragon Updated Flying BODY.stl → ../Utility/Size Markers/
2026-08-21T06:48:14.745Z INFO  Moving: Young Brass Dragon Updated Flying HEAD presupported.stl → ../Utility/Size Markers/
2026-08-21T06:48:14.758Z INFO  Moving: Young Brass Dragon Updated Flying HEAD.stl → ../Utility/Size Markers/
2026-08-21T06:48:14.771Z INFO  Moving: Young Brass Dragon Updated Flying TAIL presupported.stl → ../Utility/Size Markers/
2026-08-21T06:48:14.785Z INFO  Moving: Young Brass Dragon Updated Flying TAIL.stl → ../Utility/Size Markers/
2026-08-21T06:48:14.797Z INFO  Moving: large_creature_Floating.stl → ../Utility/Size Markers/
2026-08-21T06:48:14.813Z INFO  Moving: Adult Brass Dragon Updated BODY presupported.stl → Dragon/Chromatic/
2026-08-21T06:48:14.828Z INFO  Moving: Adult Brass Dragon Updated BODY.stl → Dragon/Chromatic/
2026-08-21T06:48:14.844Z INFO  Moving: Adult Brass Dragon Updated HEAD presupported.stl → Dragon/Chromatic/
2026-08-21T06:48:14.860Z INFO  Moving: Adult Brass Dragon Updated HEAD.stl → Dragon/Chromatic/
2026-08-21T06:48:14.877Z INFO  Moving: Adult Brass Dragon Updated no stand.stl → Dragon/Chromatic/
2026-08-21T06:48:14.894Z INFO  Moving: Adult Brass Dragon Updated.stl → Dragon/Chromatic/
2026-08-21T06:48:14.907Z INFO  Moving: huge_creature.stl → ../Utility/Size Markers/
2026-08-21T06:48:14.920Z INFO  Moving: Ancient Brass Dragon Updated no stand presupported.stl → Dragon/Chromatic/
2026-08-21T06:48:14.932Z INFO  Moving: Ancient Brass Dragon Updated no stand.stl → Dragon/Chromatic/
2026-08-21T06:48:14.944Z INFO  Moving: Ancient Brass Dragon Updated.stl → Dragon/Chromatic/
2026-08-21T06:48:14.955Z INFO  Moving: gargantuan_creature.stl → ../Utility/Size Markers/
2026-08-21T06:48:14.967Z INFO  Moving: Brass Dragon Wyrmling presupported.stl → Dragon/Chromatic/
2026-08-21T06:48:14.978Z INFO  Moving: Brass Dragon Wyrmling.stl → Dragon/Chromatic/
2026-08-21T06:48:14.989Z INFO  Moving: Young Brass Dragon Updated no stand presupported.stl → Dragon/Chromatic/
2026-08-21T06:48:15.001Z INFO  Moving: Young Brass Dragon Updated no stand.stl → Dragon/Chromatic/
2026-08-21T06:48:15.012Z INFO  Moving: Young Brass Dragon Updated presupported.stl → Dragon/Chromatic/
2026-08-21T06:48:15.024Z INFO  Moving: Young Brass Dragon Updated.stl → Dragon/Chromatic/
2026-08-21T06:48:15.035Z INFO  Moving: large_creature.stl → ../Utility/Size Markers/
2026-08-21T06:48:15.045Z INFO  Moving: Adult Bronze Dragon Flying Updated HEAD presupported.stl → ../Utility/Size Markers/
2026-08-21T06:48:15.056Z INFO  Moving: Adult Bronze Dragon Flying Updated HEAD.stl → ../Utility/Size Markers/
2026-08-21T06:48:15.067Z INFO  Moving: Adult Bronze Dragon Flying Updated LEFT WING presupported.stl → ../Utility/Size Markers/
2026-08-21T06:48:15.078Z INFO  Moving: Adult Bronze Dragon Flying Updated LEFT WING.stl → ../Utility/Size Markers/
2026-08-21T06:48:15.089Z INFO  Moving: Adult Bronze Dragon Flying Updated LOWER BODY presupported.stl → ../Utility/Size Markers/
2026-08-21T06:48:15.100Z INFO  Moving: Adult Bronze Dragon Flying Updated LOWER BODY.stl → ../Utility/Size Markers/
2026-08-21T06:48:15.113Z INFO  Moving: Adult Bronze Dragon Flying Updated NECK presupported.stl → ../Utility/Size Markers/
2026-08-21T06:48:15.125Z INFO  Moving: Adult Bronze Dragon Flying Updated NECK.stl → ../Utility/Size Markers/
2026-08-21T06:48:15.137Z INFO  Moving: Adult Bronze Dragon Flying Updated RIGHT WING presupported.stl → ../Utility/Size Markers/
2026-08-21T06:48:15.150Z INFO  Moving: Adult Bronze Dragon Flying Updated RIGHT WING.stl → ../Utility/Size Markers/
2026-08-21T06:48:15.162Z INFO  Moving: Adult Bronze Dragon Flying Updated UPPER BODY presupported.stl → ../Utility/Size Markers/
2026-08-21T06:48:15.178Z INFO  Moving: Adult Bronze Dragon Flying Updated UPPER BODY.stl → ../Utility/Size Markers/
2026-08-21T06:48:15.195Z INFO  Moving: Adult Bronze Dragon Flying Updated.stl → ../Utility/Size Markers/
2026-08-21T06:48:15.208Z INFO  Moving: huge_creature floating.stl → ../Utility/Size Markers/
2026-08-21T06:48:15.221Z INFO  Moving: Ancient Bronze Dragon Flying Updated HEAD.stl → ../Utility/Size Markers/
2026-08-21T06:48:15.236Z INFO  Moving: Ancient Bronze Dragon Flying Updated LEFT WING.stl → ../Utility/Size Markers/
2026-08-21T06:48:15.250Z INFO  Moving: Ancient Bronze Dragon Flying Updated LOWER BODY.stl → ../Utility/Size Markers/
2026-08-21T06:48:15.264Z INFO  Moving: Ancient Bronze Dragon Flying Updated NECK.stl → ../Utility/Size Markers/
2026-08-21T06:48:15.279Z INFO  Moving: Ancient Bronze Dragon Flying Updated RIGHT WING.stl → ../Utility/Size Markers/
2026-08-21T06:48:15.293Z INFO  Moving: Ancient Bronze Dragon Flying Updated UPPER BODY.stl → ../Utility/Size Markers/
2026-08-21T06:48:15.308Z INFO  Moving: Ancient Bronze Dragon Flying Updated.stl → ../Utility/Size Markers/
2026-08-21T06:48:15.321Z INFO  Moving: gargantuan__creature_floating.stl → ../Utility/Size Markers/
2026-08-21T06:48:15.336Z INFO  Moving: Bronze Dragon Wyrmling Flying.stl → ../Utility/Size Markers/
2026-08-21T06:48:15.349Z INFO  Moving: medium creature Floating.stl → ../Utility/Size Markers/
2026-08-21T06:48:15.362Z INFO  Moving: Young Bronze Dragon Flying Updated HEAD presupported.stl → ../Utility/Size Markers/
2026-08-21T06:48:15.378Z INFO  Moving: Young Bronze Dragon Flying Updated HEAD.stl → ../Utility/Size Markers/
2026-08-21T06:48:15.392Z INFO  Moving: Young Bronze Dragon Flying Updated LEFT WING presupported.stl → ../Utility/Size Markers/
2026-08-21T06:48:15.409Z INFO  Moving: Young Bronze Dragon Flying Updated LEFT WING.stl → ../Utility/Size Markers/
2026-08-21T06:48:15.424Z INFO  Moving: Young Bronze Dragon Flying Updated LOWER BODY presupported.stl → ../Utility/Size Markers/
2026-08-21T06:48:15.438Z INFO  Moving: Young Bronze Dragon Flying Updated LOWER BODY.stl → ../Utility/Size Markers/
2026-08-21T06:48:15.454Z INFO  Moving: Young Bronze Dragon Flying Updated NECK presupported.stl → ../Utility/Size Markers/
2026-08-21T06:48:15.468Z INFO  Moving: Young Bronze Dragon Flying Updated NECK.stl → ../Utility/Size Markers/
2026-08-21T06:48:15.482Z INFO  Moving: Young Bronze Dragon Flying Updated RIGHT WING presupported.stl → ../Utility/Size Markers/
2026-08-21T06:48:15.494Z INFO  Moving: Young Bronze Dragon Flying Updated RIGHT WING.stl → ../Utility/Size Markers/
2026-08-21T06:48:15.506Z INFO  Moving: Young Bronze Dragon Flying Updated UPPER BODY presupported.stl → ../Utility/Size Markers/
2026-08-21T06:48:15.517Z INFO  Moving: Young Bronze Dragon Flying Updated UPPER BODY.stl → ../Utility/Size Markers/
2026-08-21T06:48:15.529Z INFO  Moving: Young Bronze Dragon Flying Updated.stl → ../Utility/Size Markers/
2026-08-21T06:48:15.540Z INFO  Moving: large_creature_Floating.stl → ../Utility/Size Markers/
2026-08-21T06:48:15.552Z INFO  Moving: Adult Bronze Dragon Updated Body presupported.stl → Dragon/Chromatic/
2026-08-21T06:48:15.563Z INFO  Moving: Adult Bronze Dragon Updated Body.stl → Dragon/Chromatic/
2026-08-21T06:48:15.575Z INFO  Moving: Adult Bronze Dragon Updated Head presupported.stl → Dragon/Chromatic/
2026-08-21T06:48:15.586Z INFO  Moving: Adult Bronze Dragon Updated Head.stl → Dragon/Chromatic/
2026-08-21T06:48:15.598Z INFO  Moving: Adult Bronze Dragon Updated Left Wing presupported.stl → Dragon/Chromatic/
2026-08-21T06:48:15.609Z INFO  Moving: Adult Bronze Dragon Updated Left Wing.stl → Dragon/Chromatic/
2026-08-21T06:48:15.621Z INFO  Moving: Adult Bronze Dragon Updated Right Wing presupported.stl → Dragon/Chromatic/
2026-08-21T06:48:15.633Z INFO  Moving: Adult Bronze Dragon Updated Right Wing.stl → Dragon/Chromatic/
2026-08-21T06:48:15.644Z INFO  Moving: Adult Bronze Dragon Updated no stand.stl → Dragon/Chromatic/
2026-08-21T06:48:15.656Z INFO  Moving: Adult Bronze Dragon Updated.stl → Dragon/Chromatic/
2026-08-21T06:48:15.667Z INFO  Moving: huge_creature.stl → ../Utility/Size Markers/
2026-08-21T06:48:15.678Z INFO  Moving: Ancient Bronze Dragon Updated Body.stl → Dragon/Chromatic/
2026-08-21T06:48:15.690Z INFO  Moving: Ancient Bronze Dragon Updated Head.stl → Dragon/Chromatic/
2026-08-21T06:48:15.701Z INFO  Moving: Ancient Bronze Dragon Updated Left Wing.stl → Dragon/Chromatic/
2026-08-21T06:48:15.713Z INFO  Moving: Ancient Bronze Dragon Updated Right Wing.stl → Dragon/Chromatic/
2026-08-21T06:48:15.724Z INFO  Moving: Ancient Bronze Dragon Updated no stand.stl → Dragon/Chromatic/
2026-08-21T06:48:15.736Z INFO  Moving: Ancient Bronze Dragon Updated.stl → Dragon/Chromatic/
2026-08-21T06:48:15.747Z INFO  Moving: gargantuan_creature.stl → ../Utility/Size Markers/
2026-08-21T06:48:15.760Z INFO  Moving: Bronze Dragon Wyrmling Updated presupported.stl → Dragon/Chromatic/
2026-08-21T06:48:15.771Z INFO  Moving: Bronze Dragon Wyrmling Updated.stl → Dragon/Chromatic/
2026-08-21T06:48:15.784Z INFO  Moving: Young Bronze Dragon Updated no stand presupported.stl → Dragon/Chromatic/
2026-08-21T06:48:15.798Z INFO  Moving: Young Bronze Dragon Updated no stand.stl → Dragon/Chromatic/
2026-08-21T06:48:15.812Z INFO  Moving: Young Bronze Dragon Updated presupported.stl → Dragon/Chromatic/
2026-08-21T06:48:15.827Z INFO  Moving: Young Bronze Dragon Updated.stl → Dragon/Chromatic/
2026-08-21T06:48:15.841Z INFO  Moving: large_creature.stl → ../Utility/Size Markers/
2026-08-21T06:48:15.855Z INFO  Moving: Adult Copper Dragon Updated Flying BODY presupported.stl → ../Utility/Size Markers/
2026-08-21T06:48:15.869Z INFO  Moving: Adult Copper Dragon Updated Flying BODY.stl → ../Utility/Size Markers/
2026-08-21T06:48:15.883Z INFO  Moving: Adult Copper Dragon Updated Flying HEAD presupported.stl → ../Utility/Size Markers/
2026-08-21T06:48:15.898Z INFO  Moving: Adult Copper Dragon Updated Flying HEAD.stl → ../Utility/Size Markers/
2026-08-21T06:48:15.911Z INFO  Moving: Adult Copper Dragon Updated Flying LEFT WING presupported.stl → ../Utility/Size Markers/
2026-08-21T06:48:15.928Z INFO  Moving: Adult Copper Dragon Updated Flying LEFT WING.stl → ../Utility/Size Markers/
2026-08-21T06:48:15.942Z INFO  Moving: Adult Copper Dragon Updated Flying RIGHT WING presupported.stl → ../Utility/Size Markers/
2026-08-21T06:48:15.956Z INFO  Moving: Adult Copper Dragon Updated Flying RIGHT WING.stl → ../Utility/Size Markers/
2026-08-21T06:48:15.969Z INFO  Moving: Adult Copper Dragon Updated Flying.stl → ../Utility/Size Markers/
2026-08-21T06:48:15.983Z INFO  Moving: huge_creature floating.stl → ../Utility/Size Markers/
2026-08-21T06:48:15.996Z INFO  Moving: Ancient Copper Dragon Updated Flying BODY.stl → ../Utility/Size Markers/
2026-08-21T06:48:16.009Z INFO  Moving: Ancient Copper Dragon Updated Flying HEAD.stl → ../Utility/Size Markers/
2026-08-21T06:48:16.020Z INFO  Moving: Ancient Copper Dragon Updated Flying LEFT WING.stl → ../Utility/Size Markers/
2026-08-21T06:48:16.032Z INFO  Moving: Ancient Copper Dragon Updated Flying RIGHT WING.stl → ../Utility/Size Markers/
2026-08-21T06:48:16.044Z INFO  Moving: Ancient Copper Dragon Updated Flying.stl → ../Utility/Size Markers/
2026-08-21T06:48:16.055Z INFO  Moving: gargantuan__creature_floating.stl → ../Utility/Size Markers/
2026-08-21T06:48:16.066Z INFO  Moving: Copper Dragon Wyrmling Updated Flying presupported.stl → ../Utility/Size Markers/
2026-08-21T06:48:16.078Z INFO  Moving: Copper Dragon Wyrmling Updated Flying.stl → ../Utility/Size Markers/
2026-08-21T06:48:16.088Z INFO  Moving: medium creature Floating.stl → ../Utility/Size Markers/
2026-08-21T06:48:16.100Z INFO  Moving: Young Copper Dragon Updated Flying BODY presupported.stl → ../Utility/Size Markers/
2026-08-21T06:48:16.111Z INFO  Moving: Young Copper Dragon Updated Flying BODY.stl → ../Utility/Size Markers/
2026-08-21T06:48:16.123Z INFO  Moving: Young Copper Dragon Updated Flying HEAD presupported.stl → ../Utility/Size Markers/
2026-08-21T06:48:16.134Z INFO  Moving: Young Copper Dragon Updated Flying HEAD.stl → ../Utility/Size Markers/
2026-08-21T06:48:16.146Z INFO  Moving: Young Copper Dragon Updated Flying LEFT WING presupported.stl → ../Utility/Size Markers/
2026-08-21T06:48:16.157Z INFO  Moving: Young Copper Dragon Updated Flying LEFT WING.stl → ../Utility/Size Markers/
2026-08-21T06:48:16.169Z INFO  Moving: Young Copper Dragon Updated Flying RIGHT WING presupported.stl → ../Utility/Size Markers/
2026-08-21T06:48:16.180Z INFO  Moving: Young Copper Dragon Updated Flying RIGHT WING.stl → ../Utility/Size Markers/
2026-08-21T06:48:16.194Z INFO  Moving: Young Copper Dragon Updated Flying.stl → ../Utility/Size Markers/
2026-08-21T06:48:16.208Z INFO  Moving: large_creature_Floating.stl → ../Utility/Size Markers/
2026-08-21T06:48:16.222Z INFO  Moving: Adult Copper Dragon Updated Body presupported.stl → Dragon/Chromatic/
2026-08-21T06:48:16.237Z INFO  Moving: Adult Copper Dragon Updated Body.stl → Dragon/Chromatic/
2026-08-21T06:48:16.252Z INFO  Moving: Adult Copper Dragon Updated Face presupported.stl → Dragon/Chromatic/
2026-08-21T06:48:16.265Z INFO  Moving: Adult Copper Dragon Updated Face.stl → Dragon/Chromatic/
2026-08-21T06:48:16.279Z INFO  Moving: Adult Copper Dragon Updated no stand.stl → Dragon/Chromatic/
2026-08-21T06:48:16.292Z INFO  Moving: Adult Copper Dragon Updated.stl → Dragon/Chromatic/
2026-08-21T06:48:16.304Z INFO  Moving: Huge Creature Marker.stl → ../Utility/Size Markers/
2026-08-21T06:48:16.316Z INFO  Moving: Ancient Copper Dragon Updated Body.stl → Dragon/Chromatic/
2026-08-21T06:48:16.329Z INFO  Moving: Ancient Copper Dragon Updated Left Wing.stl → Dragon/Chromatic/
2026-08-21T06:48:16.343Z INFO  Moving: Ancient Copper Dragon Updated Right Wing.stl → Dragon/Chromatic/
2026-08-21T06:48:16.357Z INFO  Moving: Ancient Copper Dragon Updated no stand.stl → Dragon/Chromatic/
2026-08-21T06:48:16.371Z INFO  Moving: Ancient Copper Dragon Updated.stl → Dragon/Chromatic/
2026-08-21T06:48:16.384Z INFO  Moving: gargantuan creature marker.stl → ../Utility/Size Markers/
2026-08-21T06:48:16.398Z INFO  Moving: Copper Dragon Wyrmling Update presupported.stl → Dragon/Chromatic/
2026-08-21T06:48:16.412Z INFO  Moving: Copper Dragon Wyrmling Update.stl → Dragon/Chromatic/
2026-08-21T06:48:16.426Z INFO  Moving: Young Copper Dragon Updated no stand presupported.stl → Dragon/Chromatic/
2026-08-21T06:48:16.439Z INFO  Moving: Young Copper Dragon Updated no stand.stl → Dragon/Chromatic/
2026-08-21T06:48:16.453Z INFO  Moving: Young Copper Dragon Updated presupported.stl → Dragon/Chromatic/
2026-08-21T06:48:16.468Z INFO  Moving: Young Copper Dragon Updated.stl → Dragon/Chromatic/
2026-08-21T06:48:16.480Z INFO  Moving: large creature marker.stl → ../Utility/Size Markers/
2026-08-21T06:48:16.494Z INFO  Moving: Adult Gold Dragon Updated Flying Head presupported.stl → ../Utility/Size Markers/
2026-08-21T06:48:16.508Z INFO  Moving: Adult Gold Dragon Updated Flying Head.stl → ../Utility/Size Markers/
2026-08-21T06:48:16.521Z INFO  Moving: Adult Gold Dragon Updated Flying Lower Body presupported.stl → ../Utility/Size Markers/
2026-08-21T06:48:16.535Z INFO  Moving: Adult Gold Dragon Updated Flying Lower Body.stl → ../Utility/Size Markers/
2026-08-21T06:48:16.551Z INFO  Moving: Adult Gold Dragon Updated Flying Neck presupported.stl → ../Utility/Size Markers/
2026-08-21T06:48:16.565Z INFO  Moving: Adult Gold Dragon Updated Flying Neck.stl → ../Utility/Size Markers/
2026-08-21T06:48:16.579Z INFO  Moving: Adult Gold Dragon Updated Flying Upper Body presupported.stl → ../Utility/Size Markers/
2026-08-21T06:48:16.593Z INFO  Moving: Adult Gold Dragon Updated Flying Upper Body.stl → ../Utility/Size Markers/
2026-08-21T06:48:16.608Z INFO  Moving: Adult Gold Dragon Updated Flying.stl → ../Utility/Size Markers/
2026-08-21T06:48:16.623Z INFO  Moving: huge_creature floating.stl → ../Utility/Size Markers/
2026-08-21T06:48:16.640Z INFO  Moving: Ancient Gold Dragon Updated Flying Head.stl → ../Utility/Size Markers/
2026-08-21T06:48:16.657Z INFO  Moving: Ancient Gold Dragon Updated Flying.stl → ../Utility/Size Markers/
2026-08-21T06:48:16.670Z INFO  Moving: gargantuan__creature_floating.stl → ../Utility/Size Markers/
2026-08-21T06:48:16.683Z INFO  Moving: Gold Dragon Wyrmling Updated Flying presupported.stl → ../Utility/Size Markers/
2026-08-21T06:48:16.694Z INFO  Moving: Gold Dragon Wyrmling Updated Flying.stl → ../Utility/Size Markers/
2026-08-21T06:48:16.705Z INFO  Moving: medium creature Floating.stl → ../Utility/Size Markers/
2026-08-21T06:48:16.717Z INFO  Moving: Young Gold Dragon Updated Flying Head presupported.stl → ../Utility/Size Markers/
2026-08-21T06:48:16.728Z INFO  Moving: Young Gold Dragon Updated Flying Head.stl → ../Utility/Size Markers/
2026-08-21T06:48:16.740Z INFO  Moving: Young Gold Dragon Updated Flying Lower Body presupported.stl → ../Utility/Size Markers/
2026-08-21T06:48:16.752Z INFO  Moving: Young Gold Dragon Updated Flying Lower Body.stl → ../Utility/Size Markers/
2026-08-21T06:48:16.763Z INFO  Moving: Young Gold Dragon Updated Flying Neck presupported.stl → ../Utility/Size Markers/
2026-08-21T06:48:16.775Z INFO  Moving: Young Gold Dragon Updated Flying Neck.stl → ../Utility/Size Markers/
2026-08-21T06:48:16.787Z INFO  Moving: Young Gold Dragon Updated Flying Upper Body presupported.stl → ../Utility/Size Markers/
2026-08-21T06:48:16.798Z INFO  Moving: Young Gold Dragon Updated Flying Upper Body.stl → ../Utility/Size Markers/
2026-08-21T06:48:16.810Z INFO  Moving: Young Gold Dragon Updated Flying presupported.stl → ../Utility/Size Markers/
2026-08-21T06:48:16.822Z INFO  Moving: Young Gold Dragon Updated Flying.stl → ../Utility/Size Markers/
2026-08-21T06:48:16.833Z INFO  Moving: large_creature_Floating.stl → ../Utility/Size Markers/
2026-08-21T06:48:16.845Z INFO  Moving: Adult Gold Dragon Updated body no head presupported.stl → Dragon/Chromatic/
2026-08-21T06:48:16.857Z INFO  Moving: Adult Gold Dragon Updated body no head.stl → Dragon/Chromatic/
2026-08-21T06:48:16.868Z INFO  Moving: Adult Gold Dragon Updated head presupported.stl → Dragon/Chromatic/
2026-08-21T06:48:16.880Z INFO  Moving: Adult Gold Dragon Updated head.stl → Dragon/Chromatic/
2026-08-21T06:48:16.891Z INFO  Moving: Adult Gold Dragon Updated no stand presupported.stl → Dragon/Chromatic/
2026-08-21T06:48:16.903Z INFO  Moving: Adult Gold Dragon Updated no stand.stl → Dragon/Chromatic/
2026-08-21T06:48:16.914Z INFO  Moving: Adult Gold Dragon Updated.stl → Dragon/Chromatic/
2026-08-21T06:48:16.925Z INFO  Moving: Huge Creature Marker.stl → ../Utility/Size Markers/
2026-08-21T06:48:16.937Z INFO  Moving: Ancient Gold Dragon Updated no stand.stl → Dragon/Chromatic/
2026-08-21T06:48:16.949Z INFO  Moving: Ancient Gold Dragon Updated.stl → Dragon/Chromatic/
2026-08-21T06:48:16.960Z INFO  Moving: Gargantuan Creature Marker.stl → ../Utility/Size Markers/
2026-08-21T06:48:16.971Z INFO  Moving: Gold Dragon Wyrmling Update.stl → Dragon/Chromatic/
2026-08-21T06:48:16.982Z INFO  Moving: Gold Dragon Wyrmling Updated presupported.stl → Dragon/Chromatic/
2026-08-21T06:48:16.995Z INFO  Moving: Large Creature Marker.stl → ../Utility/Size Markers/
2026-08-21T06:48:17.009Z INFO  Moving: Young Gold Dragon Updated body no head presupported.stl → Dragon/Chromatic/
2026-08-21T06:48:17.022Z INFO  Moving: Young Gold Dragon Updated body no head.stl → Dragon/Chromatic/
2026-08-21T06:48:17.035Z INFO  Moving: Young Gold Dragon Updated head presupported.stl → Dragon/Chromatic/
2026-08-21T06:48:17.049Z INFO  Moving: Young Gold Dragon Updated head.stl → Dragon/Chromatic/
2026-08-21T06:48:17.063Z INFO  Moving: Young Gold Dragon Updated no stand presupported.stl → Dragon/Chromatic/
2026-08-21T06:48:17.075Z INFO  Moving: Young Gold Dragon Updated no stand.stl → Dragon/Chromatic/
2026-08-21T06:48:17.089Z INFO  Moving: Young Gold Dragon Updated presupported.stl → Dragon/Chromatic/
2026-08-21T06:48:17.103Z INFO  Moving: Young Gold Dragon Updated.stl → Dragon/Chromatic/
2026-08-21T06:48:17.116Z INFO  Moving: Adult Silver Dragon Updated Flying BODY presupported.stl → ../Utility/Size Markers/
2026-08-21T06:48:17.129Z INFO  Moving: Adult Silver Dragon Updated Flying BODY.stl → ../Utility/Size Markers/
2026-08-21T06:48:17.143Z INFO  Moving: Adult Silver Dragon Updated Flying HEAD presupported.stl → ../Utility/Size Markers/
2026-08-21T06:48:17.155Z INFO  Moving: Adult Silver Dragon Updated Flying HEAD.stl → ../Utility/Size Markers/
2026-08-21T06:48:17.168Z INFO  Moving: Adult Silver Dragon Updated Flying LEFT WING presupported.stl → ../Utility/Size Markers/
2026-08-21T06:48:17.181Z INFO  Moving: Adult Silver Dragon Updated Flying LEFT WING.stl → ../Utility/Size Markers/
2026-08-21T06:48:17.193Z INFO  Moving: Adult Silver Dragon Updated Flying NECK presupported.stl → ../Utility/Size Markers/
2026-08-21T06:48:17.206Z INFO  Moving: Adult Silver Dragon Updated Flying NECK.stl → ../Utility/Size Markers/
2026-08-21T06:48:17.218Z INFO  Moving: Adult Silver Dragon Updated Flying RIGHT WING presupported.stl → ../Utility/Size Markers/
2026-08-21T06:48:17.231Z INFO  Moving: Adult Silver Dragon Updated Flying RIGHT WING.stl → ../Utility/Size Markers/
2026-08-21T06:48:17.245Z INFO  Moving: Adult Silver Dragon Updated Flying TAIL presupported.stl → ../Utility/Size Markers/
2026-08-21T06:48:17.259Z INFO  Moving: Adult Silver Dragon Updated Flying TAIL.stl → ../Utility/Size Markers/
2026-08-21T06:48:17.271Z INFO  Moving: Adult Silver Dragon Updated Flying.stl → ../Utility/Size Markers/
2026-08-21T06:48:17.283Z INFO  Moving: huge_creature floating.stl → ../Utility/Size Markers/
2026-08-21T06:48:17.296Z INFO  Moving: Ancient Silver Dragon Updated Flying BODY.stl → ../Utility/Size Markers/
2026-08-21T06:48:17.309Z INFO  Moving: Ancient Silver Dragon Updated Flying HEAD.stl → ../Utility/Size Markers/
2026-08-21T06:48:17.321Z INFO  Moving: Ancient Silver Dragon Updated Flying LEFT WING.stl → ../Utility/Size Markers/
2026-08-21T06:48:17.338Z INFO  Moving: Ancient Silver Dragon Updated Flying NECK.stl → ../Utility/Size Markers/
2026-08-21T06:48:17.354Z INFO  Moving: Ancient Silver Dragon Updated Flying RIGHT WING.stl → ../Utility/Size Markers/
2026-08-21T06:48:17.369Z INFO  Moving: Ancient Silver Dragon Updated Flying TAIL.stl → ../Utility/Size Markers/
2026-08-21T06:48:17.383Z INFO  Moving: Ancient Silver Dragon Updated Flying.stl → ../Utility/Size Markers/
2026-08-21T06:48:17.396Z INFO  Moving: gargantuan__creature_floating.stl → ../Utility/Size Markers/
2026-08-21T06:48:17.407Z INFO  Moving: Medium Creature Flying Marker.stl → ../Utility/Size Markers/
2026-08-21T06:48:17.418Z INFO  Moving: Silver Dragon Wyrmling UPdated Flying presupported.stl → ../Utility/Size Markers/
2026-08-21T06:48:17.430Z INFO  Moving: Silver Dragon Wyrmling UPdated Flying.stl → ../Utility/Size Markers/
2026-08-21T06:48:17.441Z INFO  Moving: Young Silver Dragon Updated Flying BODY presupported.stl → ../Utility/Size Markers/
2026-08-21T06:48:17.453Z INFO  Moving: Young Silver Dragon Updated Flying BODY.stl → ../Utility/Size Markers/
2026-08-21T06:48:17.465Z INFO  Moving: Young Silver Dragon Updated Flying HEAD presupported.stl → ../Utility/Size Markers/
2026-08-21T06:48:17.477Z INFO  Moving: Young Silver Dragon Updated Flying HEAD.stl → ../Utility/Size Markers/
2026-08-21T06:48:17.489Z INFO  Moving: Young Silver Dragon Updated Flying LEFT WING presupported.stl → ../Utility/Size Markers/
2026-08-21T06:48:17.500Z INFO  Moving: Young Silver Dragon Updated Flying LEFT WING.stl → ../Utility/Size Markers/
2026-08-21T06:48:17.512Z INFO  Moving: Young Silver Dragon Updated Flying NECK presupported.stl → ../Utility/Size Markers/
2026-08-21T06:48:17.524Z INFO  Moving: Young Silver Dragon Updated Flying NECK.stl → ../Utility/Size Markers/
2026-08-21T06:48:17.536Z INFO  Moving: Young Silver Dragon Updated Flying RIGHT WING presupported.stl → ../Utility/Size Markers/
2026-08-21T06:48:17.548Z INFO  Moving: Young Silver Dragon Updated Flying RIGHT WING.stl → ../Utility/Size Markers/
2026-08-21T06:48:17.559Z INFO  Moving: Young Silver Dragon Updated Flying TAIL presupported.stl → ../Utility/Size Markers/
2026-08-21T06:48:17.571Z INFO  Moving: Young Silver Dragon Updated Flying TAIL.stl → ../Utility/Size Markers/
2026-08-21T06:48:17.583Z INFO  Moving: Young Silver Dragon Updated Flying presupported.stl → ../Utility/Size Markers/
2026-08-21T06:48:17.595Z INFO  Moving: Young Silver Dragon Updated Flying.stl → ../Utility/Size Markers/
2026-08-21T06:48:17.609Z INFO  Moving: large_creature_Floating.stl → ../Utility/Size Markers/
2026-08-21T06:48:17.623Z INFO  Moving: Adult Silver Dragon Updated BODY presupported.stl → Dragon/Chromatic/
2026-08-21T06:48:17.637Z INFO  Moving: Adult Silver Dragon Updated BODY.stl → Dragon/Chromatic/
2026-08-21T06:48:17.650Z INFO  Moving: Adult Silver Dragon Updated HEAD presupported.stl → Dragon/Chromatic/
2026-08-21T06:48:17.663Z INFO  Moving: Adult Silver Dragon Updated HEAD.stl → Dragon/Chromatic/
2026-08-21T06:48:17.678Z INFO  Moving: Adult Silver Dragon Updated LEFT WING presupported.stl → Dragon/Chromatic/
2026-08-21T06:48:17.692Z INFO  Moving: Adult Silver Dragon Updated LEFT WING.stl → Dragon/Chromatic/
2026-08-21T06:48:17.706Z INFO  Moving: Adult Silver Dragon Updated RIGHT WING presupported.stl → Dragon/Chromatic/
2026-08-21T06:48:17.719Z INFO  Moving: Adult Silver Dragon Updated RIGHT WING.stl → Dragon/Chromatic/
2026-08-21T06:48:17.733Z INFO  Moving: Adult Silver Dragon Updated no stand.stl → Dragon/Chromatic/
2026-08-21T06:48:17.746Z INFO  Moving: Adult Silver Dragon Updated.stl → Dragon/Chromatic/
2026-08-21T06:48:17.760Z INFO  Moving: Huge Creature Marker.stl → ../Utility/Size Markers/
2026-08-21T06:48:17.775Z INFO  Moving: Ancient Silver Dragon Updated BODY.stl → Dragon/Chromatic/
2026-08-21T06:48:17.791Z INFO  Moving: Ancient Silver Dragon Updated HEAD.stl → Dragon/Chromatic/
2026-08-21T06:48:17.808Z INFO  Moving: Ancient Silver Dragon Updated LEFT WING.stl → Dragon/Chromatic/
2026-08-21T06:48:17.821Z INFO  Moving: Ancient Silver Dragon Updated NECK.stl → Dragon/Chromatic/
2026-08-21T06:48:17.837Z INFO  Moving: Ancient Silver Dragon Updated RIGHT WING.stl → Dragon/Chromatic/
2026-08-21T06:48:17.852Z INFO  Moving: Ancient Silver Dragon Updated no stand.stl → Dragon/Chromatic/
2026-08-21T06:48:17.867Z INFO  Moving: Ancient Silver Dragon Updated.stl → Dragon/Chromatic/
2026-08-21T06:48:17.881Z INFO  Moving: Gargantuan Creature Marker.stl → ../Utility/Size Markers/
2026-08-21T06:48:17.894Z INFO  Moving: Silver Dragon Wyrmling presupported.stl → Dragon/Chromatic/
2026-08-21T06:48:17.907Z INFO  Moving: Silver Dragon Wyrmling.stl → Dragon/Chromatic/
2026-08-21T06:48:17.919Z INFO  Moving: Large Creature Marker.stl → ../Utility/Size Markers/
2026-08-21T06:48:17.933Z INFO  Moving: Young Silver Dragon Updated no stand presupported.stl → Dragon/Chromatic/
2026-08-21T06:48:17.949Z INFO  Moving: Young Silver Dragon Updated no stand.stl → Dragon/Chromatic/
2026-08-21T06:48:17.963Z INFO  Moving: Young Silver Dragon Updated presupported.stl → Dragon/Chromatic/
2026-08-21T06:48:17.978Z INFO  Moving: Young Silver Dragon Updated.stl → Dragon/Chromatic/
2026-08-21T06:48:17.995Z INFO  Moving: Mummy Lord 2 presupported.stl → Undead/
2026-08-21T06:48:18.012Z INFO  Moving: Mummy Lord 2.stl → Undead/
2026-08-21T06:48:18.029Z INFO  Moving: Mummy Lord presupported.stl → Undead/
2026-08-21T06:48:18.046Z INFO  Moving: Mummy Lord.stl → Undead/
2026-08-21T06:48:18.061Z INFO  Moving: Mummy presupported.stl → Undead/
2026-08-21T06:48:18.077Z INFO  Moving: Mummy with supports.stl → Undead/
2026-08-21T06:48:18.093Z INFO  Moving: Mummy.stl → Undead/
2026-08-21T06:48:18.107Z INFO  Moving: Mummy Updated presupported.stl → Undead/
2026-08-21T06:48:18.124Z INFO  Moving: Mummy Updated.stl → Undead/
2026-08-21T06:48:18.137Z INFO  Moving: Elf Male Warlock presupported.stl → Humanoid/Elf/
2026-08-21T06:48:18.150Z INFO  Moving: Elf Male Warlock.stl → Humanoid/Elf/
2026-08-21T06:48:18.164Z INFO  Moving: Noble presupported.stl → Humanoid/Human/
2026-08-21T06:48:18.180Z INFO  Moving: Noble.stl → Humanoid/Human/
2026-08-21T06:48:18.196Z INFO  Moving: Noblewoman presupported.stl → Humanoid/Human/
2026-08-21T06:48:18.211Z INFO  Moving: Noblewoman.stl → Humanoid/Human/
2026-08-21T06:48:18.226Z INFO  Moving: Ogre Updated 2 presupported.stl → Giant/
2026-08-21T06:48:18.240Z INFO  Moving: Ogre Updated 2.stl → Giant/
2026-08-21T06:48:18.255Z INFO  Moving: Ogre Updated body and stand.stl → Giant/
2026-08-21T06:48:18.269Z INFO  Moving: Ogre Updated body.stl → Giant/
2026-08-21T06:48:18.284Z INFO  Moving: Ogre Updated club.stl → Giant/
2026-08-21T06:48:18.298Z INFO  Moving: Ogre Updated no stand.stl → Giant/
2026-08-21T06:48:18.314Z INFO  Moving: Ogre Updated presupported.stl → Giant/
2026-08-21T06:48:18.329Z INFO  Moving: Ogre Updated.stl → Giant/
2026-08-21T06:48:18.342Z INFO  Moving: Orc Axe Beak Rider SPEAR.stl → Humanoid/Orc/
2026-08-21T06:48:18.359Z INFO  Moving: Orc Axe Beak Rider base model NO SPEAR.stl → Humanoid/Orc/
2026-08-21T06:48:18.373Z INFO  Moving: Orc Axe Beak Rider presupported.stl → Humanoid/Orc/
2026-08-21T06:48:18.387Z INFO  Moving: Orc Axe Beak Rider.stl → Humanoid/Orc/
2026-08-21T06:48:18.401Z INFO  Moving: Orc Eye of Gruumish presupported.stl → Construct/
2026-08-21T06:48:18.414Z INFO  Moving: Orc Eye of Gruumish.stl → Construct/
2026-08-21T06:48:18.428Z INFO  Moving: Orc Eye of Gruumsh presupported.stl → Construct/
2026-08-21T06:48:18.443Z INFO  Moving: Orc Eye of Gruumsh.stl → Construct/
2026-08-21T06:48:18.460Z INFO  Moving: Orc War Chief presupported.stl → Humanoid/Orc/
2026-08-21T06:48:18.475Z INFO  Moving: Orc War Chief.stl → Humanoid/Orc/
2026-08-21T06:48:18.490Z INFO  Moving: Orc Female Warrior presupported.stl → Humanoid/Human/
2026-08-21T06:48:18.507Z INFO  Moving: Orc Female Warrior.stl → Humanoid/Human/
2026-08-21T06:48:18.521Z INFO  Moving: Orc Male Warrior presupported.stl → Humanoid/Human/
2026-08-21T06:48:18.536Z INFO  Moving: Orc Male Warrior.stl → Humanoid/Human/
2026-08-21T06:48:18.546Z INFO  Moving: Otyugh.stl → Aberration/
2026-08-21T06:48:18.557Z INFO  Moving: Otyugh_Eye Tent.stl → Aberration/
2026-08-21T06:48:18.567Z INFO  Moving: Otyugh_Left Tent.stl → Aberration/
2026-08-21T06:48:18.578Z INFO  Moving: Otyugh_Right Tent.stl → Aberration/
2026-08-21T06:48:18.589Z INFO  Moving: Otyugh_Upper Jaw.stl → Aberration/
2026-08-21T06:48:18.602Z INFO  Moving: Peryton Body.stl → Monstrosity/
2026-08-21T06:48:18.615Z INFO  Moving: Peryton Head.stl → Monstrosity/
2026-08-21T06:48:18.629Z INFO  Moving: Peryton for Shapeways.stl → Monstrosity/
2026-08-21T06:48:18.642Z INFO  Moving: Peryton Updated presupported.stl → Monstrosity/
2026-08-21T06:48:18.655Z INFO  Moving: Peryton Updated shapewayz.stl → Monstrosity/
2026-08-21T06:48:18.668Z INFO  Moving: Peryton Updated.stl → Monstrosity/
2026-08-21T06:48:18.679Z INFO  Moving: medium creature flying.stl → ../Utility/Size Markers/
2026-08-21T06:48:18.691Z INFO  Moving: Pig presupported.stl → Unsorted/
2026-08-21T06:48:18.702Z INFO  Moving: Pig.stl → Unsorted/
2026-08-21T06:48:18.712Z INFO  Moving: Polar Bear presupported.stl → Beast/
2026-08-21T06:48:18.723Z INFO  Moving: Polar Bear.stl → Beast/
2026-08-21T06:48:18.735Z INFO  Moving: Illusionist - Thayan.stl → Unsorted/
2026-08-21T06:48:18.748Z INFO  Moving: Roper Updated Hiding presupported.stl → Monstrosity/
2026-08-21T06:48:18.761Z INFO  Moving: Roper Updated Hiding.stl → Monstrosity/
2026-08-21T06:48:18.774Z INFO  Moving: Roper Updated hollowed and presupported.stl → Monstrosity/
2026-08-21T06:48:18.787Z INFO  Moving: Roper Updated.stl → Monstrosity/
2026-08-21T06:48:18.798Z INFO  Moving: Large Creature Marker.stl → ../Utility/Size Markers/
2026-08-21T06:48:18.809Z INFO  Moving: Rug of Smothering no base.stl → Construct/
2026-08-21T06:48:18.821Z INFO  Moving: Rug of Smothering presupported.stl → Construct/
2026-08-21T06:48:18.833Z INFO  Moving: Rug of Smothering.stl → Construct/
2026-08-21T06:48:18.844Z INFO  Moving: Scout Female presupported.stl → Unsorted/
2026-08-21T06:48:18.856Z INFO  Moving: Scout Female.stl → Unsorted/
2026-08-21T06:48:18.868Z INFO  Moving: Scout Male presupported.stl → Unsorted/
2026-08-21T06:48:18.880Z INFO  Moving: Scout Male.stl → Unsorted/
2026-08-21T06:48:18.893Z INFO  Moving: Shambling Mound.stl → Plant/
2026-08-21T06:48:18.904Z INFO  Moving: Medium Sized Creature Marker.stl → ../Utility/Size Markers/
2026-08-21T06:48:18.917Z INFO  Moving: Specter bottom.stl → Undead/
2026-08-21T06:48:18.931Z INFO  Moving: Specter presupported.stl → Undead/
2026-08-21T06:48:18.945Z INFO  Moving: Specter top.stl → Undead/
2026-08-21T06:48:18.959Z INFO  Moving: Specter.stl → Undead/
2026-08-21T06:48:18.972Z INFO  Moving: Specter Updated presupported.stl → Undead/
2026-08-21T06:48:18.986Z INFO  Moving: Specter Updated.stl → Undead/
2026-08-21T06:48:18.997Z INFO  Moving: Stirge for Shapeways.stl → Aberration/
2026-08-21T06:48:19.007Z INFO  Moving: Stirge presupported.stl → Aberration/
2026-08-21T06:48:19.018Z INFO  Moving: Stirge.stl → Aberration/
2026-08-21T06:48:19.031Z INFO  Moving: small creature flying.stl → ../Utility/Size Markers/
2026-08-21T06:48:19.041Z INFO  Moving: Huge Creature Marker.stl → ../Utility/Size Markers/
2026-08-21T06:48:19.054Z INFO  Moving: Stone Giant Updated Club.stl → Construct/
2026-08-21T06:48:19.068Z INFO  Moving: Stone Giant Updated body only.stl → Construct/
2026-08-21T06:48:19.080Z INFO  Moving: Stone Giant Updated no base presupported.stl → Construct/
2026-08-21T06:48:19.096Z INFO  Moving: Stone Giant Updated no base.stl → Construct/
2026-08-21T06:48:19.110Z INFO  Moving: Stone Giant Updated.stl → Construct/
2026-08-21T06:48:19.125Z INFO  Moving: Stone Giant body and base.stl → Construct/
2026-08-21T06:48:19.139Z INFO  Moving: Stone Golem.stl → Construct/
2026-08-21T06:48:19.152Z INFO  Moving: Stone_Golem presupported.stl → Construct/
2026-08-21T06:48:19.170Z INFO  Moving: Incubus Updated presupported.stl → Unsorted/
2026-08-21T06:48:19.187Z INFO  Moving: Incubus Updated.stl → Unsorted/
2026-08-21T06:48:19.204Z INFO  Moving: Incubus presupported.stl → Unsorted/
2026-08-21T06:48:19.221Z INFO  Moving: Incubus.stl → Unsorted/
2026-08-21T06:48:19.238Z INFO  Moving: Succubus 2.stl → Fiend/Demon/
2026-08-21T06:48:19.253Z INFO  Moving: Succubus presupported.stl → Fiend/Demon/
2026-08-21T06:48:19.266Z INFO  Moving: Succubus.stl → Fiend/Demon/
2026-08-21T06:48:19.282Z INFO  Moving: Succubus 2 presupported.stl → Fiend/Demon/
2026-08-21T06:48:19.297Z INFO  Moving: Succubus 2.stl → Fiend/Demon/
2026-08-21T06:48:19.311Z INFO  Moving: Succubus Updated presupported.stl → Fiend/Demon/
2026-08-21T06:48:19.326Z INFO  Moving: Succubus Updated.stl → Fiend/Demon/
2026-08-21T06:48:19.338Z INFO  Moving: Swarm of Poisonous Snakes.stl → Beast/
2026-08-21T06:48:19.353Z INFO  Moving: Swarm of Rats.stl → Beast/
2026-08-21T06:48:19.368Z INFO  Moving: Swarm of Ravens presupported.stl → Beast/
2026-08-21T06:48:19.383Z INFO  Moving: Swarm of Ravens.stl → Beast/
2026-08-21T06:48:19.396Z INFO  Moving: Thug Female presupported.stl → Unsorted/
2026-08-21T06:48:19.410Z INFO  Moving: Thug Female.stl → Unsorted/
2026-08-21T06:48:19.425Z INFO  Moving: Thug Male presupported.stl → Unsorted/
2026-08-21T06:48:19.442Z INFO  Moving: Thug Male.stl → Unsorted/
2026-08-21T06:48:19.457Z INFO  Moving: Tribal Warrior Female presupported.stl → Humanoid/Human/
2026-08-21T06:48:19.472Z INFO  Moving: Tribal Warrior Female.stl → Humanoid/Human/
2026-08-21T06:48:19.486Z INFO  Moving: Tribal Warrior Male presupported.stl → Humanoid/Human/
2026-08-21T06:48:19.500Z INFO  Moving: Tribal Warrior Male.stl → Humanoid/Human/
2026-08-21T06:48:19.512Z INFO  Moving: Troglodyte Updated presupported.stl → Unsorted/
2026-08-21T06:48:19.524Z INFO  Moving: Troglodyte Updated.stl → Unsorted/
2026-08-21T06:48:19.534Z INFO  Moving: Large Creature.stl → ../Utility/Size Markers/
2026-08-21T06:48:19.547Z INFO  Moving: Troll Updated no stand presupported.stl → Giant/
2026-08-21T06:48:19.559Z INFO  Moving: Troll Updated no stand.stl → Giant/
2026-08-21T06:48:19.571Z INFO  Moving: Troll Updated presupported.stl → Giant/
2026-08-21T06:48:19.584Z INFO  Moving: Troll Updated.stl → Giant/
2026-08-21T06:48:19.596Z INFO  Moving: Cyclops Body.stl → Giant/
2026-08-21T06:48:19.609Z INFO  Moving: Cyclops Club.stl → Giant/
2026-08-21T06:48:19.621Z INFO  Moving: Cyclops Updated.stl → Giant/
2026-08-21T06:48:19.631Z INFO  Moving: Huge Creature Marker.stl → ../Utility/Size Markers/
2026-08-21T06:48:19.645Z INFO  Moving: Vampire Spawn Female presupported.stl → Undead/
2026-08-21T06:48:19.659Z INFO  Moving: Vampire Spawn Female.stl → Undead/
2026-08-21T06:48:19.673Z INFO  Moving: Vampire Spawn Male presupported.stl → Undead/
2026-08-21T06:48:19.687Z INFO  Moving: Vampire Spawn Male.stl → Undead/
2026-08-21T06:48:19.700Z INFO  Moving: Vampire Spawn - Noblewoman presupported.stl → Humanoid/Human/
2026-08-21T06:48:19.712Z INFO  Moving: Vampire Spawn - Noblewoman.stl → Humanoid/Human/
2026-08-21T06:48:19.726Z INFO  Moving: Vampire Updated presupported.stl → Undead/
2026-08-21T06:48:19.739Z INFO  Moving: Vampire Updated.stl → Undead/
2026-08-21T06:48:19.751Z INFO  Moving: Veteran Female presupported.stl → Unsorted/
2026-08-21T06:48:19.763Z INFO  Moving: Veteran Female.stl → Unsorted/
2026-08-21T06:48:19.775Z INFO  Moving: Veteran Male presupported.stl → Unsorted/
2026-08-21T06:48:19.787Z INFO  Moving: Veteran Male.stl → Unsorted/
2026-08-21T06:48:19.802Z INFO  Moving: Violet Fungus presupported.stl → Unsorted/
2026-08-21T06:48:19.816Z INFO  Moving: Violet Fungus.stl → Unsorted/
2026-08-21T06:48:19.829Z INFO  Moving: Vulture Flying presupported.stl → ../Utility/Size Markers/
2026-08-21T06:48:19.843Z INFO  Moving: Vulture Flying.stl → ../Utility/Size Markers/
2026-08-21T06:48:19.856Z INFO  Moving: Vulture presupported.stl → Unsorted/
2026-08-21T06:48:19.871Z INFO  Moving: Vulture.stl → Unsorted/
2026-08-21T06:48:19.885Z INFO  Moving: medium creature flying marker.stl → ../Utility/Size Markers/
2026-08-21T06:48:19.898Z INFO  Moving: Large Creature Marker.stl → ../Utility/Size Markers/
2026-08-21T06:48:19.912Z INFO  Moving: Warhorse Armored no stand presupported.stl → Beast/
2026-08-21T06:48:19.924Z INFO  Moving: Warhorse Armored no stand.stl → Beast/
2026-08-21T06:48:19.939Z INFO  Moving: Warhorse Armored presupported.stl → Beast/
2026-08-21T06:48:19.951Z INFO  Moving: Warhorse Armored.stl → Beast/
2026-08-21T06:48:19.965Z INFO  Moving: Warhorse no stand presupported.stl → Beast/
2026-08-21T06:48:19.977Z INFO  Moving: Warhorse no stand.stl → Beast/
2026-08-21T06:48:19.989Z INFO  Moving: Warhorse presupported.stl → Beast/
2026-08-21T06:48:20.002Z INFO  Moving: Warhorse w mini slot presupported.stl → Beast/
2026-08-21T06:48:20.017Z INFO  Moving: Warhorse w mini slot.stl → Beast/
2026-08-21T06:48:20.030Z INFO  Moving: Warhorse.stl → Beast/
2026-08-21T06:48:20.043Z INFO  Moving: Water Elemental Updated presuported.stl → Elemental/
2026-08-21T06:48:20.056Z INFO  Moving: Water Elemental Updated.stl → Elemental/
2026-08-21T06:48:20.070Z INFO  Moving: Water Elemental.stl → Elemental/
2026-08-21T06:48:20.083Z INFO  Moving: Water_Elemental_Medium_Sized.stl → ../Utility/Size Markers/
2026-08-21T06:48:20.096Z INFO  Moving: Water Weird Left Tenticle.stl → Aberration/
2026-08-21T06:48:20.109Z INFO  Moving: Water Weird Right Tenticle.stl → Aberration/
2026-08-21T06:48:20.123Z INFO  Moving: Water Weird body.stl → Elemental/
2026-08-21T06:48:20.137Z INFO  Moving: Water Weird for Shapeways.stl → Elemental/
2026-08-21T06:48:20.151Z INFO  Moving: Water Weird head.stl → Elemental/
2026-08-21T06:48:20.166Z INFO  Moving: Water Weird presupported.stl → Elemental/
2026-08-21T06:48:20.182Z INFO  Moving: Water Weird.stl → Elemental/
2026-08-21T06:48:20.194Z INFO  Moving: Human Wizard with beard and staff presupported.stl → Beast/
2026-08-21T06:48:20.208Z INFO  Moving: Human Wizard with beard and staff.stl → Beast/
2026-08-21T06:48:20.225Z INFO  Moving: Wight presupported.stl → Undead/
2026-08-21T06:48:20.241Z INFO  Moving: Wight.stl → Undead/
2026-08-21T06:48:20.259Z INFO  Moving: Wight Updated presupported.stl → Undead/
2026-08-21T06:48:20.275Z INFO  Moving: Wight Updated.stl → Undead/
2026-08-21T06:48:20.289Z INFO  Moving: Will O Wisp presupported.stl → Unsorted/
2026-08-21T06:48:20.303Z INFO  Moving: Will O Wisp.stl → Unsorted/
2026-08-21T06:48:20.316Z INFO  Moving: Wolf Updated presupported.stl → Beast/
2026-08-21T06:48:20.328Z INFO  Moving: Wolf Updated.stl → Beast/
2026-08-21T06:48:20.345Z INFO  Moving: Wraith presupported.stl → Undead/
2026-08-21T06:48:20.359Z INFO  Moving: Wraith.stl → Undead/
2026-08-21T06:48:20.372Z INFO  Moving: Wraith Updated presupported.stl → Undead/
2026-08-21T06:48:20.385Z INFO  Moving: Wraith Updated.stl → Undead/
2026-08-21T06:48:20.396Z INFO  Moving: Large Creature Flying Stand.stl → ../Utility/Size Markers/
2026-08-21T06:48:20.407Z INFO  Moving: Wyvern Head.stl → Dragon/
2026-08-21T06:48:20.418Z INFO  Moving: Wyvern LEGS.stl → Dragon/
2026-08-21T06:48:20.429Z INFO  Moving: Wyvern Left Wing.stl → Dragon/
2026-08-21T06:48:20.442Z INFO  Moving: Wyvern Right Wing.stl → Dragon/
2026-08-21T06:48:20.453Z INFO  Moving: Wyvern Tail.stl → Dragon/
2026-08-21T06:48:20.464Z INFO  Moving: Wyvern Torso.stl → Dragon/
2026-08-21T06:48:20.475Z INFO  Moving: Wyvern foot.stl → Dragon/
2026-08-21T06:48:20.486Z INFO  Moving: Wyvern for Shapeways.stl → Dragon/
2026-08-21T06:48:20.498Z INFO  Moving: Wyvern on the ground presupported.stl → Dragon/
2026-08-21T06:48:20.509Z INFO  Moving: Wyvern on the ground.stl → Dragon/
2026-08-21T06:48:20.520Z INFO  Moving: Wyvern presupported.stl → Dragon/
2026-08-21T06:48:20.532Z INFO  Moving: Wyvern.stl → Dragon/
2026-08-21T06:48:20.542Z INFO  Moving: Large Creature Flying Marker.stl → ../Utility/Size Markers/
2026-08-21T06:48:20.554Z INFO  Moving: Wyvern Updated Flying SHAPWAYZ.stl → ../Utility/Size Markers/
2026-08-21T06:48:20.565Z INFO  Moving: Wyvern Updated Flying presupported.stl → ../Utility/Size Markers/
2026-08-21T06:48:20.576Z INFO  Moving: Wyvern Updated Flying.stl → ../Utility/Size Markers/
2026-08-21T06:48:20.588Z INFO  Moving: Wyvern Updated Standing presupported.stl → Dragon/
2026-08-21T06:48:20.599Z INFO  Moving: Wyvern Updated Standing.stl → Dragon/
2026-08-21T06:48:20.610Z INFO  Moving: Yuan Ti Abomination Updated presupported.stl → Aberration/
2026-08-21T06:48:20.621Z INFO  Moving: Yuan Ti Abomination Updated.stl → Aberration/
2026-08-21T06:48:20.632Z INFO  Moving: Yuan Ti Malison Type 1 Female presupported.stl → Aberration/
2026-08-21T06:48:20.643Z INFO  Moving: Yuan Ti Malison Type 1 Female.stl → Aberration/
2026-08-21T06:48:20.654Z INFO  Moving: Yuan Ti Malison Type 1 Male presupported.stl → Aberration/
2026-08-21T06:48:20.664Z INFO  Moving: Yuan Ti Malison Type 1 Male.stl → Aberration/
2026-08-21T06:48:20.675Z INFO  Moving: Yuan Ti Malison Female Type 2 presupported.stl → Aberration/
2026-08-21T06:48:20.686Z INFO  Moving: Yuan Ti Malison Female Type 2.stl → Aberration/
2026-08-21T06:48:20.699Z INFO  Moving: Yuan Ti Malison Male Type 2 presupported.stl → Aberration/
2026-08-21T06:48:20.713Z INFO  Moving: Yuan Ti Malison Male Type 2.stl → Aberration/
2026-08-21T06:48:20.727Z INFO  Moving: Yuan Ti Malison Female Type 3 prseupported.stl → Aberration/
2026-08-21T06:48:20.739Z INFO  Moving: Yuan Ti Malison Female Type 3.stl → Aberration/
2026-08-21T06:48:20.751Z INFO  Moving: Yuan Ti Malison Male Type 3 presupported.stl → Aberration/
2026-08-21T06:48:20.762Z INFO  Moving: Yuan Ti Malison Male Type 3.stl → Aberration/
2026-08-21T06:48:20.775Z INFO  Moving: Yuan-Ti Pureblood Female presupported.stl → Aberration/
2026-08-21T06:48:20.789Z INFO  Moving: Yuan-Ti Pureblood Female.stl → Aberration/
2026-08-21T06:48:20.801Z INFO  Moving: Yuan-Ti Pureblood Male presupported.stl → Aberration/
2026-08-21T06:48:20.813Z INFO  Moving: Yuan-Ti Pureblood Male.stl → Aberration/
2026-08-21T06:48:20.826Z INFO  Moving: Huge Creature Marker.stl → ../Utility/Size Markers/
2026-08-21T06:48:20.839Z INFO  Moving: Brain in Jar bottom presuppported.stl → Unsorted/
2026-08-21T06:48:20.853Z INFO  Moving: Brain in Jar bottom.stl → Unsorted/
2026-08-21T06:48:20.868Z INFO  Moving: Brain in Jar top presupported.stl → Unsorted/
2026-08-21T06:48:20.884Z INFO  Moving: Brain in Jar top.stl → Unsorted/
2026-08-21T06:48:20.899Z INFO  Moving: Brain in a Jar for Shapeways.stl → Unsorted/
2026-08-21T06:48:20.913Z INFO  Moving: Brain in a Jar presupported.stl → Unsorted/
2026-08-21T06:48:20.925Z INFO  Moving: Brain in a Jar.stl → Unsorted/
2026-08-21T06:48:20.939Z INFO  Moving: Brain presupported.stl → Unsorted/
2026-08-21T06:48:20.953Z INFO  Moving: Brain.stl → Unsorted/
2026-08-21T06:48:20.965Z INFO  Moving: small creature flying.stl → ../Utility/Size Markers/
2026-08-21T06:48:20.981Z INFO  Moving: Dullahan presupported.stl → Undead/
2026-08-21T06:48:20.997Z INFO  Moving: Dullahan.stl → Undead/
2026-08-21T06:48:21.010Z INFO  Moving: Large Creature Flying Marker.stl → ../Utility/Size Markers/
2026-08-21T06:48:21.021Z INFO  Moving: medium sized creature flying marker.stl → ../Utility/Size Markers/
2026-08-21T06:48:21.032Z INFO  Moving: Huge Creature Marker.stl → ../Utility/Size Markers/
2026-08-21T06:48:21.043Z INFO  Moving: Medium Sized Flying Creature Marker.stl → ../Utility/Size Markers/
2026-08-21T06:48:21.054Z INFO  Moving: Wereraven Flying Ranged presupported.stl → ../Utility/Size Markers/
2026-08-21T06:48:21.065Z INFO  Moving: Wereraven Flying Ranged.stl → ../Utility/Size Markers/
2026-08-21T06:48:21.076Z INFO  Moving: gargantuan creature size marker.stl → ../Utility/Size Markers/
2026-08-21T06:48:21.087Z INFO  Moving: Huge Creature Size Marker.stl → ../Utility/Size Markers/
2026-08-21T06:48:21.099Z INFO  Moving: Vecna presupported.stl → Unsorted/
2026-08-21T06:48:21.111Z INFO  Moving: Vecna.stl → Unsorted/
2026-08-21T06:48:21.123Z INFO  Moving: Jarlaxle.stl → Unsorted/
2026-08-21T06:48:21.134Z INFO  Moving: Large Creature Floating Marker.stl → ../Utility/Size Markers/
2026-08-21T06:48:21.144Z INFO  Moving: Gargantuan Creature Marker.stl → ../Utility/Size Markers/
2026-08-21T06:48:21.155Z INFO  Moving: Gargantuan Creature Marker.stl → ../Utility/Size Markers/
2026-08-21T06:48:21.167Z INFO  Moving: Shockstomper Leg print seven of these presupported.stl → Construct/
2026-08-21T06:48:21.178Z INFO  Moving: Shockstomper Leg print seven of these.stl → Construct/
2026-08-21T06:48:21.190Z INFO  Moving: Shockstomper main hull presupported for large resin printer.stl → Unsorted/
2026-08-21T06:48:21.202Z INFO  Moving: Shockstomper main hull.stl → Unsorted/
2026-08-21T06:48:21.215Z INFO  Moving: Shockstomper turret print three of these presupported.stl → Construct/
2026-08-21T06:48:21.227Z INFO  Moving: Shockstomper turret print three of these.stl → Construct/
2026-08-21T06:48:21.239Z INFO  Moving: Shockstomper.stl → Unsorted/
2026-08-21T06:48:21.250Z INFO  Moving: Small Creature Flying Size Marker.stl → ../Utility/Size Markers/
2026-08-21T06:48:21.261Z INFO  Moving: Large Creature Flying Size Marker.stl → ../Utility/Size Markers/
2026-08-21T06:48:21.272Z INFO  Moving: Huge Creature Marker.stl → ../Utility/Size Markers/
2026-08-21T06:48:21.276Z INFO  ======================================================================
2026-08-21T06:48:21.280Z INFO  Sorting complete!
2026-08-21T06:48:21.283Z INFO  Total files sorted into categories: 3219
2026-08-21T06:48:21.287Z INFO  Total files in Unsorted: 622
2026-08-21T06:48:21.290Z INFO  Grand Total: 3841 files
2026-08-21T06:48:21.294Z INFO  Category Breakdown:
2026-08-21T06:48:21.298Z INFO  Celestial                             15 files
2026-08-21T06:48:21.301Z INFO  Aberration                           178 files
2026-08-21T06:48:21.304Z INFO  Humanoid/Triton                        0 files
2026-08-21T06:48:21.308Z INFO  Humanoid/Human                       235 files
2026-08-21T06:48:21.311Z INFO  Dragon/Gem                             0 files
2026-08-21T06:48:21.314Z INFO  Giant                                 26 files
2026-08-21T06:48:21.317Z INFO  Dragon/Metallic                       16 files
2026-08-21T06:48:21.321Z INFO  Fiend/Devil                           18 files
2026-08-21T06:48:21.324Z INFO  Ooze                                  12 files
2026-08-21T06:48:21.327Z INFO  Humanoid/Tortle                        0 files
2026-08-21T06:48:21.330Z INFO  Monstrosity                          131 files
2026-08-21T06:48:21.333Z INFO  Fiend/Demon                          108 files
2026-08-21T06:48:21.336Z INFO  Fiend/Yugoloth                         4 files
2026-08-21T06:48:21.340Z INFO  Plant                                 56 files
2026-08-21T06:48:21.343Z INFO  Elemental                             76 files
2026-08-21T06:48:21.347Z INFO  Reference_Docs                        10 files
2026-08-21T06:48:21.350Z INFO  Shapechanger                           0 files
2026-08-21T06:48:21.354Z INFO  Humanoid/Sahuagin                      0 files
2026-08-21T06:48:21.357Z INFO  Beast                                321 files
2026-08-21T06:48:21.360Z INFO  Giant/Cloud                            0 files
2026-08-21T06:48:21.364Z INFO  Dragon/Chromatic                     364 files
2026-08-21T06:48:21.367Z INFO  Humanoid/Tabaxi                        0 files
2026-08-21T06:48:21.370Z INFO  Humanoid/Yuan-ti                       0 files
2026-08-21T06:48:21.373Z INFO  Humanoid/Thri-kreen                    0 files
2026-08-21T06:48:21.377Z INFO  Humanoid/Aasimar                       0 files
2026-08-21T06:48:21.380Z INFO  Giant/Fire                             0 files
2026-08-21T06:48:21.383Z INFO  Humanoid/Dwarf                        17 files
2026-08-21T06:48:21.387Z INFO  Undead                                78 files
2026-08-21T06:48:21.390Z INFO  Giant/Storm                            0 files
2026-08-21T06:48:21.393Z INFO  Giant/Frost                            0 files
2026-08-21T06:48:21.396Z INFO  Humanoid/Elf                          31 files
2026-08-21T06:48:21.400Z INFO  ../Utility/Size Markers             1230 files
2026-08-21T06:48:21.403Z INFO  Construct                             91 files
2026-08-21T06:48:21.406Z INFO  Giant/Stone                            0 files
2026-08-21T06:48:21.409Z INFO  Fey                                   36 files
2026-08-21T06:48:21.412Z INFO  Humanoid/Halfling                      6 files
2026-08-21T06:48:21.416Z INFO  Swarm                                  0 files
2026-08-21T06:48:21.419Z INFO  Humanoid/Orc                          25 files
2026-08-21T06:48:21.422Z INFO  Humanoid/Dragonborn                    0 files
2026-08-21T06:48:21.426Z INFO  Humanoid/Gnome                         0 files
2026-08-21T06:48:21.429Z INFO  Titan                                  0 files
2026-08-21T06:48:21.432Z INFO  Humanoid/Lycanthrope                   0 files
2026-08-21T06:48:21.435Z INFO  Fiend                                  2 files
2026-08-21T06:48:21.439Z INFO  Dragon                                65 files
2026-08-21T06:48:21.442Z INFO  Giant/Hill                            68 files
2026-08-21T06:48:21.445Z INFO  Results saved to: /mnt/user/nas/3D Models/MZ4250 3D Miniature Models Aug 2026/Sorted_Monsters
